paciente_id|cnh_cd|h_med_cd|h_fechadispensacion_dt
assentator|ager|laboriosam|2022-11-08 02:49:48
cui|vulticulus|versus|2018-09-21 13:46:21
cultura|succedo|tabgo|2022-12-05 17:23:50
inventore|acervus|pectus|2021-06-10 17:33:56
vitiosus|bardus|talis|2025-09-28 23:04:17
corrumpo|curia|antea|2021-03-23 07:45:13
avarus|torrens|cernuus|2018-01-17 05:18:44
tribuo|audeo|comitatus|2023-08-11 13:42:57
quia|comedo|illum|2025-03-06 22:21:32
iste|sed|aut|2025-08-29 15:37:11
denego|dicta|cupiditas|2020-02-24 09:11:31
dolorem|vilis|tam|2025-10-01 14:57:44
aro|timor|certus|2020-03-19 20:51:04
a|quis|sol|2022-10-04 17:04:57
vindico|charisma|delectatio|2018-04-26 20:46:58
summisse|acidus|tabgo|2025-08-17 04:59:34
aer|vix|turpis|2024-09-02 03:12:00
communis|cado|tergeo|2022-12-16 21:55:46
defleo|crinis|annus|2017-10-16 03:03:51
audentia|creber|tempore|2026-04-07 12:38:18
contigo|confero|ratione|2022-01-14 06:26:27
defungo|aggero|adsum|2021-04-22 11:47:51
crudelis|tot|aperiam|2018-07-29 05:16:33
velit|certe|una|2025-03-18 14:26:03
cena|apto|cribro|2021-03-09 16:03:12
aedificium|tempus|maxime|2023-05-13 11:38:18
alii|vix|inventore|2026-01-24 07:42:35
error|defero|capitulus|2025-09-14 13:18:58
voveo|apud|sufficio|2023-12-16 16:41:56
illum|adsum|vere|2021-03-03 21:05:51
animus|barba|vergo|2025-04-16 08:00:05
vulnero|color|tenus|2024-09-27 09:46:02
desipio|sublime|patrocinor|2025-07-25 21:37:31
utrimque|vigor|vel|2018-11-09 03:18:16
vado|libero|termes|2021-05-11 09:52:54
valde|alter|decens|2018-09-17 03:32:11
conor|thorax|aegrotatio|2018-10-05 23:30:33
candidus|vicinus|ara|2017-03-18 15:27:00
dolor|depopulo|corpus|2019-09-05 09:39:49
vilis|accusamus|conventus|2024-07-04 01:43:11
volubilis|constans|abbas|2026-09-01 23:44:25
turba|virga|synagoga|2025-08-15 07:16:20
crudelis|audax|sopor|2019-10-27 05:16:03
verumtamen|conservo|videlicet|2018-08-13 15:08:22
ultra|vigilo|abscido|2017-10-12 09:54:15
dolore|utroque|statim|2020-02-18 15:21:28
sollicito|quaerat|corrigo|2016-12-22 04:54:30
verto|defetiscor|cultura|2022-01-17 22:50:51
brevis|textilis|tot|2019-06-11 11:02:08
crustulum|ultio|excepturi|2021-04-13 02:15:03
coerceo|advoco|totus|2026-01-05 06:34:59
depraedor|tubineus|repellendus|2025-04-24 17:14:55
nobis|adicio|coadunatio|2016-12-27 13:21:02
deputo|velut|claro|2022-06-03 09:53:35
catena|neque|aegrus|2025-04-25 02:16:22
civitas|vomer|valde|2021-03-07 01:38:22
turbo|defero|cras|2018-04-28 10:56:38
cura|decor|strenuus|2026-02-08 02:32:29
tempore|doloremque|demoror|2024-11-20 23:48:53
cibo|taceo|repudiandae|2022-06-19 01:09:27
vapulus|vulariter|adamo|2018-05-19 07:04:15
dolores|ad|abstergo|2022-10-17 16:33:53
astrum|amet|cursus|2020-10-03 14:57:02
vindico|stipes|subnecto|2020-12-02 03:13:32
aptus|tergo|corrumpo|2025-09-07 05:45:38
sumptus|eum|conitor|2022-09-27 22:49:09
pecto|inventore|vinum|2019-02-06 14:58:30
absconditus|decens|cognomen|2020-02-22 15:42:18
aut|vinum|damno|2021-12-26 18:49:03
ceno|culpa|minima|2019-09-06 05:49:37
depulso|conatus|volup|2021-01-14 08:06:01
depopulo|nostrum|tribuo|2023-10-05 07:58:56
laboriosam|ait|tui|2026-06-23 13:43:55
cervus|defungo|usque|2021-12-21 01:34:35
aranea|usitas|subiungo|2023-02-24 08:01:23
somniculosus|titulus|arcus|2022-03-28 20:05:55
facere|soluta|articulus|2022-12-23 02:37:03
sperno|cupressus|suscipio|2023-07-04 01:01:24
inventore|tener|cunae|2018-10-15 23:13:04
bonus|demum|appositus|2022-06-27 00:48:47
depono|error|animi|2020-02-27 07:09:54
carpo|arma|thermae|2025-05-02 07:26:55
cariosus|adiuvo|ustilo|2020-07-05 18:27:57
angelus|aranea|corona|2025-06-07 05:12:23
vetus|voluptatibus|tres|2024-01-22 20:34:31
comis|impedit|nihil|2024-02-03 04:23:34
coruscus|turpis|beneficium|2019-07-17 16:04:43
clam|adimpleo|asperiores|2025-06-05 17:49:22
debitis|succedo|annus|2021-11-28 06:35:58
colligo|arbor|coruscus|2023-08-09 18:38:09
verbera|thema|tametsi|2026-04-29 12:27:50
vestrum|vacuus|vacuus|2023-06-06 01:49:56
celo|vilitas|earum|2026-05-19 13:36:26
videlicet|capitulus|aduro|2021-12-02 01:15:58
strues|earum|ad|2017-01-21 15:10:59
arto|deporto|cogo|2021-11-04 16:02:12
dedecor|caritas|strues|2021-09-05 09:16:04
tripudio|ascit|vigilo|2022-12-08 11:38:32
cibo|animadverto|amiculum|2026-03-21 12:18:08
vulariter|defluo|calco|2020-12-14 05:56:32
esse|subito|suadeo|2019-08-23 01:52:53
vergo|derideo|cauda|2020-02-16 10:43:20
allatus|abundans|nostrum|2020-11-24 01:30:41
ut|ustulo|suus|2024-09-28 12:11:22
cedo|illo|considero|2022-09-05 15:08:08
currus|benevolentia|cavus|2021-12-21 19:56:32
verbera|cui|cubitum|2017-08-10 21:21:21
aurum|ultio|votum|2025-10-21 01:00:20
taceo|veritatis|acsi|2018-07-15 00:58:24
iure|nobis|basium|2024-04-10 16:02:44
ipsum|copiose|crur|2025-10-29 10:49:03
socius|toties|vomer|2020-01-14 22:13:43
demens|vereor|corroboro|2021-04-21 06:47:34
ullam|adhaero|traho|2020-01-19 07:36:25
cras|vero|cornu|2024-12-12 09:18:55
articulus|sui|suscipio|2021-12-14 23:18:01
carcer|cupiditate|pax|2023-03-13 05:07:07
vorax|sumo|decumbo|2024-10-21 10:10:44
tutis|atrocitas|adopto|2023-09-01 23:23:38
vulnus|cribro|deludo|2025-06-21 15:49:52
et|cupiditate|velociter|2021-05-06 13:28:07
sumptus|totidem|cibus|2019-08-20 11:49:48
et|attero|admoneo|2020-08-01 22:44:46
cotidie|ait|attero|2023-04-22 23:42:07
rerum|facilis|cupio|2025-05-11 07:51:08
commodi|conqueror|porro|2018-10-19 10:24:14
pariatur|cogo|suscipit|2022-12-19 22:05:51
civitas|ascisco|defero|2024-11-08 13:41:12
et|argentum|soluta|2018-03-05 04:40:32
deprimo|tantum|tempus|2025-10-17 07:37:37
spectaculum|molestiae|sublime|2022-11-06 04:25:26
facere|coruscus|aspernatur|2022-08-14 04:00:09
porro|ulterius|tamquam|2020-03-12 12:32:03
ver|antiquus|ara|2022-06-14 04:19:59
tolero|conforto|vulariter|2023-09-25 17:53:36
alius|tempus|uterque|2023-02-05 11:50:12
tibi|tenax|copiose|2022-06-02 14:26:47
adipisci|constans|voluntarius|2018-09-09 02:55:45
attonbitus|candidus|advenio|2021-10-29 12:37:22
ambitus|fugiat|brevis|2026-01-15 18:18:37
provident|cultura|atavus|2022-07-13 04:32:03
audentia|degenero|vilitas|2020-08-29 12:03:44
valetudo|aequus|tempus|2018-10-26 00:30:01
concido|modi|omnis|2025-02-12 16:20:46
utpote|absque|numquam|2021-12-15 00:09:28
aurum|deporto|curatio|2017-06-28 13:03:44
bos|tunc|pecco|2026-08-08 02:12:33
tendo|admitto|arceo|2025-03-09 18:12:19
totidem|basium|voro|2017-06-14 21:23:48
depromo|hic|sub|2020-02-28 19:27:21
carcer|cavus|comparo|2025-09-29 08:54:02
illum|caute|depromo|2024-11-08 00:10:14
rerum|crur|corona|2021-06-06 04:15:38
eligendi|deporto|veritas|2018-12-15 04:15:45
expedita|ago|ullus|2023-12-04 11:03:57
coepi|cuppedia|arca|2025-08-14 04:32:06
totus|advoco|defetiscor|2025-06-22 14:45:28
vereor|speciosus|tener|2023-10-15 01:13:38
conturbo|terreo|tenax|2023-04-29 11:04:25
decimus|demonstro|assumenda|2021-07-11 15:23:16
adversus|tumultus|curo|2018-05-24 01:12:30
delego|abutor|colligo|2023-01-10 21:55:59
clam|carus|solutio|2020-03-10 17:36:05
barba|ipsam|clamo|2025-11-01 22:12:10
urbs|denique|caecus|2017-01-22 06:46:39
strenuus|a|avaritia|2022-11-12 15:03:29
succurro|suus|curis|2022-12-10 06:53:13
arceo|casso|una|2021-05-30 21:42:44
sunt|solutio|adulescens|2017-06-07 17:26:58
tibi|dolorem|benigne|2020-02-01 03:24:57
balbus|coerceo|cilicium|2025-08-07 14:21:36
copia|pecto|ducimus|2020-02-07 21:20:31
odit|utor|assentator|2025-11-03 10:13:18
vomer|artificiose|talus|2021-01-03 10:55:50
decerno|abduco|nihil|2017-02-17 14:29:13
cometes|apostolus|cognomen|2018-06-05 10:51:44
video|civis|dapifer|2020-07-09 03:36:12
balbus|deprecator|iusto|2020-09-14 13:18:54
tergum|corrumpo|ustulo|2017-05-09 02:35:28
cariosus|aufero|victus|2020-06-23 06:41:58
ullus|catena|nam|2019-10-03 14:37:16
aequus|uberrime|volo|2022-02-16 03:12:58
articulus|temeritas|adinventitias|2019-05-15 10:29:52
cribro|admoveo|audax|2017-04-13 11:59:48
crepusculum|aetas|tremo|2017-12-13 02:55:56
cursim|sumo|tempore|2024-06-19 04:03:43
quas|crapula|amo|2024-05-13 09:11:02
compello|inflammatio|eum|2026-07-01 07:09:54
adipisci|aut|cunabula|2025-01-20 16:38:49
conqueror|adstringo|accommodo|2023-01-14 14:03:01
sumo|compono|voro|2020-09-21 22:31:43
clarus|vel|traho|2026-04-02 23:34:57
trans|deserunt|odit|2021-10-10 12:58:43
sto|sustineo|avaritia|2026-07-15 09:05:55
surculus|carbo|asperiores|2023-02-01 21:48:58
civitas|subseco|comburo|2021-08-24 11:31:51
aranea|crinis|accusator|2023-01-07 13:09:53
vestigium|officia|celebrer|2018-04-10 21:25:12
valens|sequi|speciosus|2017-11-24 00:53:50
testimonium|confero|qui|2021-02-14 20:22:55
vulticulus|cumque|teres|2020-03-31 20:15:39
trucido|suppellex|attero|2018-10-14 12:22:20
uberrime|vinitor|bonus|2017-06-28 04:42:39
contego|volubilis|aggero|2023-05-07 20:23:31
harum|suppono|asperiores|2022-05-27 03:03:02
nesciunt|beatae|cohors|2016-10-06 19:51:28
cubicularis|supra|suppellex|2026-06-02 18:30:51
velum|tempore|sit|2021-02-08 18:24:22
tollo|sponte|adsuesco|2019-05-28 03:46:48
dedico|ulterius|turpis|2025-08-12 05:01:20
verus|quis|voluntarius|2020-09-01 13:42:07
ipsa|administratio|denuo|2018-09-09 22:28:06
vitiosus|adfectus|studio|2020-12-19 05:14:51
curis|trepide|sponte|2020-04-15 12:19:02
bonus|statim|curriculum|2020-11-03 07:03:29
inflammatio|decretum|ter|2024-10-20 11:38:09
cilicium|allatus|voveo|2023-08-11 17:52:16
dedecor|vorago|veritas|2023-01-14 05:16:09
aequitas|veritas|conatus|2026-08-18 04:02:15
angelus|adsuesco|clarus|2018-12-01 14:44:48
autem|verus|cunctatio|2019-11-19 20:21:45
concido|theologus|currus|2021-12-16 02:52:36
thesaurus|summisse|vomer|2019-04-04 14:52:45
cinis|necessitatibus|deleniti|2023-08-27 22:18:57
chirographum|adsuesco|deleniti|2022-11-01 22:05:25
cunctatio|annus|reprehenderit|2017-11-18 13:44:54
ulterius|ver|cilicium|2020-11-09 22:44:19
totam|viduo|coma|2024-07-02 11:36:22
vulticulus|admiratio|accedo|2022-04-01 09:40:43
quam|curia|cohibeo|2024-12-03 02:54:22
attollo|dolore|censura|2020-10-25 01:06:12
vomer|ancilla|ipsum|2023-07-29 23:08:38
amoveo|aureus|attollo|2023-04-14 12:11:45
correptius|quia|pecus|2021-03-14 02:07:06
textus|thorax|testimonium|2025-01-23 08:19:10
ciminatio|amplexus|cogo|2022-03-05 03:30:27
asperiores|auctor|stultus|2024-06-13 06:14:56
degenero|ago|temperantia|2019-08-20 02:52:52
deinde|amet|despecto|2025-08-21 07:25:51
claustrum|ducimus|demum|2021-10-26 21:53:13
corpus|accendo|arguo|2021-05-31 10:31:56
deleo|viriliter|tricesimus|2020-04-13 00:28:28
cultura|cattus|canonicus|2017-03-02 15:41:49
abutor|validus|vesica|2022-10-19 22:59:40
velit|accommodo|sumo|2023-04-16 06:14:06
ter|atque|ducimus|2018-09-13 03:35:33
vorax|arcus|verto|2020-05-29 08:49:47
veniam|armarium|arca|2021-02-07 12:37:44
cruciamentum|deinde|quidem|2020-07-11 14:01:39
verto|demergo|caelestis|2026-04-08 00:41:09
delicate|antepono|tabgo|2017-07-13 19:34:23
textilis|voluptates|laboriosam|2018-02-10 00:04:36
solus|adopto|vulgaris|2020-10-06 13:59:05
nulla|neque|tamdiu|2025-11-09 08:24:35
altus|inventore|iure|2019-02-24 19:47:29
suspendo|deficio|ambulo|2017-08-25 04:56:57
vesco|ater|copiose|2025-11-03 14:03:17
pauci|vindico|depulso|2024-07-05 12:33:20
decimus|theatrum|cinis|2019-03-26 10:30:27
appono|xiphias|vorax|2017-10-09 12:57:22
quam|vel|verbera|2019-02-07 15:02:04
sint|coaegresco|surculus|2016-12-20 11:49:52
benevolentia|auditor|spargo|2019-03-24 03:40:04
alius|corrumpo|teres|2023-04-23 04:55:27
decipio|creber|quam|2022-02-27 00:03:29
defleo|votum|aranea|2023-10-23 20:53:51
ea|deprimo|voluptatum|2017-05-29 01:06:08
venio|celebrer|agnosco|2017-06-23 15:54:21
ciminatio|soluta|vociferor|2026-01-06 16:57:05
cui|auditor|aeternus|2022-12-24 23:36:26
subnecto|sustineo|possimus|2023-09-11 19:36:55
caelestis|thymbra|depromo|2022-04-14 16:58:46
suppellex|odit|adversus|2023-09-11 22:08:02
aveho|cumque|vomer|2021-01-21 18:31:22
damno|subiungo|vere|2023-05-25 19:54:37
illo|coadunatio|eius|2019-11-17 03:06:50
alioqui|tui|vulpes|2021-06-19 04:47:32
quam|cur|repellendus|2023-07-16 18:41:10
amplus|aspicio|cervus|2025-07-22 01:59:27
copiose|talio|sortitus|2022-09-11 18:15:06
constans|crastinus|iusto|2024-08-03 08:43:14
adipisci|officiis|magni|2017-09-20 21:23:58
totidem|vir|confero|2024-05-12 23:50:27
sperno|soleo|admitto|2025-03-03 08:40:44
tubineus|vado|vinum|2020-02-17 11:47:58
tempore|solus|delibero|2019-06-19 09:30:26
suggero|solum|sulum|2017-10-30 21:08:46
tredecim|sollicito|canis|2019-04-23 03:55:54
venia|arbitro|creta|2017-12-19 04:09:43
patruus|denuo|doloremque|2024-11-10 03:47:11
decerno|consequatur|solitudo|2022-05-03 09:02:04
thorax|maiores|debeo|2026-02-07 17:31:16
tutamen|conculco|culpa|2019-06-14 01:06:40
caries|crastinus|damno|2018-02-22 23:45:24
theologus|voveo|cresco|2024-11-24 23:48:59
aer|odio|volo|2020-02-24 12:09:11
adversus|advenio|casso|2016-09-18 00:07:58
soluta|error|auctor|2024-11-13 19:21:07
conicio|valeo|comitatus|2017-09-09 09:26:51
confugo|voluptas|maiores|2020-01-25 21:16:18
decens|cariosus|comitatus|2023-04-01 07:11:24
eveniet|depraedor|cohaero|2019-02-21 14:02:20
crebro|adficio|facere|2019-03-08 11:14:44
pauper|amplitudo|voluptas|2019-04-25 22:48:37
talis|tracto|argumentum|2017-09-16 06:00:27
nam|denuo|tunc|2023-08-16 03:23:17
beneficium|absens|curiositas|2026-04-25 08:56:08
tero|volutabrum|callide|2025-05-28 13:58:55
minus|tredecim|ulterius|2024-08-03 21:08:08
creta|defaeco|contego|2025-12-11 01:16:32
succurro|denego|infit|2023-12-21 05:19:22
eos|angelus|cohors|2024-11-04 04:10:48
vicinus|neque|umerus|2023-06-02 10:47:41
voluptatibus|ubi|vilicus|2026-07-16 17:02:47
vulpes|testimonium|auctor|2026-01-12 03:37:09
adamo|adiuvo|vigor|2023-10-24 10:47:27
degero|saepe|dens|2024-02-18 08:21:28
victoria|pax|minus|2023-05-01 09:52:04
ventito|suppellex|voluptatem|2025-06-14 11:45:36
infit|alioqui|ter|2025-06-26 05:36:43
supellex|adficio|versus|2021-10-24 13:16:21
aperte|confero|tremo|2020-03-13 15:52:36
correptius|pauci|sordeo|2023-10-07 21:36:59
soleo|color|voluptas|2021-11-20 00:56:37
sequi|delibero|solium|2019-02-15 19:22:35
video|solium|vestigium|2023-01-01 05:54:00
capillus|calculus|adeo|2022-12-16 00:53:41
depono|urbs|cuius|2023-10-22 12:58:32
adsidue|eaque|autem|2019-02-17 04:52:09
vicissitudo|deputo|commodi|2019-01-12 01:53:24
correptius|argumentum|collum|2017-03-12 16:14:08
ut|commodo|antiquus|2022-11-24 20:17:08
textus|conservo|succurro|2021-12-12 06:46:04
verbera|vilitas|calculus|2023-07-15 06:12:13
cetera|defendo|omnis|2023-01-16 17:00:15
depopulo|acerbitas|coaegresco|2026-06-10 16:56:57
amicitia|tui|vel|2020-08-23 22:08:32
carus|defessus|peccatus|2021-11-26 23:42:34
ager|ait|caput|2017-04-03 23:59:32
ustilo|concedo|adiuvo|2023-09-19 16:31:17
patria|vestigium|caute|2023-04-20 18:59:50
dedico|ager|soleo|2019-10-30 10:55:03
et|vomito|acervus|2021-06-19 14:00:31
caveo|eligendi|surculus|2024-01-27 16:08:25
dolor|quos|atavus|2018-03-10 10:46:11
xiphias|temptatio|eaque|2024-08-21 00:21:27
deficio|commodo|ars|2023-07-28 13:48:43
tendo|victoria|supellex|2025-04-30 23:54:05
ter|credo|torrens|2016-11-30 16:08:28
casus|nam|aqua|2021-03-25 21:55:27
advenio|corona|cuius|2022-08-22 03:06:07
aduro|temperantia|agnosco|2021-02-16 23:35:40
subiungo|supra|vae|2024-11-05 04:56:08
tergeo|vilicus|campana|2019-07-08 17:54:50
quibusdam|tabula|crustulum|2024-06-09 06:06:45
sustineo|taedium|defungo|2025-01-13 12:01:34
crux|spes|iste|2026-02-06 13:57:24
cupiditate|paulatim|venustas|2025-08-23 14:31:27
cibo|vergo|cubitum|2024-11-03 09:08:44
cornu|doloremque|allatus|2024-09-16 09:11:58
denuncio|totus|ancilla|2023-03-08 01:48:22
cognatus|dolorem|cogo|2024-05-07 19:31:10
summopere|tantum|praesentium|2020-07-02 10:15:45
aperio|vetus|versus|2018-04-25 00:48:21
adfero|reiciendis|tracto|2022-10-26 17:29:29
appello|supra|vilicus|2020-11-24 05:01:10
turpis|non|textor|2025-04-03 19:00:58
ventito|delinquo|supplanto|2018-08-27 05:42:05
dignissimos|tutis|vapulus|2021-05-27 20:26:16
dens|arca|adinventitias|2017-12-27 17:29:54
condico|corporis|thema|2016-11-03 20:57:26
delicate|omnis|abbas|2016-10-17 08:09:41
virga|sustineo|demum|2017-05-11 11:01:42
delego|caelum|sublime|2023-02-06 15:36:20
nam|eius|tunc|2026-02-19 09:45:20
cubitum|claro|deorsum|2022-10-22 19:57:23
certe|accusator|vox|2016-11-11 01:35:00
ante|cetera|textor|2017-05-18 00:12:54
depereo|ubi|vos|2019-03-25 05:55:04
apparatus|articulus|curis|2025-06-05 18:48:07
cultellus|admoveo|acquiro|2020-11-19 06:57:46
triduana|creta|adicio|2018-04-30 20:29:29
vinculum|vulgaris|vilitas|2024-03-28 14:51:41
asporto|volaticus|sollicito|2017-10-11 02:17:25
accedo|aeternus|vorago|2024-11-09 11:25:32
sum|agnosco|adipisci|2018-11-18 12:21:14
strues|suus|conqueror|2026-02-08 23:23:49
dicta|dignissimos|conturbo|2026-03-04 11:31:52
tamisium|trans|abscido|2026-02-25 17:09:52
aperiam|angustus|amissio|2019-10-26 11:29:07
odio|tametsi|utilis|2020-12-28 21:08:36
crustulum|cursus|thymbra|2017-04-20 22:15:06
artificiose|xiphias|antiquus|2018-02-26 20:27:50
desino|cinis|eveniet|2022-09-23 02:19:39
atavus|valde|debitis|2018-07-15 12:35:31
architecto|tactus|vinco|2025-03-02 17:02:07
umerus|aureus|conicio|2026-03-16 06:55:14
confugo|aeger|vereor|2018-10-03 02:27:37
culpa|terminatio|cursus|2024-08-28 22:28:44
carpo|sopor|ratione|2025-06-13 00:36:08
arcesso|bonus|suadeo|2023-11-03 08:26:43
tantillus|delectatio|deinde|2022-08-30 06:10:11
audax|valens|trans|2021-07-24 23:27:22
subito|sponte|magni|2025-09-22 15:59:36
spes|tamdiu|adipisci|2020-04-28 00:40:56
comedo|tepesco|vulnero|2026-05-11 16:31:54
tamen|laudantium|culpa|2025-05-11 22:39:41
dolorum|verus|deputo|2020-05-10 06:10:53
absorbeo|tero|capillus|2021-01-01 05:52:13
asperiores|summopere|cunabula|2026-08-27 22:43:28
decimus|vehemens|super|2025-01-24 02:02:24
maiores|ciminatio|adinventitias|2017-02-15 14:47:08
confido|totus|pectus|2021-06-17 14:14:33
capillus|cariosus|atqui|2019-02-27 10:58:05
theatrum|adflicto|adulatio|2025-05-06 02:40:42
ademptio|stultus|neque|2026-07-22 16:02:13
una|damnatio|volup|2023-12-03 16:48:48
verbum|suadeo|careo|2018-05-29 05:50:29
super|amoveo|dicta|2026-07-09 15:26:59
super|spectaculum|victus|2018-03-16 23:42:57
audax|defaeco|decor|2018-09-28 21:15:39
vel|auctor|nam|2021-12-08 15:48:41
conitor|sint|sto|2026-09-04 20:21:05
tolero|cenaculum|tamisium|2020-10-29 01:52:56
denique|contego|custodia|2025-02-28 09:02:28
aurum|sollicito|celebrer|2025-10-20 04:38:35
acer|anser|terreo|2023-04-06 18:27:57
pariatur|unus|appello|2022-12-18 02:56:29
corpus|adsuesco|capitulus|2020-08-19 00:58:54
quas|basium|admiratio|2018-12-28 12:44:50
undique|volaticus|perspiciatis|2023-10-04 21:55:30
succurro|cupressus|uxor|2018-08-19 09:34:31
avarus|deludo|tamquam|2023-08-16 15:54:06
qui|aiunt|abutor|2023-03-10 15:21:21
validus|sordeo|veniam|2023-12-26 08:18:37
vinum|uredo|averto|2022-12-07 00:57:15
ter|confugo|benigne|2022-05-19 12:26:32
volubilis|demo|turpis|2020-05-20 04:03:26
beatae|tamisium|copia|2020-05-19 11:29:01
solitudo|itaque|tollo|2020-05-20 04:45:01
volubilis|suppellex|tactus|2021-06-01 19:56:07
ciminatio|cupiditas|crepusculum|2025-04-26 13:35:24
suadeo|consectetur|aetas|2016-11-27 01:55:57
brevis|dolorum|beatae|2019-01-18 07:37:39
contego|demonstro|praesentium|2021-11-12 01:25:04
illo|vorago|aequus|2023-10-01 06:29:53
coruscus|desipio|praesentium|2025-08-14 03:08:43
comitatus|quibusdam|corona|2018-12-16 18:04:16
astrum|defero|vae|2018-01-15 05:12:56
tantillus|ventito|antepono|2017-08-28 14:43:17
aurum|arguo|theatrum|2017-09-29 06:10:03
alioqui|sufficio|culpa|2025-10-21 16:17:55
cui|suscipio|demulceo|2021-01-16 16:05:14
porro|comitatus|expedita|2021-05-02 02:56:57
sint|suscipio|ara|2024-09-08 14:15:28
aeternus|vehemens|adduco|2022-04-22 01:50:06
caelum|cruentus|crux|2020-05-28 20:08:18
amor|ducimus|somniculosus|2017-07-08 00:32:14
tertius|caritas|vilitas|2023-04-14 11:22:17
quam|tonsor|cohibeo|2026-06-23 11:16:40
sequi|umbra|voro|2024-06-18 06:19:30
temporibus|tollo|adiuvo|2020-03-06 09:17:52
tunc|maiores|degusto|2026-07-06 08:10:41
bibo|quibusdam|adipisci|2024-10-05 04:01:13
quasi|sollers|agnosco|2019-02-25 19:35:26
tollo|conicio|tamen|2025-11-17 03:57:11
demergo|celer|reprehenderit|2022-07-03 02:09:38
minus|despecto|bonus|2023-03-21 10:10:23
acsi|angustus|deprecator|2024-03-07 22:58:36
demulceo|rem|spargo|2019-03-29 14:47:14
subnecto|clarus|accendo|2017-10-21 14:11:21
vilicus|thymum|spes|2018-08-28 07:33:37
strues|vilitas|adnuo|2022-03-26 02:54:48
utpote|acceptus|amicitia|2026-01-05 20:55:38
ustilo|cubo|antiquus|2026-07-20 09:09:37
synagoga|attero|aestivus|2020-08-12 17:34:28
utique|summa|velit|2019-10-12 07:18:52
perspiciatis|amor|caelum|2022-07-02 18:05:02
annus|venia|aestas|2017-12-11 23:41:26
spiculum|conturbo|aliqua|2023-10-10 23:52:12
vespillo|tersus|ullam|2021-03-01 08:13:41
alveus|aggero|thema|2024-11-26 19:33:25
bardus|perspiciatis|explicabo|2024-11-10 05:17:04
custodia|varius|quis|2024-03-09 08:12:44
aequitas|nihil|stella|2018-02-04 19:42:45
natus|tabesco|tribuo|2018-07-04 22:18:26
vox|apostolus|altus|2026-05-10 04:34:00
pax|dolor|cohors|2020-07-01 16:10:57
corpus|patruus|civis|2017-04-12 02:27:58
tres|degusto|sufficio|2022-04-01 19:48:23
quia|tabgo|neque|2023-04-29 11:21:08
tenuis|aiunt|annus|2018-01-28 11:55:48
vere|candidus|itaque|2021-03-14 20:41:44
ducimus|deludo|cuppedia|2023-01-22 07:03:23
vita|votum|labore|2019-05-08 21:37:34
umerus|cupio|cupio|2017-01-17 18:07:24
in|bene|defungo|2020-03-01 14:05:33
et|defendo|complectus|2021-10-03 11:15:35
ex|cernuus|thalassinus|2025-11-18 00:23:03
somniculosus|copia|censura|2020-06-19 08:35:53
vilicus|traho|eligendi|2017-06-04 06:04:32
decimus|trucido|pecto|2021-07-08 21:29:30
tum|corrumpo|varietas|2025-06-29 00:53:01
vomer|beneficium|coadunatio|2021-02-05 23:57:38
accendo|totidem|comminor|2018-08-10 10:18:06
contego|alveus|aestas|2026-05-03 22:46:39
colo|teneo|cruentus|2018-12-27 09:15:20
ipsa|sublime|ultio|2022-06-27 14:49:22
tremo|alias|victus|2024-06-26 15:25:58
aqua|dapifer|asper|2022-05-14 04:31:43
complectus|repellendus|corrupti|2021-09-14 15:25:11
et|cupiditas|adduco|2020-06-22 11:32:30
coruscus|tutis|provident|2017-03-30 21:05:08
color|acidus|torqueo|2020-03-14 05:43:58
ver|depromo|asperiores|2020-09-25 00:15:02
texo|acies|vitae|2017-04-06 23:48:24
talis|defungo|approbo|2023-06-18 10:06:39
soluta|depraedor|tenus|2022-12-02 07:11:26
subseco|harum|addo|2020-10-14 11:15:23
bellicus|communis|odit|2017-07-10 19:58:43
clementia|combibo|cado|2021-12-17 17:32:56
aspicio|distinctio|audacia|2022-10-26 06:38:11
tricesimus|conforto|officia|2019-07-30 08:01:53
exercitationem|comedo|comparo|2019-08-05 15:41:14
baiulus|enim|asporto|2016-11-11 16:13:48
denuncio|assentator|crepusculum|2018-05-09 01:15:15
cilicium|tabgo|cogito|2023-06-12 22:50:45
nesciunt|adversus|officia|2020-03-07 22:47:22
colo|teneo|teneo|2022-11-19 01:15:50
cupio|auctus|aggredior|2022-11-01 19:41:52
tot|fugit|amiculum|2024-07-27 23:06:46
candidus|tyrannus|caries|2017-07-25 22:25:53
cibo|colo|tendo|2025-02-20 06:59:47
fuga|deserunt|antepono|2019-08-06 12:39:04
aegrus|condico|vitiosus|2020-02-04 12:59:14
admoveo|amo|concedo|2019-04-18 21:29:41
eveniet|volo|aeternus|2018-01-26 23:12:46
tergo|velut|damno|2019-09-14 01:34:11
tremo|odit|reiciendis|2024-07-16 20:23:57
crebro|depulso|administratio|2020-08-26 16:50:33
natus|admiratio|deprecator|2018-07-22 03:47:26
thalassinus|undique|vomer|2026-08-03 06:49:58
complectus|conculco|solum|2020-07-14 10:30:13
articulus|adnuo|centum|2017-04-06 23:44:48
conicio|bonus|amiculum|2018-08-10 22:53:06
video|vulpes|repellat|2025-06-27 18:01:14
comitatus|peccatus|rerum|2017-12-28 03:10:16
alveus|solutio|ascisco|2023-01-03 16:54:51
victoria|acer|votum|2017-11-22 13:56:01
consequuntur|ustilo|suasoria|2021-01-27 07:28:44
cauda|bonus|teneo|2022-02-10 16:44:58
patria|aestas|volo|2021-03-15 11:45:59
absconditus|sonitus|combibo|2019-07-20 07:49:23
apto|dolore|aliqua|2021-01-03 02:23:35
aperiam|nisi|nam|2021-04-25 17:18:52
thorax|tredecim|vita|2019-01-14 13:08:51
crepusculum|atavus|textor|2022-01-18 11:42:33
quia|cum|terga|2020-09-14 08:41:09
adfero|adfectus|conspergo|2024-04-09 18:59:41
sui|utilis|vindico|2024-03-03 06:23:33
adopto|depromo|dolorem|2018-09-04 16:38:41
tunc|ara|patruus|2021-12-29 05:26:11
culpo|atrox|coerceo|2019-02-09 09:17:37
deinde|stillicidium|arcesso|2024-09-14 20:43:46
corporis|campana|aveho|2022-04-22 13:48:35
vito|enim|virga|2025-03-12 13:21:22
tero|modi|defessus|2018-06-29 01:19:33
certe|stabilis|patrocinor|2022-11-18 15:49:43
repudiandae|uredo|contra|2018-02-16 19:14:26
reprehenderit|umbra|suscipio|2018-07-29 07:07:30
sapiente|thymbra|caritas|2025-12-14 02:26:57
ocer|temptatio|possimus|2019-02-01 03:32:04
deleo|casso|utrum|2024-09-09 00:33:49
vergo|optio|dedecor|2020-05-11 09:33:07
bestia|spoliatio|clamo|2021-01-18 23:36:19
chirographum|utique|vaco|2020-08-20 22:19:17
argumentum|ocer|ultra|2017-08-22 07:21:26
turpis|ulciscor|amor|2017-03-08 10:08:08
abbas|amor|capillus|2017-12-24 14:51:43
cursus|nisi|conqueror|2018-02-20 08:37:44
cras|tendo|quibusdam|2023-09-23 15:36:09
voluntarius|cumque|timidus|2019-03-29 22:30:54
altus|tergo|vae|2020-08-22 04:17:52
ascit|nisi|supra|2019-04-15 19:06:14
sed|vorago|timidus|2025-02-05 07:27:35
demergo|demum|summa|2019-10-05 18:40:55
tactus|soleo|ustilo|2019-03-09 13:48:06
admiratio|omnis|surculus|2021-01-18 15:23:36
quae|universe|patria|2019-08-12 14:46:03
quia|curia|dapifer|2018-12-11 16:43:03
ustilo|adfectus|quod|2019-04-08 23:18:35
votum|atrox|articulus|2020-02-12 04:28:27
arceo|concido|cuius|2018-07-10 23:59:26
reiciendis|acidus|totam|2021-02-14 21:11:04
auctor|tactus|turpis|2025-06-29 10:08:31
consectetur|aiunt|arbustum|2020-05-24 22:54:29
caries|brevis|ustilo|2018-04-28 04:44:16
cibus|victoria|aptus|2017-11-24 12:34:21
eos|laboriosam|vespillo|2022-12-21 10:53:03
aequitas|argumentum|summopere|2017-12-11 12:55:13
denique|conculco|sordeo|2020-09-14 05:32:42
magni|sunt|curia|2025-12-05 14:37:19
tracto|decerno|comptus|2025-02-05 18:48:20
comparo|celebrer|adeptio|2022-11-15 13:39:01
celer|animadverto|utique|2018-11-20 09:18:41
traho|vir|copia|2026-01-29 08:57:45
defetiscor|solvo|tondeo|2017-03-06 04:38:11
solum|modi|delectus|2023-07-13 23:19:52
cultellus|harum|vigilo|2017-04-08 04:06:02
deorsum|cenaculum|agnitio|2020-02-13 12:41:53
tripudio|comminor|voco|2022-02-01 18:52:12
absens|audio|antiquus|2019-07-27 10:29:52
conscendo|cum|curso|2024-08-15 06:39:20
deludo|aer|auctor|2026-08-07 03:03:19
supplanto|adipisci|incidunt|2024-12-27 17:37:07
celer|conturbo|abstergo|2018-10-29 20:29:09
eveniet|copia|asporto|2020-10-10 08:11:34
una|aduro|delectatio|2020-09-11 21:56:56
benevolentia|ambitus|audentia|2020-12-06 14:40:04
degusto|viscus|conatus|2019-02-09 06:30:32
eligendi|rem|delectatio|2020-03-31 07:34:19
tempore|defaeco|excepturi|2019-10-15 22:09:14
dolorum|catena|copiose|2024-04-13 12:15:54
adduco|tam|vivo|2022-08-27 03:27:04
expedita|urbanus|vinum|2020-12-26 13:27:10
animi|appono|ventito|2018-08-30 23:49:42
deprimo|amicitia|voro|2026-03-25 07:07:08
umbra|dedecor|circumvenio|2020-03-07 19:38:39
cornu|vigilo|ante|2021-03-10 02:02:09
aliqua|vilis|clibanus|2024-09-18 23:52:23
curiositas|aiunt|conqueror|2025-05-17 18:58:17
triumphus|demulceo|laudantium|2024-09-08 17:55:06
aequus|vinculum|ullus|2020-07-21 22:34:52
aetas|desolo|ascit|2023-02-11 22:41:06
accendo|aggredior|vere|2017-09-14 05:28:05
civis|tabesco|crinis|2020-07-14 09:00:36
thymbra|tenus|delinquo|2022-05-02 10:36:51
blanditiis|aptus|alo|2016-12-20 22:21:10
subseco|cum|trepide|2017-11-01 13:36:52
abstergo|cuius|absque|2019-01-11 04:19:04
agnosco|vinitor|defero|2021-12-23 12:52:34
deinde|blandior|tracto|2019-02-16 14:16:16
quibusdam|acer|assumenda|2018-01-16 01:19:47
tero|spoliatio|sponte|2017-11-14 10:00:57
explicabo|veniam|pariatur|2024-11-19 11:10:31
defluo|cuius|surgo|2020-05-16 04:30:25
usitas|cunctatio|advenio|2019-03-04 10:58:34
allatus|centum|magnam|2024-06-21 05:59:18
quas|degenero|vivo|2017-07-22 01:27:47
synagoga|texo|earum|2022-05-31 11:52:01
crustulum|toties|cur|2022-09-17 00:21:35
tepidus|sopor|credo|2026-02-17 12:41:31
comedo|molestias|ullam|2019-10-07 21:45:54
termes|somniculosus|demitto|2023-11-17 08:16:11
creo|viscus|vetus|2020-07-26 10:10:40
audacia|decens|aurum|2022-04-16 07:01:17
coruscus|thorax|arceo|2020-06-30 01:40:15
nam|laudantium|admitto|2019-10-16 16:43:27
administratio|distinctio|damno|2021-09-17 23:26:00
vestrum|ulterius|vulgus|2023-04-07 18:37:42
desipio|debeo|tamquam|2018-03-01 02:37:03
colligo|spero|suus|2017-09-22 03:38:32
coadunatio|admiratio|cui|2019-01-30 07:32:43
alii|commodi|claro|2018-07-24 12:46:45
cur|cibus|quaerat|2025-06-17 09:03:25
tertius|ab|auxilium|2020-07-30 04:02:00
bos|ultio|praesentium|2019-02-18 04:17:44
vitiosus|ceno|taceo|2026-04-02 06:38:53
vomica|adfero|bardus|2022-03-20 21:34:39
pauci|thymbra|allatus|2023-09-04 14:26:45
ultra|terror|alveus|2026-05-07 20:13:51
vado|comptus|corona|2018-08-26 23:59:47
saepe|turba|consequatur|2025-08-28 00:20:53
socius|quia|aiunt|2025-11-25 07:41:56
caelestis|deprecator|depono|2022-09-28 06:06:02
inventore|denuo|conculco|2023-06-15 11:33:59
callide|patrocinor|terreo|2023-09-24 20:06:31
commemoro|deficio|amicitia|2018-01-06 16:44:35
verumtamen|textus|adicio|2017-12-06 23:26:44
accendo|contego|porro|2020-05-17 18:17:44
conqueror|consuasor|deserunt|2019-03-19 12:54:00
voro|spectaculum|sponte|2026-04-10 18:36:14
tergum|cubitum|architecto|2016-10-02 23:38:38
victoria|certe|odit|2020-06-05 07:52:38
tempore|comitatus|trans|2020-03-15 06:40:15
explicabo|ocer|voluptatum|2025-11-05 23:30:20
dicta|carpo|ademptio|2021-10-17 17:48:03
repellat|repudiandae|vestigium|2016-10-10 21:47:34
cubicularis|acerbitas|autus|2020-04-14 08:25:48
torrens|bestia|abundans|2023-05-10 00:14:37
commodi|capio|sodalitas|2024-05-20 19:22:28
admitto|anser|tepidus|2022-05-14 11:14:56
cupio|constans|aspernatur|2023-12-17 07:32:31
ceno|barba|pecto|2023-05-20 19:19:33
valens|apparatus|itaque|2023-07-26 02:34:25
artificiose|auctus|quaerat|2019-12-31 10:10:26
truculenter|ullam|sint|2024-05-10 02:27:59
corrigo|adsum|caute|2023-09-07 01:46:51
apparatus|totidem|odio|2022-03-24 01:17:44
delectus|totidem|quam|2019-08-03 13:50:42
dapifer|paens|totam|2017-11-27 15:21:53
demum|amet|coadunatio|2021-07-28 21:56:23
vindico|termes|carbo|2017-10-15 11:48:17
vorago|ratione|adsuesco|2020-09-23 01:51:50
territo|vulgus|labore|2022-10-02 17:36:22
blanditiis|tamisium|sopor|2022-02-08 17:22:40
defessus|aegrus|nam|2018-05-11 08:09:55
vesper|voluptate|suppellex|2023-01-26 02:16:40
spiritus|comburo|torrens|2021-06-09 12:36:18
terebro|aro|alias|2021-11-14 13:15:28
quibusdam|thymum|eum|2021-06-05 23:16:06
stella|supplanto|sopor|2026-04-01 10:34:12
vorago|atrocitas|comparo|2024-03-03 01:28:44
tabgo|trucido|cursus|2024-07-14 09:17:09
desidero|venustas|tametsi|2021-02-12 12:43:08
capillus|video|tubineus|2017-10-23 20:46:36
taceo|victoria|temeritas|2023-05-28 19:09:50
viriliter|curvo|sollers|2022-03-22 20:46:05
ullam|teres|decet|2026-02-02 21:01:52
corporis|ascisco|ea|2022-09-16 16:17:59
depono|adiuvo|vindico|2021-07-09 16:58:03
decens|thorax|sint|2025-01-02 16:14:53
civitas|tabella|demens|2024-09-26 02:40:19
aggero|audentia|theatrum|2019-05-11 10:39:42
via|crudelis|praesentium|2017-08-05 23:32:46
tunc|tersus|utrimque|2019-09-15 20:21:24
cultura|tametsi|tendo|2018-08-03 19:54:41
cernuus|basium|venio|2017-04-27 23:31:40
cresco|confido|apud|2023-11-05 14:41:24
denique|admoneo|volva|2020-02-26 13:08:22
theatrum|cursus|tollo|2023-10-06 21:09:24
tyrannus|pecus|suadeo|2019-09-26 16:18:15
blanditiis|amo|sint|2020-11-10 03:29:24
tabgo|tabesco|argentum|2018-03-01 03:16:26
tamen|animus|verus|2020-09-22 22:38:19
deorsum|arcus|victus|2019-04-10 14:22:28
comburo|absorbeo|deduco|2020-06-19 16:00:05
unde|canto|acsi|2017-05-15 14:33:48
triduana|sono|desidero|2021-01-23 01:47:13
adhaero|victoria|vado|2023-03-16 12:55:55
vesica|verus|vomito|2026-04-26 06:06:05
taedium|coadunatio|cresco|2021-09-07 17:08:45
cito|thymum|auctus|2022-02-08 17:49:11
accendo|adficio|subnecto|2025-10-02 05:30:09
supplanto|crustulum|amplus|2019-06-14 04:20:52
eos|aro|caries|2023-10-07 02:38:12
solutio|acerbitas|capitulus|2021-08-10 15:16:18
dolor|vulnus|torqueo|2022-12-26 12:16:18
aetas|callide|tolero|2025-03-18 13:33:27
sursum|ventus|bellicus|2025-03-20 01:37:29
ademptio|deficio|conspergo|2024-11-16 11:38:45
arx|auctus|sum|2020-06-19 12:45:30
deinde|vulgus|tergeo|2020-10-21 21:21:55
crur|truculenter|depono|2017-06-20 02:49:14
angulus|cogo|curia|2025-12-16 05:22:57
beatus|aperte|solutio|2019-09-12 03:16:27
aspernatur|adopto|theca|2018-06-21 00:48:03
derideo|cultellus|eveniet|2021-10-30 23:58:51
talis|texo|cimentarius|2020-09-01 09:57:37
triduana|vulgus|vulariter|2024-01-10 19:58:05
magni|spoliatio|autem|2022-12-05 00:52:15
vergo|villa|delinquo|2025-09-14 11:24:32
ambitus|ambitus|perspiciatis|2021-01-29 10:23:34
decipio|sol|substantia|2018-01-22 12:36:56
termes|carus|canto|2021-09-05 19:08:48
ventito|talio|cursus|2026-01-01 18:00:14
armarium|constans|convoco|2021-11-24 16:54:54
vulariter|demoror|quam|2020-04-13 00:04:54
vulpes|validus|solutio|2024-08-26 10:28:48
adeptio|quaerat|acceptus|2024-10-24 20:48:44
atqui|summisse|valetudo|2020-02-06 17:40:13
voluptas|cibo|demitto|2017-09-30 14:18:32
defluo|vae|demo|2026-01-25 09:47:11
alioqui|doloribus|ea|2023-04-09 07:55:10
coadunatio|usitas|tamquam|2022-04-10 19:12:49
neque|cogo|videlicet|2016-11-05 07:56:29
conculco|veniam|aureus|2026-08-23 07:47:09
cauda|adversus|balbus|2024-05-17 20:44:16
tubineus|contigo|dedecor|2023-06-20 21:36:30
centum|texo|delego|2025-07-27 01:38:27
auditor|sublime|collum|2024-10-28 02:23:19
correptius|veniam|ciminatio|2020-03-01 11:10:38
tamquam|auditor|vulpes|2022-08-08 06:57:01
toties|caterva|uxor|2026-01-13 21:28:57
quam|officiis|sed|2018-01-07 23:06:20
perferendis|patrocinor|acerbitas|2026-04-02 21:45:39
summopere|undique|cetera|2021-09-13 11:41:40
ratione|dolorum|ademptio|2026-05-22 20:12:03
optio|dedecor|ascisco|2018-08-15 00:16:21
tricesimus|sperno|conduco|2026-05-15 06:04:13
tabula|temeritas|desidero|2024-06-26 22:42:51
tracto|cruentus|aggero|2020-09-13 00:42:17
cum|ago|amet|2024-12-15 06:05:36
thema|est|curso|2021-10-24 04:46:32
adulescens|taedium|depereo|2023-01-05 10:37:18
adflicto|certus|absum|2021-08-31 02:49:27
tenus|contigo|corporis|2021-12-01 11:02:09
coruscus|fugit|arbitro|2021-12-03 22:23:02
aperiam|ventito|adsidue|2026-05-21 03:45:17
statua|accendo|coaegresco|2016-10-06 18:33:52
tepesco|cursim|certe|2018-08-14 13:24:48
coaegresco|acies|trado|2022-04-14 06:08:50
catena|vulgaris|cupiditate|2025-07-21 15:13:48
abstergo|tricesimus|commodo|2025-12-30 18:56:05
velociter|temporibus|tardus|2023-07-01 21:44:09
versus|usitas|et|2019-03-08 19:57:15
fugiat|clam|vester|2017-05-08 22:22:47
pecus|suppellex|vesper|2023-06-24 03:45:29
pecus|aureus|admiratio|2024-08-13 18:28:25
adhaero|comedo|tardus|2020-11-19 17:16:26
acerbitas|cunctatio|tertius|2023-09-06 09:06:41
tantillus|adimpleo|cimentarius|2016-10-06 10:52:29
aperte|stella|truculenter|2026-02-25 04:10:35
consectetur|amet|porro|2017-10-17 18:29:45
alii|curriculum|vereor|2023-09-13 03:41:03
aeternus|sortitus|abundans|2024-07-03 09:54:16
alius|bibo|verumtamen|2017-10-09 22:16:01
utroque|aduro|desidero|2017-09-10 15:51:37
torrens|cauda|utpote|2019-12-07 14:37:56
constans|chirographum|adinventitias|2026-08-31 18:49:11
cur|claro|subiungo|2020-11-20 16:32:36
clam|sum|bardus|2021-11-01 19:26:07
utpote|crur|agnosco|2022-11-22 11:30:07
vulticulus|pectus|degenero|2017-01-09 09:52:37
asporto|conicio|aedificium|2025-08-10 01:50:54
alias|debilito|conatus|2018-07-16 17:02:28
confido|recusandae|commodo|2020-05-10 08:06:25
turba|deleo|tempore|2023-10-12 03:31:07
commodi|asper|desparatus|2017-02-04 16:28:41
amor|arca|vestigium|2025-03-12 20:40:25
corpus|sequi|careo|2024-04-09 14:53:42
denique|attero|utilis|2019-04-29 09:18:19
angelus|cattus|atavus|2017-06-10 09:22:52
coerceo|animus|auctor|2025-09-24 15:04:54
denego|ipsum|tantillus|2022-03-24 17:16:09
qui|averto|acerbitas|2026-01-20 00:26:37
repellat|balbus|suffragium|2016-12-14 13:27:24
adnuo|verto|vulariter|2018-02-21 16:40:04
eligendi|angelus|defero|2018-02-13 17:32:16
amplexus|caveo|agnosco|2019-12-17 11:18:13
cupiditate|arma|coma|2022-11-29 01:48:54
delicate|vere|cruentus|2018-05-07 02:12:30
tenuis|caelum|arca|2018-01-22 05:23:41
astrum|calamitas|unde|2023-12-12 02:33:26
campana|thesaurus|tum|2025-02-02 19:11:33
aer|tepesco|curis|2023-10-23 11:38:37
defleo|cribro|odio|2026-01-19 05:10:29
nam|adulescens|voluptate|2024-04-29 04:59:09
suasoria|super|animi|2021-01-17 20:37:29
tollo|adfero|arcus|2024-12-11 09:39:54
sortitus|atrocitas|vere|2025-08-10 01:54:46
cum|facere|subiungo|2019-12-05 13:36:57
abeo|repudiandae|substantia|2022-07-09 18:18:50
stillicidium|bos|ustilo|2017-10-02 03:30:34
cupiditas|vesper|creber|2018-04-10 20:42:28
cunabula|vestigium|depereo|2019-03-06 21:24:01
defetiscor|decor|quae|2018-04-14 05:33:06
vomica|tollo|desipio|2023-03-22 17:32:12
defessus|alienus|suspendo|2020-03-07 11:13:56
occaecati|synagoga|error|2017-03-20 18:40:39
viscus|sum|usus|2020-08-10 06:03:41
strues|toties|ocer|2024-01-02 07:07:59
ventosus|cibus|timor|2021-01-14 19:38:04
utilis|viriliter|delinquo|2026-05-25 07:09:33
tam|sollicito|amet|2018-03-29 20:42:52
sordeo|adversus|clam|2022-03-01 21:10:31
corpus|titulus|dapifer|2023-07-09 01:06:02
venustas|trado|depopulo|2020-09-12 08:08:35
demens|cerno|debitis|2026-08-08 06:33:39
cupio|urbanus|suus|2021-05-06 03:39:17
vester|atqui|vetus|2023-12-02 09:13:00
audio|vitae|expedita|2025-05-24 19:28:47
tempus|adsum|terra|2021-08-21 22:25:11
vomica|carcer|cilicium|2021-08-28 19:28:45
defungo|consequuntur|contra|2026-04-20 16:06:08
ara|conatus|volubilis|2025-09-07 08:47:06
coaegresco|volutabrum|amoveo|2024-11-29 10:28:12
expedita|concedo|tredecim|2019-07-08 20:48:33
crudelis|tandem|charisma|2021-02-18 04:38:05
caste|unus|varius|2019-05-11 01:00:47
sopor|amitto|texo|2017-01-22 03:47:54
aqua|ratione|verumtamen|2020-12-27 00:40:16
totidem|tibi|vomer|2019-05-06 05:48:07
certe|quisquam|cibo|2021-05-23 21:46:10
spiritus|thema|quam|2020-01-14 12:08:56
reiciendis|ascisco|aiunt|2019-12-20 03:12:57
trado|volubilis|caelum|2021-09-30 15:27:27
ab|sapiente|crebro|2023-08-11 06:42:28
eaque|contego|depraedor|2019-06-28 02:57:10
aspernatur|viridis|tamdiu|2019-12-08 16:11:10
armarium|ipsum|confugo|2019-03-17 03:05:59
absorbeo|quis|audeo|2017-11-15 13:02:31
ventus|animi|provident|2023-04-25 06:53:15
comitatus|delectus|consuasor|2021-01-11 21:39:12
sperno|derideo|tantillus|2018-11-13 00:43:33
damno|admitto|deinde|2022-06-06 19:03:30
nemo|tenus|coerceo|2020-07-20 20:31:01
canis|videlicet|asperiores|2023-04-18 01:29:02
degusto|solum|aeternus|2017-06-04 20:51:16
conculco|velut|benigne|2024-07-06 16:45:54
ante|vita|ullam|2017-02-18 07:15:02
vobis|cresco|vitae|2025-03-24 10:55:06
cervus|coniecto|adeptio|2019-11-27 08:58:53
aliquid|advoco|est|2017-04-28 02:49:19
esse|deleo|charisma|2023-07-04 05:09:47
adnuo|adulescens|eveniet|2025-05-24 14:53:10
careo|vere|calcar|2019-06-10 08:55:20
thesaurus|sed|ago|2021-08-09 16:44:03
demo|peior|suspendo|2021-10-04 18:14:09
natus|cedo|deficio|2023-05-14 06:00:15
ullus|amita|carcer|2017-08-03 05:22:07
denuo|patria|carpo|2018-05-22 21:53:41
auctus|paens|tergo|2022-02-28 04:14:15
alter|veritatis|tempora|2018-12-11 02:53:48
spargo|valde|avarus|2017-04-14 08:01:52
tibi|stabilis|antepono|2022-11-09 08:30:56
calcar|tollo|aetas|2024-05-28 06:36:30
repellendus|valde|asperiores|2025-03-28 02:27:17
stillicidium|cursim|cetera|2019-03-05 00:05:23
degusto|alter|sequi|2025-04-10 10:29:05
succurro|carbo|claustrum|2025-03-11 08:09:09
vos|inventore|quo|2018-10-21 18:54:32
cernuus|ipsum|neque|2021-03-13 04:50:01
excepturi|nulla|suffoco|2020-02-11 22:37:52
surgo|magni|tergum|2026-07-12 07:38:57
voluptatem|toties|agnosco|2022-05-09 01:59:19
depulso|abscido|subseco|2019-03-23 17:00:05
video|saepe|tepidus|2025-04-10 22:20:28
consequatur|inventore|thalassinus|2019-12-27 21:59:18
strues|crepusculum|brevis|2022-05-29 05:05:02
sint|confido|arto|2022-10-30 11:44:23
approbo|ait|cibo|2026-08-07 18:13:45
laboriosam|curo|est|2026-08-27 13:48:22
timidus|volutabrum|deputo|2023-04-02 20:34:40
acervus|ducimus|eaque|2023-08-29 07:17:10
deporto|sollicito|qui|2023-05-02 05:27:36
tertius|voluptate|tum|2021-12-09 13:09:25
caveo|tremo|cupiditate|2018-12-06 02:21:32
cursus|chirographum|artificiose|2018-10-31 04:49:26
virga|ceno|accedo|2018-03-28 09:14:09
tondeo|causa|vae|2024-01-29 01:27:32
alius|aggero|tabgo|2021-10-07 13:08:46
averto|vita|consequuntur|2017-09-16 06:24:08
articulus|termes|ultio|2023-06-17 12:06:13
magni|viridis|dedico|2024-01-04 10:44:19
comminor|talis|tener|2025-06-14 21:30:32
denego|vestigium|bibo|2023-02-01 18:17:31
acsi|possimus|varius|2019-06-15 21:41:49
temeritas|odit|reiciendis|2017-12-13 09:08:03
corrumpo|tondeo|ut|2019-01-17 23:38:53
admoneo|nesciunt|vetus|2024-01-26 16:30:59
undique|vehemens|quo|2017-07-11 09:15:30
succedo|adfectus|assumenda|2019-08-21 01:21:03
cinis|tergum|conservo|2021-05-07 14:46:37
condico|aequitas|audacia|2021-06-16 03:06:38
auctus|uter|terror|2017-03-17 02:05:12
conturbo|patria|volva|2022-06-21 07:23:46
esse|contra|arto|2018-11-23 23:26:57
sui|concido|acsi|2018-01-23 13:44:12
vesco|turba|convoco|2022-10-03 01:40:30
accusator|spiritus|ullus|2020-12-06 00:47:24
asporto|voluptate|agnosco|2025-08-19 20:41:25
combibo|velociter|tametsi|2017-02-15 07:43:53
velum|argentum|solus|2023-12-25 05:48:30
textor|cohaero|conatus|2023-08-18 12:19:18
cubo|alienus|appono|2020-03-20 19:45:36
volo|crudelis|caries|2024-05-12 00:17:05
conculco|cubitum|crepusculum|2017-08-21 22:19:22
coadunatio|summisse|subseco|2022-09-19 18:57:45
caries|calcar|amet|2019-07-30 11:01:41
tempora|cribro|assumenda|2022-10-11 19:33:23
maxime|tempora|vitium|2023-06-24 19:09:50
fuga|ulterius|somnus|2017-05-01 00:16:52
aegrus|traho|aro|2023-10-12 17:17:05
celebrer|tam|tardus|2021-11-26 12:02:01
delectus|vulariter|ater|2025-09-23 12:38:46
venio|qui|adamo|2021-02-09 11:19:25
vestrum|coerceo|aequitas|2018-04-28 08:07:00
velut|coma|impedit|2017-02-06 01:06:24
illo|carbo|ad|2023-08-18 02:36:25
sed|alveus|cunae|2017-03-28 10:14:27
quis|ante|texo|2018-01-20 20:42:21
aut|absque|convoco|2025-09-12 17:31:09
toties|bellum|cui|2020-06-30 23:12:37
coniecto|capitulus|curo|2019-04-16 21:45:10
amiculum|unus|universe|2016-12-23 19:44:02
repellendus|depopulo|solio|2020-03-03 11:17:07
antepono|clam|canonicus|2023-08-31 11:50:07
confido|bos|commodo|2017-07-12 13:15:50
tamdiu|cunabula|absens|2025-01-05 14:49:57
cito|clementia|bellum|2026-06-17 04:02:07
spero|cupio|vita|2016-10-26 07:28:56
ubi|vinculum|corona|2022-12-08 00:45:01
adversus|utrum|officia|2019-07-31 01:01:30
asperiores|crapula|tenus|2022-12-25 17:26:16
arma|tum|adinventitias|2016-11-14 11:19:03
collum|denuncio|consuasor|2026-05-08 20:55:38
patrocinor|trucido|cauda|2026-05-14 04:11:03
atrocitas|abstergo|studio|2020-12-02 12:11:19
derelinquo|cribro|voluptate|2024-09-25 03:10:17