paciente_id|cnh_cd|fechadeterminacion_dt|fecharesultado_dt
animadverto|provident|2022-01-31 05:10:05|2018-09-29 11:42:44
peior|deprecator|2024-09-23 13:49:29|2024-11-06 05:02:15
auxilium|agnitio|2018-12-02 16:43:44|2019-08-14 02:52:47
utor|pauper|2016-09-15 02:56:24|2023-05-17 19:13:39
doloribus|barba|2023-06-07 15:49:25|2019-06-06 00:53:42
tenus|amissio|2025-10-20 18:32:43|2021-01-16 22:36:47
arceo|sustineo|2021-12-11 23:11:42|2021-08-09 20:26:20
color|somnus|2023-05-06 09:29:49|2022-04-05 06:10:48
audio|sumo|2021-08-29 08:21:31|2022-08-07 06:22:53
suscipio|tenus|2020-06-29 11:11:24|2020-05-27 21:16:57
talis|quis|2017-04-02 14:08:34|2022-06-11 15:57:16
tergeo|curatio|2017-02-17 13:14:36|2024-06-06 19:10:51
ventito|aedificium|2017-07-24 19:55:05|2023-11-18 10:44:08
adsidue|voluptatum|2019-12-05 03:16:35|2022-09-23 01:55:50
una|vesco|2026-04-09 21:21:21|2016-10-30 17:13:20
consequatur|demitto|2022-11-06 21:21:53|2023-12-10 06:22:59
crastinus|stella|2025-08-03 06:10:05|2024-01-29 01:40:23
catena|qui|2024-07-08 07:21:57|2025-05-01 13:57:55
quisquam|sapiente|2021-03-29 01:39:39|2021-09-05 01:44:16
arguo|depono|2023-08-18 22:56:43|2021-12-04 15:39:33
autus|utilis|2025-05-16 07:46:21|2017-11-22 16:21:04
delectus|cohors|2021-02-10 01:29:17|2021-02-06 06:19:45
confugo|aeternus|2017-06-16 00:53:34|2020-03-20 01:14:38
absconditus|derelinquo|2016-12-28 07:04:48|2023-05-27 09:54:39
tempore|a|2016-12-17 19:59:41|2025-01-24 20:35:24
substantia|ullus|2018-08-18 07:19:25|2025-07-28 10:51:57
cognomen|texo|2025-10-28 05:14:51|2022-08-05 11:46:51
aetas|cupressus|2023-03-11 10:18:35|2021-06-17 16:01:33
talus|terror|2023-02-09 09:22:41|2020-03-07 16:17:40
consequuntur|tutamen|2026-08-15 11:02:25|2017-09-08 21:03:06
tres|angelus|2020-09-14 14:08:08|2023-07-09 05:42:32
crinis|voluptas|2023-05-04 08:08:51|2026-01-23 01:54:31
cotidie|id|2023-04-29 21:43:30|2024-11-07 15:39:46
patior|voluptates|2020-02-25 06:29:56|2024-03-16 02:11:10
creptio|ultio|2022-11-23 14:41:17|2022-04-27 04:05:00
culpa|pauci|2020-01-23 08:55:21|2022-10-03 03:35:12
thesis|denuo|2023-08-12 00:42:31|2023-12-13 03:54:38
combibo|agnitio|2018-12-08 11:59:01|2020-04-05 00:27:32
amaritudo|utrimque|2022-09-22 16:21:09|2024-09-15 10:39:23
trans|illum|2020-08-23 22:57:30|2019-05-12 00:08:44
patrocinor|denego|2022-04-01 13:40:19|2019-01-23 02:37:31
arbustum|officiis|2022-07-03 12:13:47|2017-02-03 12:03:43
adduco|optio|2025-05-29 14:32:25|2023-04-05 12:47:46
maxime|aequitas|2022-01-26 09:44:10|2022-11-13 10:03:33
vesco|delicate|2025-10-13 02:39:02|2024-01-19 06:27:39
viridis|vespillo|2020-04-26 10:05:18|2017-10-23 02:25:54
consequuntur|deorsum|2023-01-31 20:23:19|2025-06-19 13:05:12
artificiose|abduco|2021-01-14 09:24:02|2018-04-13 08:14:25
reprehenderit|via|2021-11-26 19:02:17|2016-10-30 16:20:05
spectaculum|verbera|2018-04-13 09:48:58|2025-03-16 04:25:38
stips|absorbeo|2019-07-09 11:37:37|2018-11-08 23:34:50
summopere|temporibus|2023-04-09 17:04:15|2020-03-11 07:58:16
velut|debilito|2024-12-16 07:12:55|2022-12-11 17:27:07
dolorem|demum|2020-07-30 16:58:50|2024-04-11 23:13:45
votum|tergum|2021-10-03 01:20:14|2019-04-12 22:02:50
truculenter|veniam|2018-01-28 19:42:39|2016-11-05 04:42:43
aurum|tollo|2023-06-11 13:19:27|2019-03-16 15:04:07
coniecto|tempora|2017-10-09 10:33:27|2024-02-21 05:42:04
tres|carmen|2020-12-16 14:21:43|2022-05-28 16:16:20
adflicto|expedita|2026-06-09 13:38:20|2017-12-10 10:17:12
theca|anser|2025-05-16 23:11:37|2019-10-29 07:41:25
vaco|victus|2023-08-02 20:18:42|2024-01-19 14:06:11
ea|carus|2022-03-18 07:32:08|2018-12-31 19:14:28
defero|vulgus|2019-07-17 12:47:31|2021-01-15 15:31:11
cernuus|celebrer|2019-01-16 00:59:51|2025-02-26 03:12:39
uxor|sonitus|2020-06-25 05:19:05|2025-12-17 14:19:25
blandior|tener|2021-01-18 13:55:33|2017-08-18 04:21:26
sponte|armarium|2025-12-30 10:43:32|2022-04-04 05:17:06
bis|tantum|2023-06-21 00:55:38|2018-09-22 21:19:10
strenuus|sunt|2025-03-23 01:00:50|2021-01-06 20:56:00
quidem|bene|2022-05-08 07:05:07|2020-09-24 22:31:14
voro|calcar|2024-03-05 17:50:25|2023-05-09 14:28:29
dolorem|cupressus|2019-06-14 15:02:28|2017-11-28 00:19:57
solium|quidem|2019-09-13 08:41:36|2026-01-23 04:39:49
cruentus|dedico|2022-09-23 00:47:13|2020-04-08 16:56:11
solium|aperte|2021-01-17 19:53:54|2019-01-10 13:34:54
agnosco|succurro|2023-03-27 12:41:00|2019-11-23 04:37:36
stabilis|laudantium|2017-11-15 15:02:00|2021-01-30 04:22:58
certus|cresco|2024-05-29 13:30:36|2018-11-05 14:29:16
arbor|quasi|2016-09-23 21:54:56|2026-03-06 18:26:03
sustineo|tibi|2022-07-03 23:46:56|2023-10-17 05:55:52
abundans|accedo|2022-08-08 09:55:01|2026-08-15 04:02:24
umquam|conservo|2023-06-10 15:38:20|2021-12-18 02:04:48
abeo|arx|2019-03-21 18:03:56|2023-02-17 20:25:22
suffragium|ventus|2020-07-06 10:24:47|2022-04-10 05:17:00
solio|communis|2024-07-02 23:15:53|2022-11-24 19:57:26
supra|peior|2018-10-28 03:22:53|2021-02-16 22:56:03
despecto|demergo|2017-07-05 20:31:26|2023-04-24 16:11:43
ventito|vindico|2025-09-06 17:47:54|2022-12-05 09:50:02
deputo|vox|2018-07-26 12:27:40|2018-10-24 21:11:53
callide|qui|2019-10-18 10:48:40|2021-02-07 19:49:34
cibus|canto|2019-04-02 20:10:49|2022-12-14 10:15:21
nesciunt|arcesso|2020-05-02 18:11:10|2022-01-23 02:54:40
abbas|minima|2020-07-30 15:09:23|2021-10-25 21:40:39
vado|aequitas|2019-12-31 01:10:23|2024-11-20 17:12:22
cornu|verecundia|2020-06-30 08:15:10|2025-11-09 09:23:22
argumentum|adversus|2022-07-18 02:37:19|2017-03-29 20:10:08
comburo|capto|2018-01-21 22:59:08|2017-11-11 01:12:12
amplus|abutor|2021-09-17 01:44:58|2017-02-10 04:09:04
socius|vomica|2019-06-19 04:16:49|2017-11-03 06:36:49
utroque|delibero|2022-09-18 15:00:43|2019-05-23 21:51:37
delectatio|talio|2026-02-12 01:25:38|2017-04-20 12:51:50
vulariter|soluta|2023-06-20 22:14:03|2018-11-18 10:05:33
vulpes|conqueror|2024-09-19 03:42:10|2023-03-21 23:32:25
demonstro|tracto|2026-04-03 21:45:26|2022-05-13 18:40:24
delicate|facilis|2025-05-18 03:21:59|2021-07-30 06:34:09
deficio|absque|2019-10-15 22:57:04|2026-08-23 16:09:27
desidero|adversus|2024-10-10 00:19:20|2019-03-29 09:28:02
ipsum|deprecator|2021-04-26 10:34:00|2024-09-14 13:55:38
derideo|brevis|2019-08-26 00:28:58|2017-01-25 07:52:02
spiritus|vel|2019-10-09 01:40:00|2019-10-06 08:02:59
tondeo|crastinus|2020-06-30 20:47:42|2019-08-16 21:26:24
tamdiu|curvo|2017-09-08 04:56:19|2022-06-24 09:53:07
ex|porro|2021-04-23 14:27:52|2023-09-29 14:44:51
avaritia|odio|2024-12-18 12:06:23|2019-10-21 21:34:27
veniam|tabesco|2026-06-22 06:04:38|2020-05-24 04:30:03
audacia|urbanus|2026-04-21 13:15:31|2018-04-14 01:41:00
amissio|virga|2021-09-04 10:37:41|2017-12-19 20:25:47
cado|autem|2017-12-15 03:09:02|2023-01-05 07:46:00
spoliatio|ustulo|2022-06-04 06:00:42|2019-09-22 23:17:24
curso|tres|2023-10-11 01:46:46|2020-08-13 11:53:51
vix|bellum|2018-01-30 16:39:53|2024-03-24 16:39:03
conturbo|verus|2021-03-11 17:02:07|2025-10-18 00:30:06
curo|statua|2023-06-16 16:30:36|2022-10-30 13:59:05
speculum|caute|2024-12-04 01:28:17|2020-10-06 19:27:29
attonbitus|vesper|2016-11-07 11:55:51|2022-02-20 12:56:26
cupressus|esse|2017-01-12 10:32:27|2020-02-27 18:49:30
dicta|repellendus|2020-03-05 08:18:14|2020-03-19 10:38:55
ustulo|crastinus|2026-08-22 16:39:14|2022-06-12 21:51:02
damno|undique|2021-05-08 08:03:02|2021-01-14 09:43:26
ventosus|ventus|2020-11-01 04:28:59|2023-04-06 22:09:12
auctus|adeptio|2017-06-03 19:55:16|2018-05-23 21:43:52
bellicus|sollers|2022-06-16 18:04:07|2026-06-28 14:34:55
utrimque|cetera|2026-07-04 13:56:05|2019-11-08 06:14:18
creptio|calculus|2019-07-25 23:43:12|2021-06-15 21:30:43
vir|derideo|2024-07-07 19:32:15|2022-04-19 16:32:53
aer|tutamen|2022-12-05 11:55:35|2019-02-05 09:25:58
vulnero|curtus|2021-01-02 10:33:43|2026-03-12 12:31:45
eaque|ventito|2017-09-19 11:14:12|2020-12-02 05:29:00
error|statua|2025-07-16 17:49:31|2023-05-17 04:47:15
contra|coepi|2018-11-01 23:47:22|2023-05-16 23:35:57
defero|creator|2022-04-13 05:47:14|2025-08-23 16:04:04
alo|ascisco|2026-01-14 02:19:07|2016-12-07 00:21:16
bardus|vicissitudo|2022-01-10 07:54:32|2018-06-06 22:09:42
contego|carus|2024-07-29 02:30:00|2022-06-01 05:40:05
vestrum|caelum|2019-10-22 04:32:25|2018-09-27 17:45:37
casus|antepono|2025-01-22 17:25:56|2020-03-26 10:47:03
concido|comedo|2021-08-25 03:33:30|2023-02-09 10:55:18
ulciscor|accommodo|2018-03-20 15:39:58|2020-04-13 01:45:41
terror|cogo|2020-05-17 09:53:12|2019-05-19 17:22:04
solitudo|admitto|2017-09-20 09:44:21|2024-09-20 05:26:44
addo|provident|2022-12-20 21:47:46|2019-08-07 10:09:58
aeger|viscus|2019-06-19 09:10:09|2020-01-15 00:32:30
autem|angustus|2016-10-31 07:23:11|2018-07-28 20:44:09
tricesimus|aurum|2018-07-20 11:40:18|2021-06-26 07:32:36
alo|allatus|2019-10-21 02:05:17|2026-08-02 20:57:00
solum|quae|2019-12-03 16:52:26|2019-07-20 22:36:06
alias|concido|2025-04-04 13:49:03|2022-11-02 09:47:50
accusator|vito|2024-06-13 18:31:42|2021-01-03 19:11:45
voluptatibus|aliqua|2019-08-27 14:47:01|2016-12-20 08:28:00
dignissimos|aliquam|2022-09-20 02:26:07|2025-08-06 03:58:15
calamitas|perspiciatis|2023-11-01 01:34:38|2024-12-27 04:47:32
amo|censura|2023-08-10 23:06:08|2025-11-19 10:02:01
consequuntur|doloribus|2025-05-31 01:06:46|2021-07-10 04:50:06
teres|cariosus|2023-01-15 23:44:39|2022-06-03 19:32:09
facilis|quos|2025-02-20 02:58:54|2017-11-01 18:01:14
contabesco|cibo|2023-12-18 09:48:09|2025-04-02 20:54:38
vis|impedit|2025-01-09 05:29:53|2023-04-27 11:45:41
claudeo|cruciamentum|2025-03-27 14:07:19|2018-07-23 15:05:33
nulla|tertius|2024-09-10 18:04:03|2018-03-02 05:19:06
venia|vetus|2022-09-19 17:47:05|2016-12-08 08:05:04
amaritudo|commodo|2022-03-16 01:40:40|2017-03-09 09:05:01
titulus|valens|2025-01-22 00:09:35|2020-09-25 11:54:02
aer|error|2024-11-09 21:52:48|2023-09-03 06:56:44
comparo|est|2023-09-25 01:51:01|2022-03-14 07:34:17
vero|conscendo|2021-01-22 20:35:25|2025-09-29 07:15:11
nulla|vilitas|2024-08-19 21:41:05|2020-08-07 00:47:14
quibusdam|pecus|2023-01-11 21:38:14|2025-02-14 21:31:04
sortitus|uxor|2023-11-05 09:50:31|2022-09-05 18:19:33
thalassinus|stultus|2025-02-28 19:23:12|2024-02-02 16:15:46
fugiat|vallum|2017-05-26 23:40:03|2016-10-06 20:46:27
arceo|adfectus|2021-01-08 06:11:18|2016-12-10 17:46:47
ex|dedecor|2026-07-27 16:46:56|2023-10-24 10:47:07
non|ancilla|2020-02-28 12:47:17|2026-01-25 14:43:36
amitto|occaecati|2017-01-15 15:50:10|2024-08-29 06:52:54
crinis|tempore|2017-11-14 22:40:19|2022-05-03 16:12:01
spiculum|tui|2023-11-25 10:58:38|2020-08-12 23:27:50
natus|tui|2019-01-20 16:06:20|2023-09-11 05:57:46
adicio|officiis|2017-10-19 10:14:41|2019-02-22 11:38:44
conatus|quae|2021-02-19 02:09:21|2019-10-29 00:39:26
balbus|appono|2018-04-16 07:47:47|2019-06-15 11:46:42
asper|corroboro|2026-06-25 07:49:11|2017-01-18 23:34:54
tutamen|theca|2024-05-14 09:29:20|2017-05-09 00:22:58
adnuo|vivo|2024-02-13 07:18:39|2016-11-01 15:59:39
deripio|advenio|2022-06-18 04:26:13|2025-07-07 04:29:57
varietas|thesaurus|2025-12-15 19:06:17|2023-12-05 23:53:11
videlicet|enim|2025-02-08 02:19:07|2022-01-23 05:34:21
clam|strues|2017-08-25 07:21:12|2019-08-13 17:57:39
cubo|aestus|2019-02-04 23:47:26|2017-07-02 07:29:03
theca|provident|2018-09-12 17:54:25|2025-08-21 13:17:35
articulus|spoliatio|2024-10-30 18:24:18|2017-09-23 00:52:32
venio|ulciscor|2025-10-11 22:20:00|2023-01-18 06:53:28
vitiosus|non|2022-10-04 00:03:29|2017-10-26 01:02:19
centum|rerum|2024-08-22 14:11:01|2021-02-10 06:28:53
depopulo|arguo|2018-02-11 07:09:05|2021-10-06 14:47:01
certe|bis|2019-11-18 00:41:57|2020-05-01 14:46:51
agnitio|quasi|2017-02-18 05:48:31|2018-07-04 11:07:42
crepusculum|statim|2017-07-31 04:23:15|2021-06-22 09:34:03
suppellex|voluptate|2024-01-08 18:30:10|2022-01-05 23:28:54
vicinus|brevis|2021-07-03 07:16:56|2017-03-15 05:08:56
vinum|deficio|2017-05-30 05:36:05|2026-05-03 10:47:18
sponte|animi|2018-06-10 01:34:06|2018-01-05 19:58:49
defessus|voveo|2019-12-25 10:02:31|2023-02-22 12:32:49
sortitus|sum|2020-03-29 09:03:52|2016-12-30 08:03:18
turpis|caste|2023-08-11 11:49:10|2018-06-22 16:10:35
tero|cedo|2017-08-24 15:39:29|2026-06-17 05:41:38
depromo|tergo|2021-08-09 14:25:28|2025-12-29 17:43:31
stella|laboriosam|2020-09-01 10:53:52|2023-02-09 11:14:10
adstringo|cena|2023-11-23 23:37:54|2016-10-27 04:47:32
tumultus|amitto|2018-04-14 05:06:52|2021-08-24 00:42:26
debilito|cresco|2018-02-19 23:23:19|2025-12-09 02:46:05
verbera|velit|2019-05-26 04:02:58|2017-07-19 12:42:40
demoror|est|2020-01-06 02:57:52|2020-12-09 06:20:29
cibus|calcar|2022-08-15 05:40:55|2023-11-24 23:59:46
demulceo|antea|2022-07-03 19:40:19|2024-02-01 17:03:21
spiculum|basium|2025-09-13 21:41:00|2024-05-05 12:57:22
congregatio|vigor|2019-09-27 07:10:29|2022-11-01 17:03:32
calcar|crepusculum|2016-09-30 21:47:07|2023-03-04 21:45:35
una|curis|2023-02-12 06:12:32|2023-10-29 05:35:52
turpis|universe|2019-09-30 00:01:59|2018-02-17 06:54:29
coerceo|capto|2021-11-08 14:08:32|2021-07-17 00:32:35
cauda|sperno|2026-01-05 02:41:00|2026-08-15 06:08:47
nam|subseco|2023-06-17 07:15:21|2024-09-24 14:56:26
volubilis|vobis|2023-01-01 21:56:44|2019-03-30 13:46:52
suspendo|surculus|2022-02-16 23:52:41|2026-07-03 15:56:36
speciosus|tamdiu|2021-01-09 08:01:47|2017-03-07 22:44:11
utilis|aestas|2021-07-27 02:38:15|2018-10-09 21:15:06
votum|acies|2025-06-27 19:31:49|2017-09-16 22:18:51
compello|eos|2020-05-06 21:16:35|2024-09-13 22:34:06
adfectus|avarus|2026-02-01 15:50:37|2020-02-23 20:47:13
tunc|aegrus|2026-07-03 23:05:37|2020-11-09 07:38:35
conservo|voco|2020-10-16 15:47:27|2021-05-26 18:11:05
coadunatio|acquiro|2018-12-03 01:29:18|2018-04-16 14:26:46
solium|unus|2019-11-16 19:31:13|2026-07-28 22:53:31
aeger|defleo|2025-11-30 09:32:54|2019-06-24 10:51:01
impedit|atqui|2019-07-04 09:14:16|2022-09-13 16:31:55
uxor|solus|2025-02-04 19:08:25|2017-02-19 20:37:39
ambitus|illo|2021-11-28 17:06:02|2017-05-29 20:24:59
cattus|auxilium|2020-10-20 17:16:13|2017-09-28 15:53:55
tondeo|sol|2026-04-11 04:25:49|2023-11-21 21:32:39
cogito|beatus|2024-10-16 10:29:12|2017-09-14 08:16:19
solutio|cupiditate|2026-04-19 09:14:50|2026-08-22 21:38:32
cunae|teres|2024-08-06 09:08:42|2021-08-04 09:26:41
via|corrumpo|2019-01-02 07:39:56|2018-02-17 06:12:05
adopto|voluptatibus|2017-12-25 07:34:17|2021-12-16 09:28:55
attonbitus|subseco|2025-05-16 12:01:16|2021-12-22 13:34:04
tonsor|tergeo|2021-05-03 03:40:12|2020-02-29 17:20:52
tego|adipiscor|2021-06-28 11:44:41|2022-07-01 00:41:18
crepusculum|carbo|2019-08-22 04:57:53|2019-06-24 23:53:43
deleo|debitis|2019-03-26 17:31:09|2022-11-02 23:13:55
vix|accusamus|2017-11-19 10:27:48|2024-02-28 10:54:53
iste|nulla|2024-04-21 06:15:09|2017-06-10 17:07:14
pectus|cimentarius|2024-02-27 13:30:03|2021-04-08 21:20:53
synagoga|amiculum|2019-03-24 16:27:13|2025-10-21 12:59:31
quod|caritas|2022-03-28 11:02:55|2018-10-25 06:37:58
cuppedia|comis|2025-05-14 10:24:28|2023-11-29 13:38:38
succurro|sequi|2016-09-11 15:36:51|2022-07-11 09:53:28
amoveo|cado|2023-12-31 07:55:55|2023-02-28 17:29:13
socius|tendo|2023-09-24 04:41:34|2022-06-22 01:29:35
desolo|deprimo|2024-11-01 03:47:55|2019-06-11 22:32:30
custodia|conscendo|2021-05-15 12:03:55|2022-05-10 04:03:28
tero|constans|2020-12-08 11:32:53|2018-02-19 11:35:26
magni|voluntarius|2018-03-17 22:01:03|2020-11-12 14:20:24
ver|porro|2021-05-23 06:16:47|2017-06-12 09:28:14
volaticus|cunabula|2018-08-05 00:37:50|2019-11-30 19:30:55
ater|umerus|2019-03-21 20:10:21|2024-12-16 06:53:55
venio|temperantia|2026-04-21 23:18:50|2025-09-01 00:18:23
vulnero|tepidus|2022-08-17 06:11:32|2025-10-10 02:36:24
atrocitas|illum|2018-12-29 03:26:05|2022-07-12 09:51:39
cotidie|decor|2022-04-18 23:17:09|2024-06-11 12:02:10
ver|balbus|2016-12-20 05:00:48|2017-10-11 00:34:06
demulceo|patrocinor|2025-09-01 19:38:07|2022-09-25 20:43:06
sortitus|utroque|2017-07-06 14:21:43|2024-09-11 08:03:14
tersus|advenio|2020-11-24 22:53:28|2022-10-15 17:35:25
vesica|quia|2024-03-05 16:52:51|2020-02-24 22:04:17
depereo|comparo|2020-10-20 23:44:00|2023-03-15 12:10:41
terreo|tribuo|2017-07-09 21:25:14|2020-08-03 18:58:49
volaticus|votum|2023-05-28 01:14:35|2016-09-30 08:58:19
unus|adulatio|2020-08-31 12:01:12|2024-07-13 20:12:31
delinquo|demitto|2018-02-03 11:02:07|2023-10-06 20:15:00
administratio|certe|2024-11-23 06:17:42|2019-08-27 09:05:42
caute|occaecati|2018-01-13 11:13:36|2026-01-06 20:03:02
at|deporto|2024-09-29 07:57:24|2026-06-23 20:40:08
abbas|arbitro|2025-03-12 00:40:57|2023-04-25 15:57:46
arma|apostolus|2023-06-05 16:39:28|2026-02-21 23:09:14
sit|demoror|2021-10-03 03:20:15|2016-12-07 21:48:54
ipsam|adaugeo|2025-11-10 00:53:23|2019-08-22 20:45:41
pel|sto|2021-06-10 07:46:50|2023-03-29 17:01:06
curriculum|cimentarius|2025-03-01 13:49:25|2020-09-24 16:26:15
deprimo|umbra|2024-05-14 00:12:36|2019-03-30 03:26:25
error|brevis|2018-01-30 14:57:47|2017-11-25 01:59:52
angelus|cubitum|2026-02-04 07:19:08|2018-01-10 08:11:57
adversus|voluptate|2023-01-28 13:25:50|2017-10-07 11:32:21
minus|ratione|2024-06-14 01:09:55|2023-11-28 09:07:49
ea|cumque|2025-05-19 05:04:38|2024-06-21 21:43:19
admitto|appello|2020-09-02 19:34:48|2022-10-19 09:01:30
impedit|tres|2020-10-14 17:24:22|2019-04-08 12:44:39
allatus|tabesco|2016-11-07 01:00:04|2024-08-28 14:32:48
amplitudo|avarus|2018-02-20 13:48:21|2025-08-09 18:21:06
tenuis|ater|2018-06-20 03:34:19|2017-12-05 09:50:40
vorax|stips|2018-12-24 08:28:24|2018-10-06 03:12:32
soluta|pariatur|2024-12-02 14:21:10|2025-12-09 11:36:09
cribro|creta|2026-02-03 17:21:36|2019-12-23 13:45:35
spero|peior|2020-03-07 18:56:52|2017-06-11 03:12:34
tamquam|volaticus|2020-08-23 11:54:13|2025-03-11 00:25:26
cupiditas|apto|2024-12-13 02:55:44|2020-11-11 05:41:26
voco|tener|2017-12-21 20:12:54|2024-01-05 00:36:51
adeo|assentator|2025-05-18 11:29:55|2021-01-22 20:33:34
claro|sordeo|2024-03-01 10:56:42|2024-12-29 11:22:43
claustrum|delego|2022-10-26 04:53:41|2018-01-09 01:39:31
pauper|verbum|2017-05-28 04:47:28|2022-11-15 11:06:18
compello|supra|2016-10-28 16:15:49|2024-10-13 22:17:03
tristis|aureus|2026-07-06 07:51:13|2019-05-14 10:31:35
tamdiu|victoria|2021-07-21 13:43:23|2023-01-31 13:54:35
tantum|cultellus|2017-03-08 01:18:19|2025-04-01 05:37:43
caput|vitium|2019-10-29 20:19:20|2019-07-01 21:21:02
assumenda|velit|2024-09-07 10:23:54|2022-04-26 15:02:14
quidem|cuius|2017-03-23 05:11:42|2023-03-17 08:46:50
usus|valetudo|2020-07-23 23:49:12|2019-01-31 17:20:04
doloremque|suscipit|2021-10-12 08:23:56|2023-05-24 03:12:10
aegrotatio|tabella|2020-10-21 10:58:23|2019-08-26 23:25:22
culpa|vix|2022-02-07 10:55:05|2019-11-23 04:07:56
virtus|deficio|2024-05-12 03:24:40|2023-10-23 12:36:38
thymum|umerus|2019-10-24 15:05:49|2019-11-10 23:34:42
theca|vir|2026-01-21 14:15:12|2019-06-21 16:23:38
coniuratio|calamitas|2022-01-02 03:34:48|2017-12-13 13:20:28
canonicus|nam|2020-02-12 16:58:22|2018-08-03 23:34:49
cauda|verbera|2020-05-17 11:48:37|2017-12-15 03:32:06
cornu|tres|2018-10-23 22:04:53|2024-11-13 14:24:50
eligendi|adsuesco|2021-05-02 09:18:06|2021-01-21 15:54:54
contabesco|solus|2026-01-20 18:09:54|2026-06-27 07:52:53
volubilis|aestas|2018-03-07 20:31:03|2021-03-05 09:20:45
tero|sumo|2018-08-19 16:21:21|2021-04-12 10:05:00
curso|derideo|2017-02-22 01:22:21|2017-08-26 00:16:03
appositus|illum|2017-01-24 19:22:04|2025-03-01 02:57:22
ipsum|tersus|2017-03-13 13:50:42|2026-06-17 08:06:10
aestivus|aedificium|2019-02-10 08:46:49|2024-01-13 10:39:17
amplus|solium|2025-01-17 04:50:15|2025-04-08 05:13:44
dolor|facilis|2017-01-18 13:07:21|2019-08-01 09:57:22
strues|trans|2022-12-14 03:18:05|2022-02-15 07:37:11
advoco|stillicidium|2024-10-30 21:56:50|2017-12-11 17:35:16
mollitia|demum|2018-12-09 14:40:21|2019-04-13 06:31:11
patior|vehemens|2017-12-27 03:32:58|2026-08-03 06:01:07
tolero|agnitio|2026-01-14 04:59:05|2022-02-13 05:01:10
statim|nisi|2023-05-20 00:36:50|2021-02-22 07:56:41
repellat|uredo|2022-06-26 05:17:08|2023-01-13 00:23:52
patruus|abeo|2021-03-24 16:23:52|2025-02-10 07:59:39
eaque|velum|2024-02-26 08:20:34|2018-01-13 02:06:26
cedo|super|2025-04-11 11:20:28|2019-10-02 16:18:12
adaugeo|conitor|2021-03-05 23:52:54|2025-03-19 14:55:15
cohors|cultura|2017-08-18 18:29:14|2020-09-16 18:28:37
aranea|video|2022-04-09 10:00:49|2018-04-10 09:33:44
cauda|abeo|2024-01-14 20:39:53|2018-02-23 01:37:27
admoveo|bene|2026-08-10 02:35:43|2017-05-25 17:40:36
crur|via|2017-05-14 04:11:15|2017-08-16 02:09:14
esse|fuga|2025-11-23 16:17:57|2019-08-03 06:20:54
dicta|avarus|2024-06-26 05:44:18|2023-07-23 16:39:35
teneo|tempore|2024-07-28 22:13:30|2022-01-31 01:33:56
traho|inflammatio|2022-04-09 21:08:24|2020-07-02 14:10:00
corroboro|thesaurus|2024-03-03 05:42:12|2016-09-29 22:49:22
abundans|curvo|2019-02-14 01:17:30|2022-09-19 15:04:04
suasoria|benigne|2021-12-17 00:44:23|2017-09-17 13:24:30
solio|cometes|2018-07-24 11:45:31|2017-10-21 17:09:30
curtus|vivo|2023-06-19 17:46:03|2019-02-05 03:09:59
tabernus|tener|2018-12-31 08:38:18|2024-03-03 19:32:35
comedo|ambitus|2026-03-07 03:13:54|2021-02-15 18:43:29
demitto|suffoco|2019-05-09 04:50:03|2016-11-18 10:43:39
eos|incidunt|2023-02-09 18:41:43|2026-03-02 22:26:46
studio|victoria|2022-07-29 12:36:40|2018-05-19 11:55:04
subseco|creo|2024-06-19 02:05:31|2024-09-15 19:02:21
uxor|doloribus|2019-02-26 21:16:27|2018-11-24 21:35:47
eius|nemo|2018-01-29 01:51:04|2017-03-18 01:31:37
tergiversatio|absque|2024-07-11 11:40:37|2021-07-28 15:31:49
claustrum|qui|2018-02-06 19:22:57|2021-01-01 07:26:53
alii|tertius|2024-03-23 09:23:32|2017-04-13 22:34:23
sono|aperio|2018-03-18 22:50:12|2022-06-18 10:38:30
cuppedia|caterva|2017-09-13 14:01:37|2020-07-02 19:29:59
supra|architecto|2024-09-30 14:17:45|2024-09-07 22:51:51
cognatus|complectus|2022-01-14 08:45:41|2025-05-16 14:13:30
caput|denique|2021-05-27 03:13:59|2026-08-07 01:12:56
carpo|suppono|2024-02-24 03:25:20|2025-06-13 08:48:08
angustus|capitulus|2026-02-17 11:55:50|2026-05-29 15:01:52
ancilla|cruentus|2023-07-30 22:16:01|2025-02-11 12:51:21
unde|coruscus|2020-01-22 01:39:28|2019-09-03 10:27:57
solium|cras|2017-06-12 18:11:32|2020-07-09 16:44:42
ipsum|curvo|2026-07-25 19:53:45|2017-08-10 20:47:45
ipsum|collum|2023-08-27 10:04:18|2026-03-07 11:38:12
accusator|tui|2016-09-22 12:55:43|2022-11-16 19:17:53
ex|alius|2025-06-02 08:04:21|2024-09-10 16:35:28
vester|ocer|2020-03-11 04:17:29|2026-01-29 10:45:56
adaugeo|delicate|2023-01-25 12:30:56|2025-09-01 03:46:56
patior|virtus|2022-07-18 21:10:53|2022-02-15 15:41:49
comparo|utpote|2026-03-07 02:17:01|2025-09-09 16:23:47
laborum|cunae|2026-03-26 07:40:10|2023-05-07 04:18:38
enim|beatus|2018-12-25 17:22:12|2025-12-11 05:41:43
angelus|deleo|2025-02-13 05:35:37|2017-01-01 17:44:01
decens|creo|2023-02-12 21:23:10|2018-11-19 00:27:25
tego|tristis|2023-10-27 04:22:50|2020-02-28 23:20:29
ambitus|vigor|2019-03-28 18:20:15|2021-03-21 14:03:31
crapula|sophismata|2017-11-11 12:56:41|2023-01-27 02:19:44
custodia|pauper|2022-01-10 08:26:40|2025-09-12 21:37:56
statua|corroboro|2020-06-19 19:41:56|2024-11-18 02:58:24
talis|facere|2026-06-10 19:44:45|2020-02-03 13:09:14
asporto|aggredior|2019-01-23 00:42:18|2026-02-13 21:54:16
cena|demulceo|2021-01-31 10:09:30|2019-07-15 04:41:50
curso|benigne|2026-05-20 21:03:59|2025-04-19 22:25:05
damnatio|solus|2021-04-24 06:53:19|2017-08-07 04:28:17
corona|suadeo|2024-10-13 05:30:20|2021-01-23 15:31:46
vitiosus|claro|2017-11-16 05:31:14|2022-08-17 23:31:29
arca|tergeo|2019-11-06 00:56:15|2025-05-22 20:53:00
amo|virga|2022-03-05 07:42:14|2017-03-25 20:31:44
defetiscor|studio|2024-06-14 01:10:10|2019-04-24 14:51:45
deprecator|toties|2026-06-14 14:33:37|2020-06-11 18:39:02
illum|cognomen|2025-12-23 05:14:58|2024-12-24 22:42:12
villa|tumultus|2024-03-11 07:59:16|2020-04-07 07:57:41
repellat|amet|2023-01-06 13:37:17|2026-08-05 07:04:09
corrumpo|denique|2026-07-01 14:03:07|2025-05-24 01:57:45
spoliatio|colo|2020-08-28 15:50:44|2020-11-03 11:17:11
neque|agnosco|2016-09-17 06:06:59|2021-04-04 03:06:50
cum|tenetur|2018-07-08 16:37:58|2019-06-03 12:13:13
iste|thema|2026-02-13 14:12:50|2023-05-17 12:33:49
vacuus|defero|2022-12-11 13:54:10|2025-11-10 10:57:07
venio|ambulo|2021-12-15 20:22:53|2026-07-10 15:51:37
acerbitas|eos|2022-01-22 21:10:24|2021-01-16 14:36:46
amplexus|tremo|2024-08-19 20:40:10|2018-06-27 21:00:24
uredo|videlicet|2025-08-30 13:56:46|2018-01-06 19:41:29
deleo|verbera|2024-06-26 14:43:07|2026-03-28 00:06:46
deorsum|campana|2018-10-02 22:34:17|2018-10-08 06:18:39
talis|succedo|2022-05-19 04:21:35|2017-05-26 01:02:56
deserunt|cavus|2018-02-17 07:25:14|2018-12-26 14:55:39
dolorum|arma|2019-07-21 05:12:37|2026-07-06 09:23:08
victus|architecto|2020-04-11 07:52:46|2026-03-19 21:53:55
deputo|maiores|2019-04-07 07:12:03|2021-04-18 14:52:05
utique|triumphus|2018-01-07 17:40:26|2023-02-20 00:12:23
constans|accusator|2019-12-01 09:05:01|2018-10-25 15:43:23
expedita|vobis|2024-12-05 22:11:54|2017-02-12 20:59:41
sordeo|talus|2022-07-28 00:48:00|2018-01-22 13:29:09
modi|vorax|2020-03-20 15:54:53|2023-06-12 14:03:36
cresco|demum|2019-03-11 07:15:56|2016-11-07 13:08:56
strenuus|comprehendo|2025-10-23 19:22:44|2017-06-05 21:52:28
thesaurus|valeo|2022-01-19 08:17:55|2018-02-26 08:04:53
crur|vomer|2022-05-12 00:42:54|2020-06-14 07:52:15
addo|temporibus|2025-02-24 05:55:29|2021-11-26 10:01:23
creo|delectatio|2021-10-29 06:26:31|2020-09-01 01:13:37
necessitatibus|una|2023-04-13 06:10:30|2026-05-07 13:17:07
modi|quisquam|2024-08-03 06:29:01|2025-04-12 22:34:54
canto|contigo|2016-09-18 03:26:18|2017-03-24 14:16:21
capillus|numquam|2018-10-21 09:03:23|2021-07-09 23:44:06
caute|acsi|2026-05-28 22:07:06|2017-10-10 21:38:45
alias|auctor|2025-12-16 10:47:19|2021-01-15 06:08:49
aegrotatio|ambulo|2025-10-12 08:06:40|2024-01-29 19:36:38
strenuus|defaeco|2016-09-21 18:10:37|2020-08-14 09:34:52
aestivus|beneficium|2017-12-03 15:08:03|2021-04-04 06:51:15
clamo|ultio|2020-11-18 18:09:45|2024-05-07 06:50:06
admitto|adulescens|2021-05-22 00:01:18|2021-10-28 18:58:06
corrupti|vetus|2021-12-16 21:47:55|2025-05-12 17:12:22
turba|vomica|2023-12-26 16:28:13|2022-04-03 03:28:48
aggero|odit|2016-12-16 07:33:30|2025-06-28 08:17:17
tergo|libero|2016-11-11 21:28:43|2016-09-27 09:05:01
capillus|sono|2020-02-17 14:17:48|2021-09-11 04:31:53
cogo|fuga|2017-01-10 16:41:25|2025-12-18 23:53:07
laboriosam|turba|2020-06-30 10:51:55|2023-04-04 21:45:26
rem|adamo|2016-10-12 05:02:26|2025-08-31 22:19:42
quaerat|termes|2023-07-08 06:41:32|2021-01-30 08:00:57
nulla|voluptatem|2020-03-01 09:13:19|2019-01-12 20:25:58
vel|copia|2020-12-18 16:48:38|2024-01-05 13:21:09
tempus|thymbra|2018-01-25 15:32:48|2023-07-03 00:07:00
quos|vehemens|2018-12-22 08:42:17|2022-03-05 05:18:51
trucido|voluptatum|2020-11-24 14:59:00|2025-01-17 04:53:57
placeat|confero|2022-04-23 14:42:48|2019-12-28 11:31:08
ante|corpus|2024-09-19 09:49:15|2018-02-21 16:52:44
comes|adamo|2025-09-13 05:15:35|2023-06-04 06:33:53
explicabo|surculus|2021-10-30 07:24:51|2023-02-19 05:12:00
patria|causa|2021-09-10 22:29:04|2017-07-30 02:00:08
vulgaris|officia|2022-12-13 00:48:13|2020-04-14 07:40:08
absorbeo|collum|2016-12-15 18:27:04|2023-10-06 05:25:21
averto|tergiversatio|2025-04-27 19:54:57|2022-12-21 15:47:08
saepe|accusator|2021-05-29 01:08:38|2018-04-04 04:10:14
arbor|sufficio|2020-08-12 07:28:25|2019-06-18 22:15:16
voluptate|ars|2021-01-25 10:09:40|2026-08-06 16:55:21
ocer|claustrum|2020-08-10 19:17:04|2024-05-20 08:09:19
vapulus|ipsa|2023-07-10 08:08:40|2026-03-23 07:46:56
infit|cubo|2022-09-28 14:02:25|2019-03-18 13:13:30
tricesimus|temperantia|2021-03-04 23:21:56|2017-09-12 03:24:53
sublime|curtus|2022-09-18 18:15:30|2023-08-05 07:05:03
damno|defendo|2021-04-17 20:09:25|2020-10-27 21:09:10
contego|stillicidium|2017-12-04 06:44:25|2021-01-11 01:32:47
crur|utique|2016-11-22 03:55:07|2016-10-16 05:14:45
terra|absum|2023-01-04 21:06:00|2016-10-14 13:04:43
cunae|antea|2026-04-26 23:10:27|2020-08-30 07:11:38
comprehendo|cupio|2021-04-22 06:43:16|2025-10-21 06:12:17
vaco|aggredior|2023-12-29 19:58:49|2024-08-11 22:35:47
vulgus|cado|2019-10-11 22:25:15|2022-04-28 16:15:57
vespillo|cunctatio|2025-02-09 12:51:09|2024-05-19 16:41:19
solus|caelum|2018-03-06 23:40:25|2022-11-13 15:35:48
accommodo|crinis|2025-01-14 14:59:43|2024-05-08 18:26:27
nihil|clarus|2023-01-17 02:36:41|2018-04-11 01:20:16
capillus|vester|2018-03-19 14:03:59|2017-09-10 03:29:32
maxime|conservo|2019-07-10 01:09:15|2020-08-21 10:00:26
commodo|turpis|2023-12-28 19:37:26|2026-06-02 12:15:37
veniam|cibo|2023-08-19 21:52:05|2018-08-15 08:08:19
terebro|somniculosus|2018-08-06 02:11:59|2024-08-30 01:52:31
sulum|aestus|2017-11-26 06:29:27|2019-02-22 13:42:51
corrupti|animus|2025-02-03 13:58:07|2018-11-24 01:59:13
fugit|absque|2021-12-17 15:47:55|2024-09-28 22:55:07
taedium|adamo|2019-09-02 14:52:02|2018-09-04 19:27:46
et|curso|2024-01-22 16:40:34|2019-02-19 14:26:59
speciosus|trans|2017-05-29 03:09:21|2022-10-16 04:26:31
vita|crudelis|2025-09-11 15:41:34|2020-07-24 13:39:50
depromo|acquiro|2019-06-13 07:45:33|2018-07-03 18:52:44
absconditus|dolorem|2026-04-24 11:13:18|2022-09-04 17:41:34
sint|ulterius|2017-10-11 14:18:13|2025-11-05 14:04:48
crastinus|pecus|2026-06-14 22:12:04|2025-10-11 14:54:23
aedificium|copia|2019-03-04 02:03:45|2023-02-09 14:52:03
undique|usque|2025-03-02 18:18:33|2018-02-22 12:00:14
barba|undique|2016-09-27 04:24:36|2025-04-08 18:38:00
candidus|nihil|2024-08-28 21:16:20|2026-06-08 17:10:02
dignissimos|pauper|2025-01-22 18:51:55|2017-01-10 23:46:29
vulariter|odio|2024-04-17 16:11:37|2025-03-16 10:59:18
despecto|sapiente|2024-12-10 05:49:25|2017-02-05 17:13:30
amicitia|quod|2024-11-03 23:50:06|2017-05-12 21:43:27
xiphias|veritatis|2023-05-17 09:49:07|2019-12-28 21:30:49
pax|venio|2021-12-27 22:03:26|2025-03-21 20:28:22
cernuus|cultellus|2023-11-23 09:22:19|2026-01-30 01:41:25
aeger|villa|2024-05-24 22:56:08|2022-01-27 06:54:09
temptatio|vesper|2020-01-21 03:13:47|2025-01-25 12:23:39
tabesco|decor|2025-04-10 16:56:18|2020-07-08 13:23:13
cuius|curtus|2025-11-12 01:48:47|2023-02-23 11:37:43
trado|vulgivagus|2020-05-23 17:03:01|2023-06-11 12:35:02
amet|substantia|2023-11-08 20:54:36|2022-08-15 11:59:00
una|vae|2023-04-23 07:15:14|2024-08-29 10:51:08
volubilis|thalassinus|2025-10-20 20:52:29|2016-11-15 05:22:52
sordeo|comis|2020-01-18 00:50:32|2025-12-17 10:31:39
ante|tremo|2018-11-27 22:17:34|2023-04-09 20:27:55
deprimo|comitatus|2024-06-06 01:52:27|2019-01-18 01:04:13
cupiditate|derideo|2025-02-21 15:14:35|2018-08-14 21:39:37
bene|amicitia|2017-06-23 05:53:24|2026-07-28 20:12:28
custodia|cimentarius|2020-02-06 19:22:26|2024-03-24 07:15:43
carpo|amor|2026-02-08 09:05:15|2026-04-08 15:35:05
bellicus|quod|2020-07-22 10:08:12|2024-08-24 23:39:31
at|aro|2019-02-12 02:48:29|2024-11-22 21:57:51
aequitas|vereor|2020-09-24 23:11:03|2024-09-08 04:09:07
crux|illo|2022-02-02 09:01:47|2026-07-10 06:14:19
iusto|pauci|2024-02-02 16:07:56|2020-12-15 01:12:43
absorbeo|tergum|2020-06-07 12:58:09|2022-04-28 17:29:52
ago|adsum|2017-06-10 23:09:55|2018-12-16 10:40:44
corrupti|consectetur|2025-07-23 17:01:20|2025-10-01 14:32:25
compono|thema|2025-10-09 03:18:11|2025-02-24 20:55:20
spargo|conatus|2023-01-12 16:19:39|2024-04-06 06:00:59
acerbitas|modi|2023-05-26 07:06:39|2022-04-22 23:03:40
depulso|varietas|2020-05-02 00:05:22|2023-04-10 07:49:29
adsum|consectetur|2023-07-29 13:31:04|2024-05-31 10:07:49
aureus|celo|2021-07-23 22:23:04|2020-09-22 09:39:57
tergo|culpo|2018-01-30 08:34:29|2022-02-14 23:07:20
tutamen|videlicet|2021-10-31 23:05:46|2024-01-30 11:11:47
officia|terra|2026-03-12 04:02:52|2023-03-22 02:49:09
valde|sub|2025-04-06 08:04:24|2020-06-07 22:12:47
amplitudo|cedo|2023-12-09 06:45:48|2022-02-11 14:21:15
sui|validus|2025-01-28 15:59:18|2022-11-14 19:14:24
canis|dolorem|2024-03-24 23:13:47|2024-12-11 18:42:41
tam|collum|2025-04-21 08:34:14|2016-11-29 16:52:05
veniam|defluo|2025-12-02 15:44:15|2021-11-11 13:31:45
bellum|spes|2022-03-08 06:31:20|2023-10-12 23:33:28
tamen|auctor|2019-11-06 13:25:41|2020-11-23 20:09:09
pauper|usque|2021-12-28 21:56:43|2025-05-12 02:46:12
baiulus|communis|2016-09-29 12:47:32|2025-08-15 13:58:12
vinco|facere|2022-05-05 12:45:13|2024-09-26 20:34:02
tepesco|ut|2018-02-27 02:36:05|2021-10-05 12:18:18
toties|aliqua|2023-12-17 14:15:43|2021-06-28 10:50:50
solio|deprimo|2018-02-18 16:04:30|2023-02-20 06:03:44
stabilis|solio|2026-01-31 23:03:27|2016-09-24 10:21:56
provident|vos|2018-01-07 23:03:15|2024-08-16 14:56:00
eum|curatio|2020-12-05 22:45:03|2023-03-14 19:29:16
videlicet|vir|2020-07-21 20:57:30|2026-01-17 21:25:31
nihil|tondeo|2019-09-21 10:13:32|2022-04-07 20:04:47
vero|cornu|2020-11-25 09:49:43|2018-07-23 01:36:49
beatus|earum|2021-05-25 04:49:02|2019-08-27 04:51:26
certe|aperiam|2026-07-17 06:27:23|2020-08-29 21:07:37
adhaero|theologus|2018-12-07 13:54:14|2026-04-28 02:04:59
tribuo|theca|2019-08-22 16:02:39|2018-10-02 20:41:05
tergum|clarus|2023-01-30 21:00:24|2019-08-22 18:25:16
ascisco|tricesimus|2023-01-18 06:15:25|2020-06-06 16:15:31
cur|tabella|2023-12-14 01:24:45|2021-08-27 18:24:28
cunabula|desidero|2025-10-29 21:17:16|2024-11-23 19:42:54
corpus|titulus|2018-05-21 11:18:31|2022-04-12 15:32:02
sumptus|crebro|2024-09-01 15:13:18|2024-01-28 10:37:59
conspergo|alter|2021-01-23 17:57:47|2021-06-17 13:18:19
denuo|alioqui|2019-02-01 12:00:35|2022-09-01 06:26:35
alius|usus|2024-02-06 22:07:33|2026-08-02 07:25:00
cimentarius|conicio|2022-08-18 03:42:17|2025-02-25 15:05:26
tempus|conicio|2017-12-09 04:35:49|2022-03-02 08:12:56
ultio|tribuo|2025-09-20 06:01:20|2018-09-10 16:38:01
ipsa|alii|2018-09-20 15:02:44|2020-06-14 01:08:17
tot|ex|2026-04-29 09:22:09|2020-04-30 17:41:59
desolo|talus|2020-05-02 18:38:34|2017-11-20 03:01:25
molestiae|abscido|2022-10-20 07:37:53|2021-02-21 12:17:42
cerno|magni|2021-11-22 02:16:08|2024-12-14 20:00:11
ubi|earum|2023-01-08 00:16:17|2017-08-11 18:57:06
varius|virgo|2025-03-12 09:35:51|2022-07-17 05:15:52
aiunt|tero|2021-03-21 00:28:51|2019-05-30 21:11:24
copiose|damno|2018-09-17 01:12:39|2019-08-27 09:55:59
abduco|cinis|2016-10-31 12:12:50|2021-02-03 19:15:29
ustilo|speciosus|2026-01-03 20:06:42|2017-03-11 17:08:18
ad|denuncio|2019-06-21 06:05:42|2016-12-23 04:08:05
adulatio|occaecati|2019-07-08 01:35:52|2025-07-05 22:28:25
somnus|vallum|2024-12-05 22:17:01|2022-03-09 04:26:16
tenetur|collum|2017-12-06 17:17:32|2017-06-26 21:53:37
super|conturbo|2017-06-12 06:45:32|2025-09-28 00:52:19
curtus|taceo|2022-07-25 02:34:44|2024-11-16 04:52:35
verumtamen|desparatus|2022-06-09 09:43:28|2017-10-26 22:43:22
bis|tametsi|2026-06-16 02:06:18|2021-08-06 07:46:12
deleniti|capillus|2021-12-18 23:03:53|2017-06-17 20:54:45
approbo|veritas|2023-04-04 00:30:05|2017-06-01 09:37:35
ars|cura|2017-07-17 05:52:14|2020-07-11 09:20:08
repellendus|curo|2018-11-05 17:43:51|2016-09-24 23:18:03
cogito|atque|2021-04-20 05:02:11|2022-11-12 05:41:46
comptus|capillus|2024-09-24 19:31:24|2016-11-09 05:01:50
vado|tenus|2023-12-29 14:48:35|2025-11-16 05:10:23
vulticulus|deporto|2026-04-11 23:55:52|2022-07-13 05:25:44
aranea|cura|2025-11-13 11:54:47|2019-07-28 02:10:33
beatus|avaritia|2023-10-29 02:05:23|2024-01-09 01:40:52
voro|maxime|2022-11-03 20:36:55|2021-05-29 10:20:27
quasi|theatrum|2022-05-17 09:03:47|2020-01-03 03:37:16
solum|teneo|2019-12-06 23:12:43|2016-11-23 20:49:58
canis|cicuta|2018-06-12 00:05:32|2024-02-05 19:38:04
absconditus|texo|2017-05-15 12:34:41|2020-03-14 12:00:19
curis|vesco|2023-12-04 12:54:33|2024-02-09 16:34:36
libero|ascisco|2020-02-26 05:26:37|2017-07-16 13:00:44
atavus|cena|2023-03-18 01:59:20|2024-11-03 03:32:18
voluptate|magni|2023-07-21 16:28:13|2021-09-07 08:31:13
decipio|caries|2024-02-19 11:25:29|2025-01-15 06:01:36
nesciunt|comminor|2020-07-22 22:55:37|2020-04-21 02:20:28
uterque|cupio|2026-03-28 17:45:19|2020-01-28 12:24:28
beneficium|super|2021-09-24 18:21:41|2022-10-15 03:19:49
commodi|denego|2017-08-24 01:43:57|2022-11-28 00:53:39
amoveo|caries|2017-11-09 15:17:21|2023-10-02 18:13:21
vae|cur|2026-02-14 12:00:10|2019-01-16 01:35:18
valeo|capto|2020-05-16 12:54:36|2022-02-25 18:13:04
supplanto|summisse|2021-04-24 01:59:25|2020-10-06 17:45:32
absconditus|molestiae|2022-09-27 15:17:06|2026-07-21 01:19:32
urbanus|nemo|2020-09-21 09:38:50|2023-02-27 00:47:25
caelum|amor|2017-11-30 10:15:24|2019-08-05 16:39:21
adversus|enim|2019-03-05 13:26:53|2023-05-07 15:05:29
velut|vado|2018-10-28 01:36:18|2018-04-29 22:46:57
ater|cervus|2025-06-21 13:07:07|2025-12-17 04:09:45
caecus|nemo|2023-05-01 02:31:48|2024-05-30 10:01:39
bardus|sumptus|2017-03-18 22:05:57|2017-02-26 19:56:09
virga|defungo|2023-01-14 02:10:47|2022-12-28 04:02:02
quod|universe|2016-10-13 16:41:51|2025-01-03 07:07:53
pariatur|tolero|2025-03-26 02:16:01|2017-09-11 00:55:29
quaerat|tabesco|2024-03-11 02:11:01|2025-05-24 05:38:55
vos|conturbo|2020-06-19 04:07:08|2017-12-18 14:17:38
cognomen|tres|2018-09-15 05:11:41|2024-03-21 19:30:42
vaco|deserunt|2020-10-15 18:00:16|2017-09-01 03:33:52
socius|celebrer|2024-09-24 01:28:28|2023-01-05 02:45:36
distinctio|aetas|2023-03-14 02:52:33|2021-09-15 05:05:00
alo|assentator|2018-02-11 23:20:07|2021-06-14 21:53:06
tactus|triumphus|2018-12-20 17:29:57|2018-12-15 09:39:03
concido|triduana|2018-08-23 16:28:58|2018-05-06 23:02:34
tibi|fuga|2024-04-11 12:39:41|2022-11-15 14:40:07
volubilis|perspiciatis|2017-03-03 23:20:18|2018-08-23 22:50:35
substantia|minima|2017-02-24 19:07:37|2017-12-22 04:34:16
tubineus|labore|2022-03-29 22:27:32|2021-03-10 11:12:42
pax|vulgivagus|2025-10-06 14:27:54|2025-10-29 19:34:05
suggero|umbra|2016-12-24 16:53:41|2019-02-16 22:26:50
tenax|coaegresco|2017-06-23 09:20:43|2026-08-21 21:57:18
crudelis|tandem|2022-11-16 15:53:31|2026-01-05 00:13:08
valens|attollo|2016-10-24 11:13:36|2020-02-24 08:24:53
neque|demulceo|2017-12-02 12:15:38|2017-05-01 05:48:19
cicuta|utrimque|2023-06-10 15:42:06|2023-02-04 07:43:55
vere|tener|2021-04-07 00:46:36|2018-07-27 15:17:24
civis|autem|2023-11-22 20:06:40|2018-07-21 06:14:49
contabesco|aetas|2023-06-04 07:00:16|2026-08-19 04:05:38
cenaculum|cariosus|2017-08-11 23:52:44|2017-03-12 10:13:51
aiunt|nostrum|2018-08-09 07:43:48|2017-11-26 15:29:37
utique|surculus|2023-01-21 01:17:32|2024-04-21 13:28:37
cavus|volaticus|2020-11-15 01:45:31|2018-02-01 16:13:26
cattus|odit|2018-08-19 07:02:44|2020-09-22 15:35:39
vinum|vero|2024-08-18 11:15:23|2021-01-12 15:39:41
baiulus|villa|2016-11-10 22:16:07|2020-12-06 05:48:20
volutabrum|utpote|2023-11-13 10:36:01|2023-03-10 21:10:55
acies|dolor|2017-03-06 08:09:49|2019-03-12 18:18:28
abbas|quos|2017-01-26 04:53:09|2020-04-07 00:04:53
crur|concedo|2023-06-02 13:45:33|2024-06-22 16:21:59
allatus|tabula|2017-07-05 07:36:29|2018-10-05 11:21:57
magni|varietas|2020-03-23 02:07:18|2019-05-02 18:28:12
possimus|subvenio|2025-01-20 00:57:27|2020-04-16 17:22:35
veritatis|terga|2018-09-04 01:14:03|2022-07-26 10:45:05
error|recusandae|2018-01-02 17:14:35|2026-07-07 20:43:05
accommodo|pauper|2019-09-04 11:51:29|2017-09-03 17:41:42
defero|decipio|2018-07-30 12:51:02|2016-12-29 04:26:48
dedico|convoco|2017-07-02 11:52:35|2020-12-05 05:58:16
demoror|terra|2020-09-20 16:58:47|2018-05-03 01:52:01
crapula|congregatio|2022-12-04 18:59:22|2019-03-20 17:22:28
quos|aro|2021-10-21 22:30:57|2022-05-09 12:01:43
curto|credo|2024-09-10 03:36:37|2026-01-06 21:21:47
arto|nihil|2022-01-16 11:58:25|2020-09-23 08:25:43
eum|clementia|2018-05-07 12:25:51|2026-02-23 21:03:02
tactus|bellicus|2026-03-31 08:51:41|2024-01-19 08:06:12
curriculum|conventus|2024-08-28 03:12:51|2017-09-20 10:03:54
adnuo|adnuo|2022-11-04 02:56:31|2021-08-03 13:41:57
curso|argumentum|2021-12-11 23:30:27|2017-03-12 04:23:00
cibo|solvo|2017-06-01 14:35:55|2023-10-24 16:45:10
creator|caries|2025-11-14 17:23:24|2016-09-28 21:14:30
sortitus|arbitro|2019-08-24 08:53:54|2021-11-12 02:22:20
acerbitas|caelestis|2021-01-10 12:11:47|2023-01-19 11:57:36
ceno|defendo|2025-09-29 16:58:43|2018-02-03 18:17:24
sunt|valde|2021-10-28 14:29:03|2022-06-16 00:04:52
ex|adopto|2016-12-15 07:21:29|2017-08-27 18:13:04
autus|eligendi|2019-02-17 11:37:13|2017-05-14 21:36:36
eligendi|deorsum|2022-01-31 08:02:01|2021-04-09 05:59:15
sui|iste|2023-09-08 22:58:12|2026-04-21 19:02:30
ventosus|quis|2020-12-21 03:06:12|2025-09-22 16:15:08
quas|cruentus|2022-11-18 16:52:04|2022-02-27 03:09:30
libero|viridis|2022-10-09 06:01:08|2025-03-15 04:18:18
adaugeo|cupressus|2020-05-10 01:12:19|2017-04-23 22:26:08
tenax|textilis|2017-01-22 18:40:49|2017-10-22 06:54:55
usque|aggredior|2023-03-22 23:52:40|2020-10-31 13:12:21
coma|compono|2020-04-03 19:44:29|2021-05-04 12:10:10
aequus|velum|2017-02-18 07:11:10|2021-01-08 20:56:09
verto|adiuvo|2024-01-17 19:45:40|2023-07-12 19:42:48
suffoco|repellendus|2019-07-04 01:45:08|2024-02-03 09:02:09
caterva|astrum|2026-01-26 13:03:00|2016-10-25 10:18:18
arcus|caute|2024-03-04 06:20:12|2023-03-03 04:37:19
torrens|cursus|2026-03-17 08:03:05|2022-04-15 14:29:15
trado|vomer|2018-01-13 06:07:33|2017-09-17 03:37:08
demergo|sollicito|2020-06-10 15:55:43|2017-03-29 10:03:06
curatio|clamo|2025-01-17 01:06:04|2025-11-27 21:09:39
voluptas|depono|2026-04-09 11:48:57|2024-09-29 17:56:24
atrocitas|tamen|2019-12-01 11:59:14|2019-12-11 18:29:15
demo|cultura|2024-12-08 12:19:06|2021-11-10 06:37:58
viduo|aperio|2025-10-18 06:53:20|2021-01-30 15:51:57
aspicio|appositus|2018-05-13 22:02:18|2023-03-13 04:58:24
angelus|tabula|2025-02-23 14:06:31|2026-08-16 14:49:00
vaco|absens|2021-04-19 10:22:16|2018-07-17 04:07:49
ancilla|ver|2018-04-23 00:34:15|2021-03-20 01:10:04
denuncio|adiuvo|2026-04-27 12:42:06|2022-03-19 15:15:54
tollo|cenaculum|2026-05-25 23:09:27|2022-11-27 06:22:19
amitto|denuncio|2026-05-31 16:37:47|2018-01-09 19:21:08
contego|qui|2022-08-09 16:24:38|2022-03-22 00:23:18
theca|conculco|2022-09-10 17:36:14|2018-10-04 15:31:51
conturbo|sub|2026-07-05 11:12:32|2024-10-04 05:25:01
villa|dolorem|2025-10-04 16:22:11|2021-12-24 23:35:32
stillicidium|toties|2022-06-19 21:14:33|2018-07-11 03:25:56
abduco|tenuis|2018-04-29 05:28:03|2017-10-13 13:21:59
aetas|auxilium|2019-11-11 20:20:42|2019-09-08 19:28:05
vulariter|copiose|2018-09-11 10:57:03|2022-12-15 03:37:59
quasi|templum|2026-07-27 23:02:31|2020-05-06 11:10:15
corrupti|tersus|2017-08-26 05:54:51|2026-03-03 08:13:19
defero|pecto|2019-08-28 15:17:53|2020-10-31 08:00:19
bardus|tego|2019-03-04 00:17:27|2021-06-10 20:59:19
accedo|vita|2022-09-20 11:44:06|2016-09-29 14:41:08
cogo|cunctatio|2024-09-21 20:18:09|2025-07-06 03:17:09
vae|agnitio|2016-10-14 10:09:14|2020-04-28 15:20:22
tantillus|numquam|2020-09-03 16:07:35|2026-02-02 23:12:57
spero|complectus|2017-05-28 03:03:01|2025-05-12 09:26:03
alias|corporis|2021-03-11 13:23:58|2018-08-25 03:35:10
curia|admoveo|2018-07-31 08:48:20|2024-01-29 02:43:27
celer|cicuta|2023-06-01 02:09:31|2023-12-01 23:37:59
triumphus|vulnero|2023-02-13 04:11:56|2021-11-04 21:18:44
sperno|adhaero|2022-10-08 21:08:51|2018-02-28 22:39:17
assentator|cum|2024-04-01 20:33:10|2018-07-25 19:41:48
amicitia|alter|2024-08-12 23:01:21|2016-10-15 01:04:41
velit|aliquam|2019-07-21 14:19:09|2018-10-11 15:29:50
somnus|nulla|2024-07-04 14:10:39|2026-05-20 13:39:30
varietas|calcar|2023-10-11 11:12:20|2024-06-28 10:45:57
tametsi|accommodo|2021-01-21 03:08:41|2022-10-28 16:50:14
aestas|sumptus|2021-08-10 15:50:26|2021-05-22 12:54:27
labore|correptius|2022-05-29 21:17:56|2024-04-08 11:44:39
subnecto|theatrum|2022-10-29 01:02:51|2019-09-07 19:22:40
deorsum|canto|2025-05-20 18:34:23|2019-11-28 03:05:24
aequitas|adopto|2020-04-30 06:43:24|2022-08-17 18:03:58
beatus|viriliter|2017-09-27 04:23:16|2021-01-18 07:09:42
astrum|chirographum|2018-11-18 04:41:58|2016-10-08 21:04:19
derideo|demulceo|2018-01-18 11:32:48|2022-10-26 22:39:04
bis|venustas|2026-07-06 05:06:20|2021-08-07 19:07:52
sodalitas|vinco|2021-12-15 09:49:19|2017-05-07 05:55:14
suffragium|depono|2023-01-30 15:34:32|2025-12-28 13:36:54
tolero|celer|2026-02-22 22:38:00|2026-06-04 10:58:37
atavus|basium|2026-09-05 01:27:42|2022-04-23 18:21:34
corona|patior|2026-03-27 09:39:27|2018-10-14 03:11:49
vicinus|curiositas|2019-02-08 12:05:44|2021-01-04 02:02:19
nesciunt|tego|2017-01-14 16:31:49|2017-11-01 12:01:50
vetus|provident|2018-07-30 08:16:31|2024-05-14 19:51:14
vinitor|carcer|2021-07-24 04:55:21|2024-10-07 10:52:56
tendo|laborum|2017-02-19 02:40:32|2023-11-26 01:23:24
ad|decumbo|2018-05-09 14:29:46|2023-06-13 08:06:28
occaecati|volva|2024-09-06 09:56:35|2021-10-08 06:52:24
arx|thorax|2018-09-09 18:21:53|2026-07-31 01:40:22
vox|laborum|2018-04-01 03:19:31|2025-03-03 01:15:52
tego|delego|2016-12-03 10:19:51|2023-06-08 08:02:22
strues|reprehenderit|2024-07-14 04:36:46|2025-11-10 11:07:50
iste|circumvenio|2018-06-29 17:06:16|2026-05-16 05:54:10
ante|vilis|2023-10-14 04:59:34|2021-06-05 15:10:28
labore|terga|2020-03-17 16:17:11|2023-11-11 11:32:26
volva|comprehendo|2018-02-27 20:41:29|2026-06-26 23:16:59
comis|vociferor|2019-10-25 20:42:35|2017-06-22 20:57:49
quasi|victus|2019-04-30 03:01:23|2025-03-12 21:42:16
curo|cerno|2025-08-10 08:00:36|2019-10-30 01:07:08
cogito|vulgus|2023-05-24 14:10:54|2026-01-18 00:02:53
utrimque|acerbitas|2022-05-31 22:28:04|2022-03-01 05:19:19
xiphias|vesica|2025-06-03 04:03:38|2018-03-09 03:46:55
minima|ipsum|2019-02-26 09:28:38|2019-01-05 22:48:56
villa|theca|2019-10-30 02:45:32|2025-05-03 04:09:00
suus|textilis|2018-09-23 05:58:37|2021-12-26 04:46:54
qui|placeat|2019-08-22 02:08:40|2019-09-16 00:17:40
omnis|absorbeo|2017-10-02 21:01:51|2022-03-20 17:27:28
deleo|cena|2017-06-23 14:31:00|2024-01-28 16:03:17
crebro|conventus|2024-03-13 01:18:57|2018-02-22 15:50:55
eaque|pectus|2024-12-25 12:34:33|2017-03-13 01:25:53
vulnus|nesciunt|2018-11-14 05:40:43|2020-04-13 09:00:37
studio|dicta|2022-08-23 10:11:09|2024-07-26 07:52:40
deficio|validus|2025-03-08 10:06:00|2020-08-24 10:07:16
porro|circumvenio|2016-10-23 01:48:29|2020-10-21 11:05:46
demulceo|altus|2025-01-23 03:03:32|2020-08-09 03:57:13
eos|allatus|2023-12-11 03:42:45|2025-01-26 12:55:36
cerno|audio|2021-10-13 23:42:08|2020-01-20 21:05:21
decumbo|voluptates|2021-12-20 08:39:35|2026-06-02 17:01:00
coruscus|circumvenio|2024-11-27 06:46:24|2023-06-11 06:17:44
territo|stultus|2017-01-19 04:02:02|2024-09-14 00:45:21
adimpleo|tutamen|2022-06-22 16:27:50|2023-11-11 14:40:27
autem|amita|2022-08-02 22:27:18|2020-11-02 03:46:31
consuasor|conitor|2023-04-13 10:43:18|2022-12-12 16:53:01
peior|sunt|2020-01-12 07:20:12|2019-08-12 08:53:45
corpus|armarium|2021-07-25 11:49:39|2019-05-09 10:58:56
necessitatibus|carcer|2019-07-06 07:39:51|2024-08-29 01:43:22
admiratio|depereo|2024-02-13 05:57:21|2022-04-30 05:12:11
ubi|caelestis|2026-01-20 12:03:01|2018-04-07 04:26:33
doloribus|ater|2026-07-07 11:29:05|2022-03-02 00:50:58
vergo|vos|2025-07-16 20:03:48|2022-05-25 04:51:47
torqueo|at|2019-06-19 18:55:33|2017-02-18 14:29:29
cattus|exercitationem|2018-05-17 08:52:44|2025-03-16 15:39:34
compello|aggredior|2023-01-03 18:19:38|2019-04-19 14:36:40
constans|audio|2017-12-08 14:55:43|2021-03-22 04:02:14
illum|vaco|2020-04-14 06:12:22|2025-07-03 03:37:19
impedit|sortitus|2023-06-18 23:57:52|2023-04-17 17:28:43
deficio|deludo|2021-09-10 20:07:21|2024-12-28 11:10:19
calcar|aduro|2024-03-01 14:36:16|2017-04-29 01:02:42
deleo|sto|2023-02-04 20:56:59|2024-07-31 20:27:18
acervus|cibus|2021-07-12 18:25:39|2020-08-31 14:06:59
bellum|umerus|2023-12-16 21:44:40|2025-04-11 06:15:57
beneficium|tabula|2018-03-25 03:52:24|2019-08-31 23:11:41
adimpleo|velit|2025-05-18 09:23:23|2025-03-23 11:23:52
commodo|depono|2017-01-01 21:29:58|2019-10-30 09:56:27
corrigo|cupiditas|2022-04-15 06:17:12|2024-11-09 12:01:49
excepturi|vinitor|2018-07-29 04:05:36|2023-08-01 01:23:23
conculco|aptus|2020-11-04 22:46:55|2020-02-10 15:37:52
condico|ago|2020-06-08 14:18:37|2016-12-08 08:17:00
cena|xiphias|2017-05-20 20:24:03|2019-10-21 01:23:37
una|sequi|2024-03-21 01:10:51|2024-05-25 16:02:46
strenuus|labore|2025-06-20 03:41:01|2021-08-20 12:43:02
cohibeo|creber|2024-10-26 11:30:52|2017-07-15 14:57:52
uter|volutabrum|2018-08-04 08:28:20|2024-12-08 01:09:27
aspernatur|argumentum|2024-10-15 14:46:44|2023-02-21 14:59:36
depraedor|tunc|2020-09-20 02:41:55|2025-11-17 20:52:11
teneo|bonus|2019-07-23 06:46:42|2021-07-17 05:02:53
tantum|depulso|2022-12-25 09:01:32|2025-07-31 05:50:17
possimus|rem|2019-01-01 08:51:07|2021-12-08 16:56:01
cuppedia|terra|2019-11-06 23:01:23|2023-09-24 14:27:30
harum|audentia|2020-10-26 05:19:11|2019-12-27 23:34:02
copia|tumultus|2021-08-14 15:56:39|2025-09-03 08:39:53
cuppedia|nisi|2021-02-09 01:18:17|2023-09-09 14:36:53
deleniti|creber|2026-01-31 12:56:57|2024-12-19 23:13:44
adaugeo|corpus|2023-08-20 02:16:11|2019-11-11 08:49:01
similique|suggero|2020-01-31 09:14:16|2023-02-09 10:09:37
depereo|ulterius|2020-02-03 21:29:06|2017-09-17 07:56:13
id|clam|2025-09-05 19:25:45|2021-11-03 22:58:54
contabesco|temeritas|2023-02-03 16:55:41|2025-01-29 12:53:34
maiores|demitto|2023-12-06 14:36:47|2018-10-10 02:28:59
atque|depono|2021-11-02 23:33:15|2016-12-08 09:57:03
dolorum|inflammatio|2016-10-18 13:45:57|2021-09-26 03:21:40
clamo|templum|2018-06-24 09:58:27|2026-04-22 06:54:53
sursum|est|2016-09-30 02:37:19|2024-04-13 18:17:34
auxilium|sumptus|2019-10-25 22:11:13|2021-10-08 17:12:33
magni|animi|2020-10-30 21:19:07|2018-11-24 15:57:18
sortitus|somnus|2022-11-24 00:44:38|2022-08-08 15:43:51
depopulo|ascisco|2020-01-30 16:25:05|2016-11-28 17:18:59
civitas|damno|2020-06-23 13:05:17|2020-02-05 19:33:16
degusto|adopto|2017-07-06 17:06:06|2016-11-03 08:39:19
apparatus|tamquam|2022-10-02 11:36:55|2019-11-21 23:57:57
statua|callide|2024-06-06 03:50:51|2024-09-13 10:02:39
collum|nihil|2024-06-24 13:22:58|2024-08-12 08:40:35
totam|benigne|2025-08-22 21:26:04|2022-02-10 02:38:43
absum|amplus|2018-01-23 15:51:43|2022-01-24 21:23:37
sophismata|tactus|2022-02-22 07:06:53|2016-09-17 18:56:06
quis|civitas|2025-08-22 17:56:38|2019-04-18 10:19:02
cimentarius|quibusdam|2016-10-11 19:09:12|2025-02-01 03:03:21
aufero|defessus|2020-02-18 08:09:18|2026-05-09 02:20:45
ancilla|vulnus|2025-03-08 13:35:06|2019-08-10 20:29:43
pecco|tam|2022-07-09 21:29:46|2025-08-28 04:37:05
denuo|quas|2022-11-03 16:25:08|2023-04-12 16:30:01
trepide|terror|2016-11-15 14:16:04|2023-12-10 08:20:36
caries|avaritia|2020-07-24 10:16:00|2020-04-12 12:02:10
triumphus|crepusculum|2025-01-04 12:43:35|2025-12-05 04:28:13
capillus|tunc|2019-03-18 15:09:16|2026-04-10 13:55:46
tot|quidem|2024-11-27 17:05:00|2018-12-19 09:56:05
temporibus|alo|2024-10-30 17:21:20|2023-05-18 20:45:33
claudeo|sono|2023-02-23 09:08:18|2023-03-21 23:24:21
unus|denuncio|2017-06-18 04:21:33|2020-03-03 20:11:03
truculenter|cauda|2020-05-12 18:59:43|2024-04-28 22:23:34
vesper|vado|2021-08-16 19:39:32|2025-11-22 04:50:34
vulnero|teres|2025-07-17 08:52:51|2022-02-17 03:48:43
iste|cimentarius|2019-12-07 20:47:50|2019-11-09 18:05:00
validus|universe|2017-12-16 16:20:31|2024-08-17 11:46:57
amplexus|neque|2025-03-18 15:38:43|2024-07-19 21:02:19
casso|cotidie|2018-06-21 03:34:15|2021-08-31 16:25:16
tubineus|supellex|2021-02-06 10:12:31|2023-07-04 06:04:28
complectus|adinventitias|2020-10-03 12:26:01|2018-08-14 03:28:17
audentia|villa|2019-02-25 10:10:44|2022-06-07 09:51:31
cornu|coerceo|2023-05-24 13:40:26|2022-12-21 17:30:42
clibanus|cura|2017-03-04 14:08:56|2026-04-13 11:46:43
caelum|ubi|2017-10-21 07:12:57|2017-04-12 11:25:24
curatio|ea|2019-05-24 12:29:12|2023-07-10 23:05:29
distinctio|dapifer|2022-10-04 01:45:35|2019-01-05 07:19:48
conscendo|trado|2026-06-19 07:42:52|2017-10-22 14:03:16
sublime|expedita|2024-07-11 07:45:18|2023-03-21 16:05:38
neque|basium|2020-05-22 11:56:49|2023-03-06 18:28:36
curia|addo|2019-07-29 08:48:04|2023-07-25 22:45:11
argumentum|depraedor|2022-06-23 00:00:33|2016-12-11 19:46:26
acsi|coerceo|2020-04-06 14:05:17|2017-06-28 19:19:26
talio|corpus|2018-11-25 02:07:51|2020-03-17 16:35:58
statua|tonsor|2024-12-01 12:02:46|2025-09-12 06:14:19
toties|colligo|2019-03-06 10:23:56|2025-09-26 23:23:48
audio|patior|2020-12-16 07:39:15|2025-05-28 02:45:42
vesco|urbanus|2022-03-05 21:55:22|2016-12-14 07:50:50
tener|crapula|2020-05-26 10:47:35|2020-01-30 19:11:46
vereor|magni|2020-02-10 03:49:54|2023-01-23 04:38:33
veniam|unde|2024-03-04 20:47:22|2024-08-30 06:10:49
auxilium|delinquo|2018-05-30 19:43:20|2017-07-14 09:41:08
torrens|valens|2023-08-27 22:05:31|2018-05-25 14:15:51
aro|cunctatio|2018-04-11 02:02:23|2025-06-07 04:13:41
vero|suppono|2025-01-12 08:15:21|2021-02-12 07:44:36
cimentarius|admoveo|2018-01-13 04:58:53|2023-04-19 20:22:52
terminatio|vinitor|2016-09-17 11:48:37|2017-02-25 20:29:55
arcesso|valens|2019-10-01 11:20:38|2026-06-29 21:09:00
pauci|bellicus|2023-02-05 18:11:42|2021-07-07 09:25:30
umbra|tristis|2018-05-07 04:16:55|2024-09-15 07:22:14
toties|defetiscor|2016-09-21 13:48:59|2023-03-18 17:07:09
admoveo|cenaculum|2022-12-05 07:25:30|2022-10-30 02:37:36
tondeo|patior|2018-08-14 23:20:28|2023-04-19 11:00:21
adopto|cupio|2025-10-18 22:37:41|2022-01-23 03:43:47
accedo|atqui|2022-05-19 16:44:10|2022-02-21 16:27:08
tolero|vulgus|2025-04-27 02:16:08|2025-09-16 03:21:41
territo|aveho|2016-10-21 11:23:58|2019-10-25 03:28:27
crastinus|pecus|2024-11-23 02:56:02|2025-11-07 10:45:12
ustulo|cena|2025-01-07 01:05:55|2025-11-19 22:16:14
utrum|sum|2026-01-08 16:47:36|2021-11-27 10:46:57
vis|vigor|2018-10-10 01:27:14|2019-09-27 05:11:34
tracto|arbustum|2020-12-30 04:11:55|2026-05-09 05:31:59
inflammatio|id|2019-03-05 07:23:26|2017-01-26 13:14:55
suscipit|curriculum|2019-01-24 03:08:34|2018-07-14 09:27:49
valde|curso|2019-02-10 07:05:56|2022-11-15 04:06:08
praesentium|acidus|2020-08-30 06:28:30|2022-02-24 18:13:23
deporto|centum|2019-06-15 08:54:27|2020-10-14 01:32:40
laborum|viriliter|2024-03-02 16:39:44|2024-10-06 18:23:09
caelestis|explicabo|2017-01-02 15:07:29|2022-07-25 03:44:51
conventus|spectaculum|2020-12-20 14:13:15|2022-01-27 15:43:35
confero|totus|2017-07-17 04:46:46|2018-02-20 02:32:28
admitto|benigne|2023-04-29 09:23:02|2026-08-02 13:45:00
vulticulus|sopor|2025-08-09 10:25:07|2019-02-18 04:39:41
communis|adflicto|2026-03-23 20:40:48|2023-04-10 16:50:29
pauper|toties|2024-01-23 19:51:40|2018-08-20 19:18:46
cognomen|velut|2022-12-15 16:58:11|2025-07-01 23:28:32
correptius|barba|2023-10-01 03:29:59|2019-06-05 04:28:26
creator|cohors|2021-11-25 00:11:18|2016-09-12 13:54:02
decretum|attero|2019-08-23 17:01:40|2020-06-07 17:17:28
arcus|aduro|2020-05-18 23:14:21|2024-09-11 08:03:31
eos|pauper|2025-03-16 11:09:40|2019-03-29 02:52:19
aliquid|avaritia|2021-11-30 03:48:22|2021-07-04 03:02:46
aliqua|repudiandae|2019-03-10 13:37:06|2023-10-18 19:19:22
cavus|viriliter|2022-12-14 03:50:54|2018-08-14 12:15:20
demergo|tego|2022-12-25 07:29:57|2020-02-24 07:54:16
autus|altus|2024-06-06 02:51:38|2020-05-01 03:15:44
crudelis|patrocinor|2019-09-16 17:26:37|2022-09-03 21:00:05
cilicium|quas|2022-01-29 00:53:13|2026-07-06 09:28:22
altus|summa|2024-11-21 20:08:46|2018-03-24 12:16:22
inventore|calco|2025-01-03 12:31:00|2020-11-19 03:36:37
tum|turpis|2017-04-08 09:24:25|2019-07-27 12:54:00
tibi|tabella|2025-11-20 20:24:02|2020-11-11 16:14:56
certe|vulticulus|2021-10-15 19:32:49|2025-07-17 05:48:13
maxime|demergo|2022-08-28 17:51:56|2025-01-12 16:07:48
acsi|vesica|2026-04-21 18:14:22|2018-04-28 02:45:57
sumptus|deripio|2024-11-29 20:54:07|2024-07-16 23:42:08
voveo|canonicus|2021-01-24 09:24:00|2025-07-16 21:12:52
utroque|articulus|2017-09-11 17:16:46|2018-05-10 03:01:56
adimpleo|triduana|2020-01-30 15:01:37|2016-12-31 14:04:12
vallum|cimentarius|2025-11-07 04:28:53|2024-08-15 04:18:37
solutio|comitatus|2020-10-18 00:20:29|2022-10-03 21:22:19
alius|assentator|2024-01-02 14:40:36|2018-08-15 15:55:51
adulescens|denuo|2024-08-04 09:35:28|2020-04-30 18:57:35