paciente_id|fechaactividad_dt|actividad_cd|recurso_st
denuncio|2021-01-25 02:31:37|nemo|spiritus
admoveo|2025-04-28 14:04:20|summopere|patria
vitium|2021-04-08 14:14:59|maxime|eos
cibo|2017-09-26 09:12:36|conspergo|suffoco
arx|2024-05-04 05:09:28|corroboro|quae
creber|2025-10-11 06:58:59|comminor|adopto
bestia|2020-07-06 13:30:30|clementia|consectetur
vetus|2025-12-28 22:39:24|tenetur|avarus
conventus|2019-12-17 03:17:33|carcer|somniculosus
conduco|2022-09-11 05:18:32|suspendo|admoneo
vox|2023-11-03 14:39:33|canis|vomica
tempus|2023-02-20 23:49:34|vesper|deserunt
tertius|2017-01-01 13:22:55|utique|comis
quo|2025-06-24 20:15:38|ab|vitium
vaco|2020-11-01 04:03:24|terror|eligendi
careo|2023-01-24 20:00:27|tactus|tabesco
nihil|2025-08-16 17:45:04|ipsam|tempus
vesco|2020-07-24 19:39:01|asper|admiratio
capio|2024-01-07 21:33:13|accusator|exercitationem
corona|2026-09-02 18:00:24|velit|tepesco
averto|2016-09-25 10:38:16|deorsum|sunt
stipes|2022-10-12 01:55:16|casso|molestias
dedico|2020-01-04 14:12:57|caritas|caterva
clamo|2025-12-03 15:29:13|volaticus|colligo
dens|2016-12-01 17:57:29|damno|decretum
tenetur|2026-07-05 14:26:27|bellum|denuo
virtus|2018-12-07 10:06:51|adsidue|deleo
timidus|2026-05-25 08:49:44|convoco|recusandae
audacia|2019-08-18 09:18:14|minima|quod
commodo|2022-08-09 00:19:20|vomica|crepusculum
cohors|2022-06-25 19:38:29|cum|vomica
laudantium|2019-02-11 06:55:04|aranea|animadverto
esse|2023-05-22 08:31:03|super|unus
victoria|2018-01-12 05:29:11|caute|tabesco
titulus|2025-02-16 06:07:18|pecto|comes
defluo|2019-08-07 18:02:55|tergeo|paens
comedo|2021-03-05 08:02:21|vicinus|thesaurus
carbo|2025-05-19 15:40:53|astrum|suscipit
vigilo|2016-10-27 23:25:29|defungo|viriliter
delibero|2021-05-24 15:22:33|virtus|defungo
antepono|2024-07-25 12:58:22|iste|volo
absorbeo|2025-03-03 14:55:04|verbum|blanditiis
debilito|2019-08-29 15:40:07|territo|arbitro
clementia|2024-07-20 12:00:28|arto|temeritas
congregatio|2024-07-21 04:20:29|cupio|confero
tandem|2022-10-17 04:36:29|cuius|corpus
ultio|2016-12-11 14:53:15|infit|ustulo
careo|2024-04-22 00:30:54|saepe|vergo
capitulus|2018-06-27 01:55:13|optio|ater
caste|2025-10-19 01:28:23|taedium|alioqui
inflammatio|2022-05-18 06:08:12|adversus|cognomen
sollicito|2021-10-01 19:22:12|vespillo|arma
cribro|2023-09-21 01:38:54|casso|minima
approbo|2025-09-10 04:14:49|abscido|argumentum
ventito|2018-11-11 15:24:59|clibanus|caterva
doloribus|2023-10-28 13:14:51|cariosus|libero
incidunt|2025-07-23 07:58:56|speciosus|appositus
consequuntur|2026-03-25 20:40:19|suppellex|cohibeo
tempus|2021-07-24 07:12:34|tracto|tollo
tunc|2026-04-14 04:20:35|tandem|vulticulus
defetiscor|2020-08-02 05:31:41|sperno|tibi
comprehendo|2019-06-30 13:03:51|auctor|cito
sapiente|2016-12-07 11:22:56|defendo|dolore
fuga|2018-04-28 02:12:34|thalassinus|decet
studio|2018-01-03 16:27:20|decens|aestas
angulus|2022-12-03 06:18:41|libero|aestas
via|2017-12-29 01:26:25|valde|crustulum
correptius|2022-01-21 08:20:21|depopulo|accendo
conscendo|2026-08-03 02:31:39|aeneus|bardus
arbustum|2025-03-06 23:55:49|earum|defungo
spiculum|2021-12-30 22:29:12|ustilo|tener
sumptus|2017-05-14 23:58:07|vitiosus|dolorem
amicitia|2025-03-10 01:22:44|decumbo|torrens
capto|2023-09-25 11:43:48|aliquid|capitulus
amplexus|2024-06-08 01:52:44|aggero|delicate
cunabula|2020-05-21 08:36:35|amor|tamen
uredo|2018-06-21 10:06:13|attollo|aperte
certe|2018-11-07 21:31:18|sint|vomito
atque|2020-09-29 08:39:21|corpus|trado
arma|2021-03-17 17:00:10|vinculum|utrum
condico|2024-03-26 04:37:52|barba|decipio
depulso|2021-10-23 13:42:10|delicate|alii
volubilis|2020-03-03 14:36:12|tamdiu|mollitia
acceptus|2025-11-22 22:09:18|acidus|crastinus
acer|2019-04-21 12:40:24|cena|viscus
cedo|2024-07-26 07:40:03|velum|accendo
solio|2025-04-23 08:55:08|defetiscor|verumtamen
admiratio|2018-10-12 18:02:01|illum|constans
decet|2018-02-08 22:34:23|acquiro|conturbo
tenuis|2023-06-12 21:51:17|carcer|suffoco
vestigium|2017-08-07 06:41:13|vilis|aperte
aspicio|2026-05-11 12:02:14|ascit|explicabo
dapifer|2021-03-27 17:30:06|provident|substantia
sortitus|2019-10-31 06:25:21|vix|vulnero
cimentarius|2019-07-03 14:33:54|adficio|quod
caterva|2024-12-14 20:09:58|aliquid|ut
quisquam|2024-09-05 18:48:16|peccatus|viduo
ex|2021-08-22 11:06:03|caries|defetiscor
arx|2022-05-07 03:21:43|antiquus|attollo
tandem|2026-06-01 00:35:37|taedium|tristis
accusamus|2023-11-06 17:16:31|quia|talio
ambitus|2020-06-02 01:07:09|benevolentia|aegrotatio
tenus|2020-04-07 00:00:13|delinquo|molestias
cubicularis|2019-10-04 07:04:26|culpa|aliqua
cauda|2018-08-21 13:50:13|curto|corrupti
consequuntur|2020-10-01 10:43:45|complectus|textus
assentator|2021-08-09 04:56:23|nulla|trucido
ago|2022-11-15 18:13:07|conduco|vis
absque|2026-02-07 05:30:00|nesciunt|tubineus
arx|2025-01-05 19:02:41|cupiditas|basium
subnecto|2017-07-14 11:14:37|uredo|recusandae
tremo|2016-10-29 00:09:15|canis|volva
cimentarius|2019-06-06 11:46:42|antepono|vilicus
summa|2025-09-07 01:26:37|deporto|voluptatem
fuga|2021-10-31 22:25:04|civitas|color
annus|2023-06-10 15:11:49|celo|terga
deficio|2023-09-28 23:28:53|vesica|temporibus
quae|2019-11-15 11:55:23|optio|aqua
vomito|2026-01-08 18:50:08|censura|carcer
veritas|2022-04-04 10:04:51|ullam|necessitatibus
asper|2024-03-09 09:52:37|vallum|volaticus
curso|2025-07-01 13:11:55|velut|beneficium
tergeo|2020-07-24 07:00:26|sono|acervus
vulgo|2021-04-05 19:50:23|conicio|aperiam
stabilis|2025-11-27 04:59:21|angulus|umbra
tandem|2023-08-07 15:54:46|nihil|suppellex
super|2023-08-07 09:43:50|exercitationem|auctus
canonicus|2025-01-16 06:41:56|audax|vel
animus|2021-10-11 07:42:47|aestivus|contego
arca|2022-04-11 01:51:05|corpus|atrocitas
usus|2016-11-21 11:49:07|audax|vicissitudo
degero|2026-07-03 21:08:20|templum|culpa
contra|2022-02-24 05:54:00|vomica|velut
illo|2017-05-31 11:41:48|velit|audentia
teres|2021-04-13 14:00:39|teneo|desino
deduco|2021-04-12 07:44:24|auditor|versus
possimus|2023-08-11 04:28:18|avarus|dolores
aptus|2024-12-28 00:14:53|clam|convoco
anser|2023-04-16 01:04:33|commemoro|temporibus
ea|2025-12-20 14:34:42|apostolus|denuncio
deorsum|2023-12-27 00:54:59|delego|vulariter
amitto|2019-04-26 12:10:28|accommodo|utrum
cado|2024-10-14 11:11:51|valeo|verus
peior|2023-04-23 07:31:28|ante|agnitio
incidunt|2026-05-24 06:46:59|spero|cresco
adnuo|2025-08-03 13:58:38|vitiosus|illum
aperio|2023-08-24 09:25:13|terebro|defendo
molestiae|2020-11-30 19:36:22|tutamen|bellicus
facilis|2023-03-23 06:28:05|ante|apto
accedo|2021-02-18 02:56:02|sollicito|ulterius
cervus|2018-04-18 01:04:36|adipisci|voluptatum
tabgo|2018-04-08 08:30:08|tandem|circumvenio
arto|2023-11-21 08:46:16|solum|ait
cotidie|2026-07-23 22:11:24|amet|suspendo
defaeco|2019-02-06 12:22:11|bonus|coadunatio
animus|2020-02-07 23:02:28|pauper|communis
comes|2021-07-13 13:15:03|curia|vox
vereor|2024-03-17 11:52:48|sortitus|correptius
cuppedia|2018-09-07 23:14:48|conscendo|crustulum
commodo|2020-05-07 19:50:38|cornu|calculus
deludo|2019-10-24 22:52:36|amor|adicio
dolorum|2018-09-20 21:09:19|corrumpo|patruus
sollers|2016-11-09 02:37:44|speciosus|derideo
velit|2024-09-16 11:32:35|adipiscor|vox
theatrum|2019-08-05 10:11:58|cupiditas|creta
defetiscor|2018-01-15 14:29:22|patior|tardus
iure|2017-04-08 01:26:11|verbum|cauda
tametsi|2024-10-15 17:21:30|deficio|cubicularis
stultus|2025-07-29 07:09:48|comedo|advoco
expedita|2024-02-16 07:13:19|voveo|voluptates
aequitas|2020-11-13 23:36:52|amicitia|sono
advoco|2021-06-18 18:36:05|debeo|infit
succurro|2026-01-11 13:20:37|molestiae|iste
testimonium|2019-09-16 17:23:36|deserunt|sumptus
stultus|2017-06-11 19:40:36|adulatio|copiose
molestiae|2016-10-16 00:09:03|xiphias|strenuus
casso|2024-09-21 05:23:51|sit|venustas
convoco|2021-07-14 15:10:32|vitae|defero
ager|2018-09-20 11:00:57|trucido|alias
odio|2017-03-18 04:47:56|architecto|adhaero
cornu|2019-04-03 23:37:11|amet|ager
vomica|2025-10-08 08:46:59|arbor|architecto
solitudo|2020-01-31 01:30:58|cervus|cuius
aspicio|2022-02-24 01:23:58|odit|quaerat
vindico|2021-02-13 02:37:04|curso|coadunatio
adipisci|2017-01-02 12:18:34|tergum|desino
strues|2019-08-29 00:14:35|cariosus|admiratio
utrimque|2017-03-08 05:06:50|cernuus|caput
apto|2026-08-23 20:25:04|arca|tenus
thesaurus|2024-07-05 14:46:34|adversus|altus
sollers|2022-09-02 00:08:42|caveo|cura
voluptatibus|2019-05-07 06:01:00|uxor|contabesco
doloremque|2022-05-23 18:18:25|utroque|tum
degero|2018-03-12 13:25:59|cotidie|thymbra
perspiciatis|2020-08-05 11:25:46|enim|considero
validus|2024-11-24 01:31:56|celer|canonicus
adduco|2024-12-10 21:13:21|coniecto|atque
vesco|2019-07-17 23:12:01|amplitudo|porro
demergo|2024-02-21 16:35:28|voluptatum|creo
deprimo|2024-07-03 21:50:27|compello|vilicus
ocer|2021-07-30 16:30:40|aeger|absorbeo
adhuc|2024-01-25 05:17:18|copia|decumbo
usitas|2018-04-15 22:44:53|provident|viduo
clam|2016-10-05 03:13:56|carcer|usus
toties|2025-04-01 00:00:57|sollicito|totam
undique|2026-02-16 08:29:57|volubilis|comburo
utpote|2022-04-27 23:38:51|comitatus|viduo
arca|2017-01-09 12:16:22|demo|depono
pax|2024-01-04 23:37:46|conqueror|sumptus
cogito|2025-07-20 00:55:26|aranea|accendo
curatio|2020-10-03 20:51:13|verecundia|suffoco
bellum|2025-05-10 16:52:07|stillicidium|natus
nam|2020-03-22 10:16:59|atque|chirographum
clementia|2019-11-09 09:10:33|venustas|tibi
tristis|2022-04-20 01:34:02|theca|approbo
cotidie|2019-03-10 19:19:41|deinde|ceno
tactus|2024-05-12 10:50:12|cresco|nam
tracto|2022-11-18 11:00:34|accedo|adsuesco
quia|2025-07-29 11:48:26|reiciendis|arma
studio|2023-07-12 12:32:25|amiculum|volaticus
astrum|2019-07-07 10:50:11|contigo|tendo
capitulus|2024-10-22 13:53:32|aranea|placeat
vox|2020-03-11 17:30:38|vox|suus
apostolus|2025-12-14 02:20:00|angelus|coadunatio
distinctio|2019-06-21 09:16:05|claudeo|ventosus
bonus|2023-06-18 05:42:50|caput|averto
caput|2023-07-04 03:24:05|circumvenio|vesper
demitto|2025-06-09 22:26:03|ambulo|enim
tum|2019-02-01 00:52:49|ventosus|temporibus
incidunt|2022-04-15 11:04:28|absorbeo|alioqui
tutamen|2025-01-18 14:37:24|vae|vinitor
deporto|2017-04-11 21:25:25|careo|coaegresco
ceno|2019-02-06 15:35:21|apto|cursim
iure|2020-03-21 02:36:24|turba|audacia
turbo|2022-09-05 12:45:11|texo|quaerat
viduo|2019-11-04 23:17:56|varietas|nulla
ullam|2020-06-08 06:23:21|vestigium|vulticulus
cursim|2024-02-04 10:09:25|curtus|adversus
cupio|2021-12-04 12:02:01|ullam|defluo
subiungo|2025-12-19 23:47:49|pauper|reiciendis
repudiandae|2019-02-12 19:55:58|tantum|aqua
appello|2021-09-04 13:21:04|utpote|adflicto
barba|2019-01-01 06:38:05|vilis|cariosus
defleo|2025-12-03 03:38:48|delego|degusto
tardus|2017-01-11 13:11:26|deripio|tum
una|2022-04-06 09:07:11|defero|curtus
colligo|2018-05-31 13:27:24|verbum|substantia
vulgivagus|2022-01-18 17:10:33|peior|tamisium
stabilis|2019-09-01 13:13:10|aiunt|ara
thesaurus|2025-11-04 00:17:58|crinis|qui
velut|2021-02-28 12:54:19|sublime|cresco
paens|2023-08-16 03:46:42|adicio|censura
cogito|2019-10-18 03:32:14|careo|arto
concido|2025-07-25 07:26:55|comis|accommodo
subseco|2025-05-05 14:44:52|amoveo|vesco
voco|2020-02-18 00:25:57|cunae|eos
coniecto|2024-03-01 13:38:04|crux|doloribus
cohaero|2019-06-27 22:30:26|pecus|sustineo
pecus|2020-02-13 19:19:21|succedo|vigor
cumque|2026-03-18 07:16:14|vado|curiositas
cumque|2019-08-06 17:26:28|agnitio|curvo
sortitus|2022-03-20 16:44:20|ambitus|taceo
enim|2021-12-22 03:30:49|sunt|contego
subnecto|2025-12-31 01:39:38|vetus|ante
acies|2020-07-28 11:38:41|vespillo|benevolentia
aeger|2020-08-11 07:07:08|umquam|curiositas
thesis|2022-03-19 08:05:13|solus|credo
in|2017-10-06 11:13:19|blandior|carmen
volaticus|2016-10-22 11:00:54|celo|sortitus
cotidie|2021-05-01 01:24:21|accommodo|comis
argentum|2020-06-09 04:26:14|debitis|utrum
aperio|2023-04-17 12:57:47|adeo|aureus
civitas|2022-05-21 14:45:03|aufero|nobis
tener|2018-10-14 14:43:25|cupio|volubilis
odit|2017-04-10 08:40:07|argumentum|volo
spoliatio|2026-08-14 22:14:00|suppellex|architecto
cogito|2018-10-07 06:43:25|adiuvo|carbo
titulus|2018-08-13 12:02:28|supellex|astrum
coruscus|2020-09-14 05:35:21|careo|valde
adflicto|2020-07-15 00:45:33|adipiscor|votum
vicinus|2018-04-12 01:16:32|capto|appono
defendo|2023-02-05 09:39:03|civis|dedico
cuppedia|2025-11-20 01:24:28|theca|corroboro
conor|2021-08-10 07:10:19|barba|arbustum
dolor|2026-09-02 04:29:28|labore|crustulum
ultra|2020-01-08 19:16:19|testimonium|attero
cum|2025-04-26 06:06:19|benevolentia|supellex
sed|2026-07-24 14:12:55|studio|sophismata
aut|2024-01-16 01:03:34|volva|sui
clamo|2025-03-04 11:32:28|super|adnuo
delicate|2020-05-24 07:20:29|vicinus|cubo
aufero|2020-01-19 05:46:34|colligo|fugiat
adsidue|2020-12-02 20:14:45|curso|approbo
aliqua|2026-05-02 04:55:47|cruciamentum|cogo
asporto|2018-06-01 03:21:51|carmen|desino
cognatus|2017-05-04 23:27:18|corroboro|cibo
comparo|2025-04-24 02:21:12|acceptus|convoco
avarus|2022-01-19 13:07:24|aureus|vesica
traho|2024-09-01 08:24:10|spiritus|vespillo
versus|2025-02-23 09:44:55|armarium|cultura
cauda|2023-11-04 00:50:17|adsuesco|thermae
tero|2016-12-06 19:54:51|valetudo|audentia
varietas|2017-10-19 07:42:30|supplanto|speculum
vesica|2020-08-17 02:25:11|tres|quis
cohors|2021-04-14 03:30:38|armarium|victoria
theatrum|2019-02-06 13:17:02|traho|viduo
vae|2024-04-03 06:01:59|uredo|vix
unus|2025-07-22 17:21:09|curto|sopor
nobis|2026-07-12 14:33:16|alii|vere
aestus|2018-03-02 14:36:42|suadeo|summopere
atrox|2020-12-11 18:38:24|agnosco|vere
suffragium|2025-06-06 22:01:54|vigilo|deorsum
tardus|2017-03-05 08:20:52|infit|curtus
crinis|2020-11-20 08:49:10|viscus|admoneo
admiratio|2019-11-29 08:49:54|amita|copiose
aureus|2018-12-04 18:57:26|trans|minus
validus|2019-10-23 08:53:42|clam|atrocitas
ultra|2017-08-07 02:13:58|ipsa|tabella
celer|2021-02-09 01:19:07|inventore|ceno
magnam|2019-08-21 08:53:21|teneo|termes
tego|2025-06-24 15:42:30|crepusculum|alveus
corrumpo|2017-03-04 01:27:25|despecto|ut
pectus|2023-04-12 23:15:55|denuo|curtus
combibo|2018-07-29 02:48:52|sordeo|canto
adnuo|2024-10-12 14:02:01|decumbo|vitiosus
decimus|2025-09-20 07:24:18|teres|sulum
umerus|2017-11-06 00:52:38|peccatus|odio
audacia|2021-08-09 07:45:07|admitto|ceno
conor|2017-01-27 00:04:06|aurum|tamquam
attero|2017-05-14 21:46:34|carbo|xiphias
allatus|2023-11-30 11:44:03|desidero|reprehenderit
stella|2024-08-15 10:27:53|videlicet|velum
amiculum|2026-06-20 12:07:31|quasi|astrum
una|2019-04-13 03:34:43|defungo|ullam
textus|2023-01-21 23:49:15|circumvenio|crustulum
certe|2022-02-09 22:41:33|cariosus|sursum
canonicus|2016-10-24 06:39:05|possimus|casso
terra|2025-08-05 16:29:44|conforto|depopulo
cruentus|2022-09-02 04:39:32|verbera|callide
teres|2017-06-13 20:51:09|defetiscor|vis
blandior|2017-04-23 03:35:55|somniculosus|repudiandae
templum|2019-03-31 08:52:40|synagoga|amissio
pauci|2021-11-19 20:23:39|a|delibero
terga|2017-02-23 02:56:11|degero|cogito
cognomen|2025-07-19 07:11:38|sui|surculus
sublime|2022-01-27 18:34:18|a|traho
angustus|2017-05-26 06:56:26|vergo|arbitro
aut|2023-01-11 05:54:02|decor|doloremque
numquam|2026-04-06 02:58:43|blandior|conventus
usque|2023-10-15 22:14:59|victus|creta
tui|2025-09-07 04:43:21|solum|thesis
torrens|2020-07-02 07:10:11|minus|conspergo
comminor|2018-08-27 03:49:46|suppono|accusantium
clam|2019-02-28 14:28:39|defleo|templum
cubitum|2020-08-06 20:36:35|auditor|antepono
communis|2023-03-15 10:04:15|voluptate|angelus
terreo|2022-11-16 06:07:52|constans|damnatio
ventosus|2020-10-17 01:18:00|commodi|coerceo
aptus|2023-04-27 18:52:43|cubo|celer
truculenter|2017-10-22 21:27:32|curso|laboriosam
adficio|2026-02-09 17:43:32|xiphias|accusator
urbanus|2025-04-05 05:20:11|valde|vaco
sum|2020-03-29 18:11:50|delicate|tergeo
inventore|2026-09-08 01:42:29|decumbo|dicta
truculenter|2023-05-08 09:24:37|demum|thema
nihil|2017-05-25 23:58:10|absque|cursus
correptius|2018-05-20 04:41:04|suscipio|amitto
toties|2017-05-08 13:47:37|accusamus|aestivus
terra|2021-08-28 20:39:24|viduo|sollicito
umerus|2017-05-30 03:30:41|amor|at
damnatio|2018-02-10 22:14:35|cursim|apto
dignissimos|2018-10-17 16:12:56|apostolus|timor
contigo|2020-06-19 18:34:43|tabesco|ater
creptio|2025-05-24 07:58:48|confugo|angulus
clementia|2023-02-08 08:08:58|eum|acerbitas
tenetur|2019-12-23 00:56:10|territo|solutio
vivo|2019-02-02 15:50:16|coadunatio|comminor
summa|2022-11-05 07:52:36|aestus|aranea
cruciamentum|2020-12-31 12:53:36|denuo|demens
terra|2020-09-18 04:20:33|blanditiis|aer
nulla|2025-04-05 17:24:30|desparatus|molestias
perferendis|2025-09-03 23:21:42|cura|antepono
suffragium|2020-03-18 08:08:22|fuga|vulgus
asper|2018-04-19 01:19:44|avaritia|vicinus
solvo|2019-01-21 00:36:10|aggredior|colo
surculus|2024-07-28 23:40:52|urbanus|thymbra
custodia|2017-08-08 20:17:20|deorsum|vallum
ducimus|2021-02-18 12:23:07|adstringo|cotidie
cunctatio|2024-02-23 22:57:34|strenuus|sui
recusandae|2019-12-31 04:38:58|demo|una
undique|2019-09-17 14:42:11|denego|demulceo
amo|2024-05-10 02:02:31|vulnus|curis
blanditiis|2022-02-15 02:24:10|optio|tubineus
tremo|2018-02-23 12:21:44|adamo|debilito
decens|2019-12-23 00:52:17|vesco|altus
solio|2021-05-21 03:28:53|cariosus|velut
depromo|2023-08-25 16:59:16|qui|attero
ocer|2023-06-08 07:47:29|arbustum|defluo
caecus|2020-09-01 13:38:34|vicinus|reiciendis
accedo|2018-03-02 08:57:48|minus|aequus
stillicidium|2020-10-13 19:09:41|ater|deduco
aveho|2024-07-30 17:56:55|aegre|suscipio
odit|2017-06-27 19:37:31|decens|temeritas
tempus|2017-04-02 01:22:35|claudeo|aegrotatio
aliquid|2020-06-18 03:57:50|auctor|conscendo
comptus|2018-12-24 21:44:54|vetus|tenus
decerno|2019-06-07 21:17:43|consequuntur|aliqua
cursus|2021-10-26 01:03:33|culpo|timidus
consuasor|2026-05-28 07:57:48|tracto|argentum
versus|2023-02-16 14:29:28|vociferor|cervus
spiculum|2024-05-06 06:00:29|appositus|solitudo
terror|2019-12-26 19:21:29|sum|succurro
carcer|2019-10-19 15:49:45|volubilis|vulpes
delinquo|2022-07-22 08:47:57|ipsa|valens
caries|2024-12-13 12:20:44|degero|artificiose
sordeo|2023-04-05 09:09:27|autus|turpis
velociter|2022-10-18 16:32:35|texo|calcar
atrox|2025-06-05 05:31:26|suscipit|sollers
ademptio|2020-06-18 02:31:09|coma|ancilla
in|2020-10-28 03:29:21|dolore|curtus
somnus|2026-03-01 18:51:58|ascisco|eius
officiis|2018-01-01 20:16:07|delectatio|vere
creator|2018-02-06 07:50:57|suppono|delectus
bonus|2019-11-05 09:22:36|iste|ventus
tamquam|2018-02-15 05:00:45|turbo|vulpes
sperno|2017-05-06 14:00:27|alo|custodia
totus|2017-06-21 00:04:53|tener|truculenter
quae|2021-08-04 13:08:04|alius|tollo
vigor|2021-11-17 14:28:02|bellum|usitas
conventus|2021-11-18 15:41:30|amet|defungo
cerno|2024-04-25 04:10:58|paulatim|temperantia
deleo|2020-02-13 08:58:39|defaeco|valetudo
volup|2020-04-16 18:37:59|ter|subiungo
error|2019-01-02 06:39:31|subvenio|artificiose
callide|2022-07-20 02:01:13|vehemens|tutis
temeritas|2020-08-06 19:44:46|adipisci|cito
decor|2018-07-06 08:43:33|adfectus|corona
arca|2022-03-17 02:31:05|audio|tabgo
adipisci|2024-06-14 22:00:28|cohibeo|in
magnam|2023-06-30 12:47:53|vito|sint
aperio|2024-09-22 11:55:22|magni|copia
curia|2019-09-30 17:39:20|strenuus|cibus
tempus|2023-07-12 14:27:26|basium|ulterius
crebro|2024-12-17 18:56:04|curvo|beatus
ancilla|2020-08-08 16:39:24|tracto|suadeo
deinde|2018-04-12 03:55:21|arto|tepesco
via|2019-12-19 15:58:49|caveo|tonsor
spargo|2026-04-13 16:44:06|facere|tantum
tenus|2018-03-29 14:26:54|decerno|cruciamentum
eius|2021-11-29 19:18:23|perferendis|verecundia
concedo|2020-03-16 00:57:31|sit|vel
arbor|2024-09-16 13:19:29|sponte|turpis
cauda|2020-12-11 18:19:38|usque|coniecto
utrum|2020-03-08 14:02:57|acidus|aequitas
curia|2020-04-01 13:47:39|pecus|deripio
labore|2017-08-06 20:19:33|aedificium|avarus
expedita|2025-09-20 10:13:18|cruentus|sponte
tenetur|2024-09-08 15:22:10|vilis|utilis
victus|2023-07-06 06:42:06|amita|timor
vel|2018-01-29 06:33:23|tempus|turbo
suspendo|2019-03-20 11:14:02|ver|xiphias
pecus|2020-07-04 23:42:57|depulso|dapifer
fugit|2023-02-12 10:58:55|cultura|demitto
cui|2020-04-17 08:39:49|audentia|conqueror
tum|2024-08-01 15:43:23|teres|ea
utique|2026-08-29 01:52:12|tricesimus|aiunt
acidus|2020-06-25 13:19:38|quidem|vespillo
suscipio|2020-10-17 00:46:55|vilicus|trans
solum|2017-07-11 13:53:45|aspicio|curatio
sit|2022-11-25 05:58:26|viduo|reiciendis
color|2016-10-17 06:08:47|statim|claustrum
maxime|2021-08-27 18:54:19|nisi|aegrotatio
vomito|2017-07-15 07:43:05|approbo|rem
contabesco|2020-09-10 12:40:12|virga|dolor
depereo|2017-01-01 02:12:20|nemo|concido
calcar|2018-04-20 17:51:59|adipiscor|cultellus
verto|2022-11-03 03:01:30|tremo|accommodo
tabella|2022-07-12 19:19:43|viduo|commodo
amplitudo|2018-02-20 14:15:04|spiculum|nihil
tyrannus|2016-10-14 05:10:17|bos|tredecim
conculco|2017-12-30 12:24:41|tristis|candidus
cervus|2018-11-25 03:14:32|suffragium|creator
et|2026-06-07 00:55:43|labore|repellat
angulus|2018-10-30 00:45:41|perferendis|aestas
creator|2018-08-12 18:03:56|coma|venio
ars|2023-03-16 04:54:00|creo|beatus
succedo|2017-02-08 06:48:50|aperte|absum
acies|2022-06-10 14:18:42|validus|degusto
aggredior|2019-03-18 04:31:15|soluta|amplitudo
acies|2022-09-01 07:17:42|cruentus|atrocitas
charisma|2017-11-24 06:15:58|versus|centum
aeger|2021-09-28 21:48:58|una|dapifer
summisse|2021-04-24 19:01:47|tolero|urbanus
omnis|2020-05-21 21:39:15|labore|arcus
vir|2019-10-19 16:31:25|ara|asporto
facere|2019-03-19 06:57:31|delinquo|ex
carmen|2023-11-15 11:50:16|cuppedia|adversus
validus|2018-04-19 16:45:42|solus|cerno
bis|2026-03-31 13:57:58|venustas|conqueror
adflicto|2025-09-23 04:54:19|varietas|atqui
corroboro|2018-04-19 15:00:46|totus|coruscus
aliquid|2025-02-25 02:17:34|doloribus|aranea
odit|2024-07-24 19:53:22|suspendo|admoveo
acsi|2022-04-19 20:37:49|cubo|statua
demoror|2026-04-24 20:30:44|ipsam|corpus
repellat|2018-08-22 07:17:47|denego|admiratio
dapifer|2022-05-10 17:51:34|sono|delego
cerno|2022-08-16 14:53:06|condico|corrupti
cribro|2017-10-19 10:57:58|defungo|capitulus
celer|2026-08-07 04:25:42|vestigium|possimus
comis|2023-10-14 19:36:00|spiritus|creptio
conduco|2026-09-02 21:39:47|vitiosus|substantia
votum|2024-04-10 15:26:03|vox|careo
animi|2022-06-03 18:53:41|usque|teres
amiculum|2021-12-25 21:51:35|depopulo|conventus
adstringo|2020-12-19 02:42:42|desparatus|pauci
sortitus|2022-05-18 07:48:56|omnis|terror
suffoco|2021-12-24 14:41:46|expedita|umbra
defetiscor|2019-11-11 02:41:14|consectetur|confero
audentia|2019-07-01 16:23:54|copiose|ulterius
pecus|2020-04-18 15:52:26|supra|vulgus
omnis|2026-02-22 06:14:16|antiquus|incidunt
sub|2018-10-18 14:32:21|a|qui
valde|2026-04-21 09:39:18|comis|demo
vestrum|2026-03-11 16:53:15|sint|adinventitias
arbustum|2018-06-30 06:38:35|testimonium|asper
cetera|2019-09-14 10:57:50|tot|conduco
administratio|2022-11-29 12:45:25|tabula|ait
color|2022-08-01 22:38:42|aegrus|strues
pecco|2023-03-24 11:27:34|adduco|iusto
quidem|2026-02-27 14:10:44|vulgus|cena
advoco|2025-04-05 16:36:02|contra|bibo
sollers|2019-02-27 17:38:20|ullam|absorbeo
commodi|2022-12-13 19:48:20|arca|crapula
quos|2019-06-29 07:02:48|casso|ascisco
magni|2022-08-10 22:20:26|canto|suasoria
vicissitudo|2019-10-06 21:04:32|vilitas|saepe
vel|2021-04-04 22:14:29|auctor|patrocinor
substantia|2024-07-24 20:00:45|suffoco|summopere
supra|2020-11-15 19:04:41|nulla|valetudo
ambitus|2024-04-01 04:58:31|conculco|rerum
cinis|2018-08-19 14:42:46|abutor|tepidus
defero|2024-01-24 11:09:45|omnis|patior
pariatur|2021-10-10 04:10:27|surculus|corrigo
aliquid|2017-01-15 02:30:37|desidero|atrocitas
aperio|2018-06-24 13:28:15|defessus|sufficio
cum|2022-10-14 02:23:11|alter|benevolentia
defleo|2017-12-29 12:14:02|callide|versus
culpo|2016-12-03 01:07:24|contego|culpa
quibusdam|2026-01-25 14:23:35|congregatio|cinis
triumphus|2026-04-20 08:20:44|blanditiis|cresco
pauper|2020-07-03 01:00:27|reiciendis|ventosus
bos|2018-06-01 23:08:16|tandem|vilis
itaque|2025-11-24 19:08:54|terreo|denique
vere|2019-05-25 10:44:31|angustus|denique
aperio|2025-03-17 10:16:20|crudelis|ambitus
animadverto|2022-08-18 21:29:57|vomer|perspiciatis
cupio|2017-04-28 14:24:30|debeo|bis
corrigo|2017-07-23 10:37:55|vulgaris|debeo
ab|2021-06-01 09:50:27|angelus|sordeo
clam|2019-11-28 14:13:20|quasi|eius
abundans|2026-02-24 11:25:37|aqua|unde
tardus|2022-08-10 01:17:31|quibusdam|surgo
artificiose|2021-04-21 07:39:05|id|vere
solvo|2019-05-03 02:59:52|tergeo|temporibus
defluo|2022-05-21 11:19:37|ambitus|chirographum
blanditiis|2023-04-14 17:19:42|villa|tum
cauda|2018-07-20 06:42:16|sunt|sodalitas
eaque|2021-02-01 12:46:58|tenuis|corroboro
crastinus|2021-01-04 00:46:07|decor|nesciunt
dicta|2024-02-16 03:18:11|bardus|stips
arca|2024-05-15 14:34:58|patria|suppono
claustrum|2025-03-10 03:26:46|ad|volutabrum
debeo|2020-06-21 06:49:29|venio|aggredior
balbus|2020-04-15 00:43:12|consuasor|velit
valetudo|2023-10-26 16:51:35|tabella|verbum
ater|2022-07-07 18:02:12|voluntarius|aliqua
nemo|2023-04-24 08:33:39|currus|suggero
auxilium|2018-06-24 05:53:27|bestia|arma
rem|2025-10-31 05:02:37|arcesso|soluta
cultura|2022-01-20 22:17:37|aspernatur|thermae
temeritas|2023-12-24 23:53:06|benigne|qui
beatae|2022-01-03 11:23:44|repudiandae|eos
demo|2017-02-22 00:35:31|rem|ultio
deduco|2022-05-09 07:49:07|tenax|ex
subiungo|2019-02-12 12:25:21|eligendi|adnuo
crastinus|2025-01-03 12:32:49|aeternus|cetera
crustulum|2020-05-18 02:07:57|ex|arbor
thorax|2022-03-02 12:19:41|accedo|decimus
timor|2026-08-19 04:52:11|cimentarius|culpa
ventus|2020-05-10 03:53:13|stabilis|defungo
quisquam|2022-02-07 17:49:39|carbo|creo
armarium|2018-06-06 17:57:49|astrum|aegre
amet|2016-10-15 12:53:34|alii|ulterius
quaerat|2023-03-26 10:00:03|adsum|quisquam
sub|2022-10-23 23:30:25|mollitia|vilitas
aggero|2022-08-11 23:29:36|turpis|dolor
hic|2023-08-29 23:40:48|constans|theca
demoror|2023-07-13 04:32:05|contabesco|thema
apud|2020-11-16 05:59:06|adiuvo|claro
pax|2017-05-22 09:59:09|vapulus|adficio
cohors|2022-06-04 16:43:40|atrox|defungo
tres|2022-10-23 07:26:25|ter|degero
pecto|2021-05-21 20:28:30|curto|defleo
suadeo|2018-10-09 09:19:33|suscipit|umbra
inflammatio|2025-03-03 00:04:45|vel|sint
ulterius|2024-02-05 00:09:03|crinis|claustrum
quam|2026-07-10 04:29:46|cibus|anser
capitulus|2021-06-09 21:00:16|temeritas|supra
corrigo|2025-08-06 15:32:27|voveo|credo
texo|2020-05-15 13:02:27|advoco|suadeo
vaco|2026-08-17 06:21:29|cupiditas|vivo
aedificium|2018-03-27 16:21:01|contra|eaque
vorax|2017-04-01 23:17:41|suffragium|thymum
vulgo|2022-07-15 03:14:27|sol|crux
voluptas|2024-09-08 08:22:40|crinis|appono
anser|2022-07-18 06:33:59|bonus|termes
vita|2018-07-15 20:09:57|derelinquo|aspicio
adamo|2023-12-15 11:43:33|argumentum|vespillo
eum|2025-11-12 23:32:43|fugiat|templum
animi|2020-02-24 00:18:40|dolore|molestias
aliquam|2018-05-14 01:40:43|capillus|uberrime
tero|2024-02-10 04:36:10|repellendus|conturbo
venia|2022-04-29 02:08:39|vis|id
caries|2019-10-05 17:48:22|confido|ipsam
pauci|2025-05-31 17:57:14|combibo|spero
stella|2022-01-07 13:45:24|cogo|decens
virgo|2018-06-09 10:36:32|dedico|adversus
voveo|2023-03-29 20:43:33|dapifer|strenuus
usitas|2020-02-02 01:51:26|tui|carus
tego|2024-03-08 17:23:40|velut|speculum
vito|2023-01-03 22:17:04|amplus|cetera
verbum|2021-07-30 20:12:07|tui|depromo
voluptate|2025-09-23 06:46:52|spero|cubicularis
aedificium|2025-12-25 08:55:42|unus|conventus
quasi|2021-09-25 14:46:10|angustus|crudelis
adulatio|2016-12-20 13:41:42|defaeco|antepono
villa|2019-04-17 11:08:18|stipes|appello
turba|2018-02-02 03:13:29|voluptas|cursim
animi|2026-03-06 20:49:25|strues|perspiciatis
subvenio|2019-11-06 07:47:57|inventore|cuius
volup|2025-03-04 21:26:58|textus|earum
acies|2025-10-08 11:28:10|acer|advenio
agnosco|2024-07-27 16:40:46|unus|acerbitas
sulum|2016-12-27 21:38:59|chirographum|adipiscor
damnatio|2021-08-21 21:01:45|apto|deserunt
currus|2020-06-08 18:09:56|vulticulus|depopulo
appositus|2023-12-18 14:46:37|amplexus|cupio
sumo|2023-10-20 14:38:49|ullus|decens
sperno|2020-06-19 07:38:26|tutamen|vacuus
venio|2019-04-17 22:31:35|atavus|laborum
tubineus|2025-07-14 12:26:28|torqueo|comitatus
hic|2018-06-16 06:41:46|deinde|sto
corrumpo|2020-06-06 03:50:48|vix|comparo
tres|2019-12-24 06:21:25|ocer|ubi
admoveo|2020-12-22 14:15:20|auxilium|vigor
compono|2026-06-12 13:36:50|maiores|quam
voluptatibus|2017-07-04 13:36:09|certe|conor
tot|2026-05-18 23:01:04|undique|texo
deputo|2023-02-02 04:03:34|molestiae|antea
triduana|2016-10-29 12:16:30|validus|audio
dens|2018-06-15 23:44:59|acsi|vomica
tondeo|2017-05-20 16:28:35|decerno|thymbra
cervus|2017-05-24 05:46:16|tendo|administratio
sto|2024-09-01 20:00:23|complectus|strenuus
attero|2025-06-03 14:53:46|tricesimus|compono
uredo|2025-02-12 19:37:43|aggero|cohibeo
supplanto|2023-06-18 11:58:01|votum|abutor
conservo|2019-02-06 05:20:27|trado|crastinus
voluptatem|2018-01-17 00:37:25|dolores|depono
adduco|2023-03-24 04:29:06|abutor|umbra
spiculum|2023-04-27 14:52:37|verecundia|agnosco
tristis|2024-08-31 13:39:46|celebrer|contego
velit|2017-08-19 09:26:37|fugit|cum
admitto|2021-09-11 00:03:52|acies|vix
tumultus|2022-12-01 23:19:17|cognomen|usque
tracto|2021-01-20 03:03:43|mollitia|solitudo
tabesco|2017-08-10 11:02:04|illo|temporibus
spoliatio|2018-11-27 00:39:29|odio|vehemens
admiratio|2020-10-08 21:27:04|dicta|adversus
sustineo|2023-11-22 21:44:40|sollicito|iusto
viduo|2025-06-25 00:16:10|amplus|recusandae
arbitro|2017-07-27 14:41:36|arbustum|cui
totam|2017-08-18 22:23:58|turbo|ultio
centum|2026-02-24 14:37:00|cuppedia|currus
comburo|2026-06-02 07:05:14|suscipit|calcar
trado|2021-03-12 07:35:03|commodo|defungo
voro|2017-04-27 14:52:00|universe|allatus
voluptate|2020-03-25 06:11:18|ad|nulla
vinitor|2017-05-12 18:11:44|temporibus|dolorum
administratio|2026-01-11 14:34:11|temperantia|suffoco
cupio|2017-04-28 10:35:54|umquam|creator
tum|2024-10-26 07:47:04|aggero|canis
conatus|2018-03-15 00:01:29|stella|verecundia
officia|2020-03-21 06:23:10|tergeo|commemoro
celo|2022-11-13 17:00:33|succedo|neque
appono|2017-06-08 07:03:26|denego|crapula
maxime|2021-10-15 14:14:19|aegrus|ventus
clementia|2024-11-25 20:33:18|tutis|templum
validus|2023-11-27 16:13:10|suadeo|verto
coerceo|2017-06-26 01:26:51|adinventitias|defleo
illum|2022-06-26 06:17:04|talus|totidem
vel|2021-10-16 09:48:36|creta|addo
copia|2024-07-18 21:58:46|vix|curvo
adamo|2019-10-18 05:03:22|debilito|valde
verecundia|2022-07-01 00:28:50|perspiciatis|ustulo
colo|2018-03-30 06:09:48|deripio|vesco
trans|2020-04-27 19:47:53|ceno|defetiscor
trado|2023-05-29 08:23:33|atqui|patria
cunctatio|2022-05-25 08:26:45|capitulus|coma
creo|2017-02-08 15:35:50|amor|adaugeo
repellendus|2022-09-03 00:00:29|demonstro|tenus
desidero|2020-09-29 06:09:47|depromo|cresco
arx|2021-05-25 12:21:39|corporis|commodo
tutis|2018-11-28 21:25:28|damno|deporto
colo|2025-04-08 09:02:32|aufero|degero
thymum|2021-05-02 13:10:48|talus|itaque
turba|2026-03-21 07:44:54|abstergo|carpo
solium|2025-08-08 13:28:13|arcus|congregatio
tener|2022-12-08 22:17:04|via|aggero
ambulo|2019-05-17 20:17:45|subvenio|stillicidium
absque|2023-07-19 09:46:26|thorax|artificiose
numquam|2025-03-02 14:01:52|sponte|colo
perspiciatis|2019-04-28 03:59:16|volubilis|coruscus
taedium|2021-12-06 01:20:12|texo|brevis
templum|2022-08-29 20:04:17|verbum|caelestis
tumultus|2021-09-19 07:08:17|vitium|maxime
beatae|2017-01-28 10:59:59|explicabo|illum
studio|2016-10-27 19:03:15|error|thalassinus
amita|2025-09-07 04:49:54|vetus|voro
cunae|2021-04-30 00:00:59|thema|spargo
vicissitudo|2024-03-28 12:36:24|deleo|caveo
victoria|2017-03-11 14:22:31|votum|aliqua
tutamen|2026-08-21 14:59:36|alveus|crebro
sufficio|2026-01-01 04:59:00|voluptatem|neque
cupiditas|2017-08-25 20:35:38|solio|centum
administratio|2024-01-06 02:55:17|vae|ambitus
angustus|2018-10-28 04:01:40|agnitio|viridis
cado|2019-12-03 20:43:59|curis|demulceo
theca|2022-06-22 00:10:40|defetiscor|excepturi
comprehendo|2021-02-14 18:52:02|cuius|certus
crudelis|2022-01-03 17:28:37|verto|aufero
creator|2020-03-14 22:54:17|paulatim|varius
conculco|2018-08-28 05:06:14|iusto|adicio
curatio|2022-10-12 04:52:12|demoror|apto
tondeo|2024-05-14 21:41:35|sollers|alias
stipes|2018-10-25 17:54:00|sto|basium
valetudo|2019-04-15 18:53:18|aptus|bibo
depono|2017-06-20 01:24:42|amo|undique
vado|2018-01-30 03:42:44|distinctio|voluptas
capitulus|2026-03-04 19:11:09|praesentium|delego
quia|2024-12-24 21:28:46|sophismata|illum
aggero|2019-10-09 09:45:19|sono|cras
volutabrum|2023-01-06 04:24:25|chirographum|ambulo
desidero|2026-01-25 11:51:21|attero|alii
acerbitas|2024-09-10 04:15:28|verus|tego
cruentus|2017-01-12 23:28:09|cibo|soleo
degero|2025-09-04 06:21:48|amplitudo|copiose
amo|2022-05-13 01:46:49|nihil|spoliatio
conitor|2026-02-01 05:00:30|adaugeo|vado
tertius|2016-12-03 13:17:40|sequi|creber
causa|2022-06-21 22:23:19|thalassinus|placeat
asporto|2021-05-06 11:53:09|abscido|uterque
subnecto|2024-12-16 14:38:11|succurro|apud
solitudo|2025-03-21 13:49:54|deprecator|aggredior
derelinquo|2022-01-20 18:31:20|coadunatio|verbera
vilitas|2022-10-04 13:20:56|perspiciatis|abduco
cubo|2017-10-29 20:00:38|uterque|appono
patruus|2024-01-20 12:27:14|tenus|compello
subnecto|2017-04-24 21:07:37|trucido|dedico
temptatio|2026-01-20 15:21:06|pecus|articulus
attollo|2017-05-25 07:11:37|pecto|dedico
tempore|2025-07-20 23:58:54|nam|asporto
auctor|2020-10-17 18:53:08|denuo|combibo
deripio|2020-05-20 21:39:38|thermae|urbs
video|2018-05-24 16:19:52|alioqui|viriliter
comminor|2025-09-13 13:52:02|sumo|baiulus
undique|2022-08-03 08:17:36|ambulo|arguo
sequi|2019-10-06 19:11:24|uterque|aureus
tempus|2018-05-26 22:41:38|delectus|cernuus
earum|2018-04-23 04:01:37|sopor|adopto
adduco|2020-11-17 06:50:24|atque|abundans
alter|2018-10-09 08:48:18|auditor|torqueo
desino|2020-06-14 09:55:38|traho|verecundia
ex|2023-07-20 03:37:23|thalassinus|similique
exercitationem|2018-08-03 00:03:11|terminatio|tamisium
validus|2022-09-16 17:31:09|degero|absconditus
depereo|2021-01-06 12:39:17|texo|solus
considero|2025-02-08 19:33:10|crepusculum|alter
ustulo|2026-04-22 23:50:14|vigor|corona
thorax|2018-06-24 23:51:38|adicio|quibusdam
et|2017-04-27 22:56:46|ipsum|tredecim
denuo|2018-02-20 16:13:49|deputo|cicuta
utroque|2020-11-30 13:41:47|clam|thymbra
magnam|2019-03-29 11:16:09|adfectus|vae
tempore|2020-03-15 09:55:43|cibo|viduo
casso|2021-08-21 09:51:07|defetiscor|commodi
aestivus|2023-03-18 16:37:44|nobis|caritas
astrum|2017-01-13 07:01:31|solitudo|cariosus
rerum|2017-09-06 18:23:49|a|adsum
sopor|2022-06-19 11:22:49|fuga|defaeco
careo|2026-08-11 05:03:28|testimonium|conor
crinis|2026-03-03 01:39:59|conor|cupio
concido|2018-10-29 01:43:19|desolo|assumenda
voro|2022-01-27 18:19:09|venustas|conor
utique|2025-07-04 02:35:25|dolorum|truculenter
talio|2018-03-07 22:26:33|coruscus|patruus
aliquid|2019-02-24 20:01:25|vulgaris|abstergo
velut|2023-03-05 07:23:55|studio|absens
corroboro|2024-02-21 04:08:25|aestus|umerus
modi|2017-02-21 10:10:28|iure|audax
aeger|2017-04-13 22:30:09|solutio|eveniet
admoneo|2026-05-09 15:21:00|denuo|suggero
utrum|2018-09-24 23:24:02|alioqui|abeo
solitudo|2018-02-01 03:22:58|thesaurus|praesentium
tenetur|2018-10-21 04:31:02|bardus|territo
valeo|2024-01-28 17:39:12|inflammatio|socius
admiratio|2018-03-04 20:02:48|patior|inflammatio
vitiosus|2022-01-07 14:42:19|subiungo|adflicto
advoco|2023-05-13 15:40:56|decipio|conculco
verbera|2017-01-14 01:04:51|sulum|culpo
adicio|2017-11-01 18:09:40|pauper|derelinquo
cupio|2019-07-25 01:14:31|nulla|dolor
commodo|2023-11-23 04:14:53|aequitas|umbra
crepusculum|2016-12-04 06:09:13|comedo|alias
demo|2025-08-01 15:07:11|consuasor|temporibus
tergeo|2021-04-03 22:53:40|talio|cauda
amor|2017-10-14 20:37:26|solus|admiratio
tamen|2020-01-03 11:48:04|temptatio|eligendi
consuasor|2018-02-27 02:28:25|tutis|texo
statua|2018-08-05 10:47:27|reprehenderit|suffragium
dapifer|2020-06-11 13:53:08|vigilo|amet
accommodo|2025-08-08 21:33:28|thermae|viscus
alii|2022-11-15 13:14:49|uredo|thymbra
commemoro|2025-01-16 12:18:07|eos|cubo
ascisco|2021-06-23 11:27:34|tergum|vapulus
voluptas|2026-04-18 14:20:05|arbitro|consuasor
aptus|2024-07-05 08:10:59|vobis|decet
appositus|2025-02-14 00:55:12|sufficio|ut
reiciendis|2022-03-07 23:58:02|catena|volup
cras|2017-01-24 10:45:40|sub|cetera
conicio|2018-06-22 01:42:37|thermae|vado
carus|2019-03-13 14:19:34|testimonium|coepi
aranea|2021-04-03 09:20:32|advenio|umerus
aedificium|2017-03-20 14:29:24|cribro|uterque
demo|2017-10-12 15:04:16|verbum|sollers
aequus|2022-02-12 15:13:37|campana|succedo
placeat|2024-01-14 08:14:42|vita|timor
texo|2023-10-29 00:53:19|vito|a
tollo|2017-07-03 22:15:20|patrocinor|tutis
advoco|2019-09-08 14:26:43|cetera|calco
adulatio|2022-05-18 04:31:33|eligendi|valetudo
arbor|2021-02-07 16:43:10|hic|arceo
aveho|2023-07-26 16:03:01|recusandae|doloribus
vaco|2021-08-02 19:40:09|delectus|beatae
terreo|2022-02-22 00:06:45|candidus|cauda
depono|2021-08-29 04:30:28|carbo|stella
stella|2020-11-17 03:07:00|uterque|provident
centum|2024-05-16 04:43:09|tempus|tredecim
dens|2019-09-26 15:56:04|sub|bos
confugo|2022-04-30 23:04:03|celo|arca
arbitro|2023-12-03 03:16:52|textor|beatus
vulariter|2024-06-01 17:40:29|demo|ascisco
solvo|2026-07-20 09:32:17|odit|vester
conturbo|2025-11-14 04:53:38|bellicus|trepide
vae|2023-05-22 20:55:54|ocer|sustineo
administratio|2026-05-06 19:29:06|vulgus|voluptatem
curatio|2024-07-25 20:26:41|aveho|apparatus
claudeo|2018-10-26 15:30:57|possimus|considero
quisquam|2017-02-04 22:12:23|aeternus|suspendo
voluptatum|2018-01-08 17:05:50|angulus|argumentum
sophismata|2018-10-22 09:09:51|aliquid|conqueror
uxor|2026-06-05 05:31:28|auditor|dapifer
comis|2020-08-25 03:25:01|agnitio|aspernatur
conitor|2025-12-16 06:48:37|vergo|angulus
tenuis|2017-05-21 08:03:34|crepusculum|depulso
deludo|2023-05-01 16:46:33|thema|sed
suus|2019-06-03 01:55:13|valetudo|adnuo
vitiosus|2023-09-24 12:00:55|depopulo|cicuta
magni|2017-07-26 16:55:02|vobis|torqueo
voveo|2024-11-14 10:54:13|cicuta|agnosco
careo|2021-01-31 19:40:03|tenax|despecto
textilis|2018-03-10 15:56:40|arbitro|curatio
odio|2026-09-04 05:34:11|collum|a
dolorem|2019-03-04 20:24:59|ocer|coerceo
vigor|2026-07-16 21:28:37|vergo|surgo
summisse|2019-12-06 16:52:59|vox|laborum
tribuo|2022-09-04 20:26:14|talis|trucido
terreo|2024-08-26 14:13:57|angustus|coruscus
eius|2023-06-11 09:20:27|depereo|vester
turpis|2018-10-30 13:35:11|utroque|enim
auctus|2020-08-26 23:27:06|deripio|canis
spiculum|2016-12-18 18:11:33|in|teneo
coniuratio|2022-04-09 23:01:44|crudelis|averto
deleniti|2026-04-25 21:04:40|eos|succedo
adeo|2020-05-11 02:10:54|rerum|aro
amiculum|2019-05-24 08:53:33|vigilo|catena
adaugeo|2020-08-27 01:37:07|antepono|sursum
commodi|2024-02-02 04:34:19|tempora|adeo
turbo|2022-08-13 06:28:29|arx|celer
crepusculum|2017-01-28 22:13:26|ambulo|strenuus
deserunt|2021-09-24 16:24:00|coepi|debeo
cunabula|2017-10-05 08:55:22|statua|absque
varius|2019-09-25 04:20:13|aufero|omnis
crebro|2021-11-13 00:04:38|ultra|confero
ventus|2022-07-13 22:33:35|vinum|attero
uberrime|2019-05-10 10:59:11|conforto|spargo
tamisium|2026-02-09 15:40:45|cohaero|summopere
vel|2024-02-26 14:55:28|cogo|alienus
ventosus|2018-06-04 12:39:10|totus|confero
videlicet|2022-09-23 04:19:11|alii|paulatim
aduro|2026-02-22 09:32:44|super|suffoco
cohors|2021-05-13 06:52:29|clam|vulnus
tamquam|2020-08-31 14:22:20|saepe|xiphias
tres|2022-11-28 14:54:24|speciosus|fugiat
vita|2024-07-12 07:19:19|quos|spiritus
repellendus|2019-03-27 03:05:47|sequi|barba
amicitia|2017-11-02 01:21:02|cavus|tondeo
tremo|2026-09-05 08:39:38|taedium|voro
ancilla|2023-04-15 22:30:59|libero|iusto
statim|2023-06-13 00:35:48|attonbitus|considero
contra|2017-08-18 14:54:57|aeneus|adsum
color|2021-12-09 13:23:51|sodalitas|necessitatibus
charisma|2021-12-01 12:34:50|debitis|ciminatio
acer|2017-06-29 11:41:21|tripudio|cicuta
ater|2021-03-18 03:30:22|varietas|sortitus
viscus|2017-04-12 16:01:46|arx|deprecator
magnam|2018-11-06 02:09:38|voco|tepesco
umbra|2021-11-25 16:02:30|vigilo|bestia
tepidus|2024-04-26 18:22:07|crinis|vaco
utroque|2026-04-12 01:26:52|tergeo|attero
odio|2018-09-16 07:51:07|dens|tui
aro|2023-11-08 09:57:40|vulgus|aufero
depulso|2025-11-03 05:20:54|talio|spero
confido|2021-07-11 20:25:00|sollicito|casso
iusto|2021-08-09 20:42:26|colo|tondeo
bibo|2025-12-19 21:21:40|victus|dolores
coruscus|2018-09-18 00:44:46|degusto|vinco
suppellex|2017-08-04 06:09:46|amitto|dolorum
desidero|2017-08-10 06:16:42|comburo|tricesimus
demulceo|2019-08-31 01:58:56|neque|coniecto
neque|2018-04-11 19:18:45|illo|vestrum
vigor|2016-10-06 10:10:42|tener|textilis
cruentus|2018-08-31 00:02:31|cerno|congregatio
inflammatio|2016-11-23 17:33:38|quae|expedita
sunt|2024-04-05 14:00:13|carpo|corrumpo
sub|2024-01-01 00:00:51|patior|adsidue
desolo|2021-08-27 08:21:46|paulatim|enim
perspiciatis|2021-07-10 04:07:38|aliquid|libero
temporibus|2021-12-09 09:16:52|vicissitudo|aveho
quod|2022-04-04 00:45:41|repellendus|infit
curto|2020-06-16 10:44:39|curriculum|vox
truculenter|2026-04-15 01:54:01|ventosus|varietas
libero|2023-04-15 17:31:45|thymum|ultio
velociter|2023-10-14 10:49:32|dapifer|censura
ascit|2023-06-19 00:00:29|adaugeo|suffragium
enim|2019-05-01 06:43:25|suffragium|studio
tot|2019-09-28 18:05:08|verus|sono
aperte|2017-04-30 19:26:17|cursus|accendo
voro|2018-02-24 22:28:52|strenuus|cenaculum
causa|2018-12-23 00:11:50|sortitus|baiulus
beatus|2025-03-22 02:11:04|despecto|aeger
votum|2024-09-09 06:57:55|demens|impedit
verbera|2021-11-14 05:57:36|barba|ambulo
reiciendis|2025-05-05 22:39:00|carbo|una
valens|2018-01-07 12:19:07|crinis|canis
tricesimus|2020-12-14 03:02:38|confido|aveho
ascisco|2026-03-20 09:13:56|titulus|tener
nostrum|2022-03-29 18:56:31|beatae|abutor
adipisci|2019-10-16 07:07:52|cur|depereo
curtus|2024-09-19 14:11:30|sint|consequuntur
denego|2026-05-22 01:46:48|vitae|arto
tandem|2019-11-11 23:06:43|verecundia|nihil
alias|2026-06-30 06:31:17|vaco|apud
acerbitas|2019-09-10 20:22:40|aeternus|solutio
paens|2024-10-08 03:26:08|pecus|animadverto
considero|2017-02-08 09:55:07|uxor|amiculum
umbra|2022-03-26 08:37:49|tactus|venio
audax|2022-05-05 01:46:20|alveus|urbanus
amoveo|2024-02-15 18:14:57|coaegresco|aggero
sponte|2025-02-12 11:41:25|baiulus|maxime
maiores|2022-12-22 00:38:40|centum|beatus
uterque|2020-01-30 12:20:06|vinum|basium
enim|2019-03-06 18:58:58|cotidie|comparo
calcar|2022-10-19 16:02:45|omnis|ad
tamisium|2025-09-09 06:38:15|addo|argentum
copia|2023-04-27 15:43:30|convoco|vesco
thermae|2019-07-26 03:26:01|defessus|vulpes
denique|2019-10-10 19:59:06|reprehenderit|tripudio
similique|2020-08-12 18:15:51|porro|copia
cito|2024-12-06 15:20:25|tot|attollo
deprecator|2025-05-21 20:34:03|infit|deficio
uterque|2019-06-16 03:43:40|deputo|ulciscor
eum|2021-12-05 18:19:03|bellum|bardus
stipes|2018-10-09 04:44:44|vere|deludo
fuga|2022-10-15 10:59:12|creta|convoco
turpis|2019-01-13 21:18:32|autem|altus
vigilo|2024-07-22 21:05:08|tenetur|vesper
umquam|2023-02-10 09:25:52|libero|libero
coma|2025-07-18 01:12:16|careo|deputo