paciente_id|cnh_cd|ha_med_cd|ha_fechadispensacion_dt
confido|tempore|sperno|2025-03-06 08:02:38
adulescens|curiositas|pel|2022-10-11 20:00:07
odit|ducimus|cuppedia|2022-01-29 10:23:37
spectaculum|facere|aperiam|2019-07-02 13:10:29
cupio|denuo|arbustum|2019-07-09 03:56:47
sunt|clementia|fuga|2024-04-07 09:07:47
carcer|damnatio|colligo|2024-07-15 11:33:53
vito|deinde|pectus|2017-02-09 12:53:51
asporto|textilis|capto|2024-05-09 07:49:50
voluptates|caecus|mollitia|2020-10-29 17:29:05
beatae|capio|theatrum|2017-10-24 13:41:49
crinis|occaecati|sollers|2017-07-19 18:03:00
conqueror|debitis|vulnus|2026-02-07 17:32:29
strues|unde|cognatus|2021-11-19 03:04:50
molestiae|quia|tremo|2026-01-27 10:16:53
ipsum|decumbo|timor|2019-04-26 01:58:18
provident|admoveo|amplitudo|2020-02-18 17:52:13
defluo|cubo|vindico|2023-12-01 17:21:12
quibusdam|adficio|umbra|2024-03-19 11:09:07
aurum|torqueo|natus|2025-04-21 09:59:00
illo|ustulo|strenuus|2019-02-22 16:52:49
somnus|amo|tenax|2025-02-09 11:23:11
subseco|amo|consequuntur|2022-02-17 19:14:09
desino|vulgivagus|vos|2021-09-15 23:18:57
soleo|occaecati|viriliter|2017-03-23 11:27:09
turbo|stips|aestas|2022-04-27 09:29:07
demum|ancilla|demergo|2017-01-31 10:55:11
attero|volva|ea|2025-10-20 21:22:50
dolorem|varius|usque|2024-06-12 04:48:11
candidus|turpis|sol|2024-09-25 04:15:22
ustulo|amplitudo|chirographum|2025-03-01 08:21:11
dapifer|adeo|via|2017-05-24 20:58:23
vulgivagus|aperiam|vulpes|2023-09-16 23:03:45
subito|confero|distinctio|2021-02-23 20:35:38
stips|auctus|teneo|2016-12-07 13:43:43
illo|natus|clementia|2025-01-27 17:41:48
colligo|capitulus|sophismata|2020-12-16 14:39:10
arguo|caelestis|tristis|2022-10-20 16:05:50
trepide|curia|verbera|2026-06-21 19:43:02
capio|vulgus|umquam|2025-03-10 16:57:19
ambitus|absens|cuppedia|2026-06-21 21:49:28
tergum|attollo|depopulo|2024-02-27 05:47:56
viscus|abduco|claro|2019-10-26 02:51:31
abstergo|dolorum|caste|2025-01-29 14:36:39
anser|perferendis|blandior|2020-11-11 00:55:08
coerceo|delego|absum|2024-01-22 07:34:47
spoliatio|crudelis|arbustum|2017-03-21 22:20:29
voro|terra|illo|2019-11-03 21:55:40
bestia|tam|aequitas|2017-01-08 18:27:47
video|catena|spiculum|2026-07-08 17:45:05
vomica|denuo|vigor|2021-01-12 09:25:03
absorbeo|capto|rem|2020-05-21 00:20:53
sordeo|curis|casso|2023-09-27 11:41:04
tersus|aeneus|balbus|2026-07-15 15:56:13
auctor|vetus|asperiores|2016-10-19 01:52:14
eos|depopulo|teres|2023-04-26 01:16:01
verto|altus|excepturi|2025-09-12 21:42:20
vinculum|pel|substantia|2021-03-04 14:56:25
triduana|deinde|saepe|2022-07-08 17:46:39
demergo|et|alioqui|2020-12-26 15:06:20
corrumpo|cognomen|comprehendo|2026-02-14 10:59:37
ex|anser|aetas|2024-04-21 13:42:34
carcer|aestus|comitatus|2022-11-04 09:27:48
arcus|ter|cultellus|2024-05-12 09:33:32
ambitus|sopor|universe|2022-11-26 09:03:25
desidero|stipes|ait|2018-08-30 13:16:38
patruus|iusto|demulceo|2021-04-30 22:08:13
ulciscor|copiose|iusto|2022-09-05 02:55:53
currus|valetudo|ambulo|2022-03-20 01:26:58
vos|vergo|adduco|2023-12-12 17:59:00
corrigo|sursum|repellendus|2021-05-14 19:37:47
nihil|vero|clarus|2021-05-01 19:36:12
cenaculum|aeger|aequus|2020-10-10 04:50:03
accendo|solutio|vulgo|2021-02-10 04:55:48
aetas|aliquid|aer|2025-03-09 12:09:42
tristis|tondeo|timidus|2019-05-19 08:23:45
cohors|aggredior|compono|2017-06-30 13:53:02
vergo|deinde|asperiores|2024-11-13 11:38:09
audacia|audentia|crebro|2018-04-17 20:01:27
crepusculum|cresco|similique|2023-12-12 14:28:53
coma|voluptatibus|atque|2019-08-15 05:16:05
caput|atavus|vesica|2018-06-30 13:32:27
talus|amoveo|explicabo|2021-10-15 12:21:24
depereo|alius|ago|2025-04-09 08:08:46
decipio|defendo|titulus|2026-07-22 23:44:55
basium|sed|cado|2026-02-09 00:21:14
perferendis|amplexus|derelinquo|2016-12-27 14:00:05
titulus|iste|rem|2017-04-21 05:00:10
cavus|ago|curtus|2024-05-17 18:35:53
celebrer|causa|vox|2022-03-18 23:58:09
adeptio|succedo|facilis|2017-03-26 16:26:16
depono|depraedor|ipsum|2017-09-14 20:36:44
vesper|vae|contigo|2019-07-14 14:59:27
arbitro|calculus|usus|2026-05-24 22:27:41
nihil|alioqui|tam|2022-01-02 01:18:44
victus|damno|iste|2019-11-29 07:05:28
apparatus|speculum|admitto|2017-04-26 21:58:25
spoliatio|atrox|audacia|2022-04-05 13:40:02
aspicio|cilicium|cognomen|2019-02-15 17:29:45
caterva|acceptus|occaecati|2019-03-30 07:20:08
damnatio|thalassinus|dicta|2025-03-07 18:06:11
eveniet|velut|validus|2025-02-01 05:36:10
spectaculum|crapula|aggredior|2026-01-07 00:31:16
conculco|valetudo|desparatus|2016-10-15 16:00:07
suppellex|infit|absque|2018-12-11 15:01:37
ubi|comedo|carbo|2018-06-15 19:26:50
comminor|crapula|suscipio|2024-02-23 10:39:16
coepi|deficio|nulla|2019-02-28 19:56:03
tunc|ipsum|casus|2025-06-15 04:51:35
vigor|tempus|qui|2021-04-17 19:34:37
cuius|undique|temptatio|2025-03-11 18:42:01
spiculum|veritatis|creta|2024-02-20 23:51:56
tonsor|tristis|tam|2018-08-03 17:33:23
vero|desipio|deprecator|2025-12-09 06:36:09
perferendis|cresco|derelinquo|2025-09-17 05:15:05
solutio|error|celer|2025-01-16 17:45:54
vergo|corona|vero|2022-04-12 07:23:52
tubineus|demum|recusandae|2024-12-11 15:01:32
caveo|dignissimos|amitto|2019-01-09 17:05:40
tutamen|placeat|cunae|2020-03-17 10:49:51
delectus|ullam|stips|2024-06-10 02:05:08
cupio|avaritia|audentia|2017-05-27 00:17:06
vulnero|adamo|commodo|2024-07-29 01:12:08
ullam|atrox|crapula|2021-09-21 05:34:17
vinculum|voluptatum|decumbo|2019-12-04 18:24:56
tripudio|depromo|cibo|2017-07-29 08:16:24
victus|paens|nihil|2017-12-21 13:39:21
cur|casso|viscus|2020-12-27 04:05:13
ancilla|corrigo|apud|2025-06-19 10:53:22
vestigium|tenetur|viscus|2025-06-21 12:23:59
quod|argumentum|eligendi|2024-05-15 10:14:04
aperio|tersus|auctor|2024-12-28 08:34:41
validus|culpo|adeo|2019-11-09 16:05:47
cattus|ademptio|terra|2024-11-19 15:51:07
statua|id|tibi|2025-06-18 20:09:28
reprehenderit|adfectus|aveho|2022-09-03 18:12:48
auxilium|aequitas|vergo|2022-01-29 22:36:20
vulgo|antiquus|absens|2023-08-06 01:38:40
tempore|cupio|arbor|2021-10-02 03:30:58
adaugeo|ancilla|quae|2016-12-31 02:39:44
pel|cavus|volubilis|2018-05-17 13:19:41
aliqua|tardus|solum|2018-07-26 18:47:15
cruciamentum|in|validus|2018-09-30 11:17:13
coerceo|vesper|caterva|2023-04-09 22:56:13
amet|abundans|audacia|2020-08-20 15:53:53
coma|colligo|umbra|2023-01-27 14:32:08
casus|aufero|totidem|2019-10-06 22:33:20
deinde|defero|colo|2023-09-07 05:46:17
modi|turba|dens|2023-01-23 05:52:02
urbanus|laudantium|tenax|2026-02-01 21:44:39
comprehendo|casus|acies|2021-03-17 19:20:42
aufero|vulticulus|sumptus|2023-12-21 20:10:06
solum|catena|deduco|2021-09-15 11:43:49
adstringo|ventito|abutor|2016-10-04 14:46:04
virgo|dignissimos|conspergo|2019-05-01 07:21:07
ullus|arbor|deludo|2017-05-14 06:48:14
curriculum|ancilla|cultura|2017-11-27 03:58:47
denuncio|velit|venia|2018-05-29 10:02:54
maxime|aduro|communis|2022-09-05 20:09:43
cornu|utique|ducimus|2022-12-03 12:37:31
audacia|astrum|universe|2023-10-08 10:19:14
placeat|natus|aequitas|2019-07-23 19:28:30
terminatio|turpis|sumptus|2024-06-27 00:15:58
decerno|patior|nesciunt|2024-11-23 17:30:55
usus|combibo|ea|2025-09-12 05:33:28
tredecim|demonstro|abbas|2022-12-26 00:10:45
claudeo|addo|demitto|2026-02-05 10:37:22
explicabo|succedo|super|2020-12-31 07:42:56
certus|atavus|adicio|2025-06-15 02:45:49
sublime|eaque|careo|2021-06-20 11:14:01
cultura|conventus|vomito|2025-06-22 06:20:43
cinis|magnam|terror|2025-06-13 10:24:37
suadeo|delicate|tabella|2020-05-25 13:52:17
coniuratio|vergo|adimpleo|2022-03-24 01:25:10
thalassinus|corpus|capto|2026-01-17 11:39:38
tabesco|derideo|deludo|2017-06-25 07:40:15
suscipit|cattus|cognomen|2017-12-17 19:37:06
qui|defero|vitiosus|2018-05-14 06:59:26
tumultus|conscendo|suscipio|2017-09-21 09:47:06
capitulus|cubicularis|tumultus|2024-12-05 14:24:31
tolero|sequi|tabula|2024-11-16 17:57:02
acidus|decet|volaticus|2018-03-05 20:22:11
surgo|aspernatur|coerceo|2017-07-19 19:51:27
antepono|concedo|arma|2024-07-22 00:25:27
aedificium|solio|comptus|2020-05-04 20:41:02
commodi|blandior|articulus|2021-05-18 22:09:44
vorago|cito|campana|2018-04-28 10:19:02
subito|canto|cultellus|2021-08-01 03:48:37
demo|accendo|absens|2020-09-08 13:51:22
decet|bene|tabgo|2020-03-28 11:12:06
ipsa|depereo|eaque|2025-07-07 15:14:24
acidus|somnus|vestrum|2019-06-23 10:56:15
odio|voluptatibus|defaeco|2022-11-21 14:56:33
solum|cur|aveho|2019-08-11 08:57:07
vis|charisma|caries|2023-07-13 00:12:23
vallum|studio|auctor|2025-03-23 23:06:33
victus|supra|spargo|2020-10-07 16:36:52
arbitro|cras|bellicus|2020-08-16 11:14:46
volubilis|aptus|omnis|2021-03-07 00:42:30
vomer|copia|deserunt|2024-12-17 09:45:44
conservo|patior|aeger|2024-04-24 09:43:02
velum|accommodo|credo|2016-09-12 15:10:33
civitas|maiores|sto|2017-11-10 18:01:01
tamdiu|claro|asper|2019-09-21 01:55:29
confugo|crapula|atrocitas|2025-03-30 13:05:40
dedico|ubi|molestias|2019-05-23 13:19:37
turba|tamen|aqua|2022-01-16 17:43:18
tremo|patior|teneo|2017-03-26 23:28:40
utor|cursim|via|2021-07-17 19:43:36
socius|absorbeo|admoneo|2020-10-06 13:31:26
ars|vinculum|ait|2018-08-01 14:39:47
animus|totus|tyrannus|2019-03-28 14:16:29
tutis|spiritus|vinum|2018-04-23 22:32:45
suffoco|tersus|ipsa|2018-09-25 21:29:59
admoveo|summopere|caveo|2016-10-29 22:37:59
admitto|coniecto|abduco|2025-11-15 08:04:46
attonbitus|chirographum|molestias|2020-10-02 18:00:27
accedo|quam|stabilis|2025-04-01 05:35:07
accusantium|claustrum|autem|2023-09-07 04:29:51
vinculum|similique|abbas|2021-11-19 23:02:46
saepe|utrimque|depereo|2026-05-29 06:31:02
vespillo|sum|totus|2020-07-28 01:37:49
claustrum|spoliatio|uberrime|2018-01-13 22:11:01
conduco|uter|certe|2025-07-04 06:14:18
uterque|compello|baiulus|2020-06-14 08:45:16
turpis|adulatio|molestias|2022-08-29 19:41:46
somnus|torrens|ventosus|2024-03-25 11:38:27
comes|approbo|rem|2017-05-12 01:19:26
defleo|vicissitudo|veniam|2026-04-07 08:20:17
sortitus|umbra|videlicet|2022-10-24 21:16:30
coniuratio|certus|vivo|2023-07-27 08:47:44
patrocinor|demulceo|teres|2018-01-01 01:21:09
ipsam|ubi|accusator|2021-02-20 05:41:07
torrens|theca|assentator|2020-05-07 19:14:00
absconditus|barba|assumenda|2023-08-28 15:35:52
armarium|valens|tripudio|2024-06-07 22:12:12
subvenio|tendo|volva|2020-08-31 04:36:35
tredecim|temeritas|uberrime|2022-07-20 09:06:05
ultra|amor|talis|2019-12-07 20:43:54
autem|cornu|tribuo|2023-05-13 19:32:19
tabesco|volutabrum|bos|2024-10-26 16:41:09
velociter|adhuc|appono|2024-07-06 05:09:18
tenax|vociferor|cursim|2016-10-13 22:06:41
arbitro|victus|adaugeo|2021-04-13 20:50:39
vicissitudo|combibo|bellum|2023-02-08 18:47:25
in|apostolus|socius|2023-06-05 22:52:33
aetas|spiculum|vulgo|2022-06-17 21:15:23
consuasor|subiungo|articulus|2024-04-23 03:43:53
veritatis|summopere|tamen|2018-06-19 06:52:42
audeo|atque|territo|2018-07-27 06:50:59
vulgaris|tersus|aeger|2022-12-15 15:55:20
tandem|ara|caterva|2021-05-03 09:28:10
ademptio|crux|suspendo|2023-09-23 20:48:20
consequatur|ipsum|vobis|2021-10-11 23:57:19
arbustum|alo|consectetur|2018-11-22 18:10:08
suffoco|avarus|cura|2018-12-15 02:59:39
ullam|similique|natus|2020-10-19 05:32:09
causa|verbum|fuga|2018-12-01 12:13:00
denego|vel|eveniet|2024-06-24 19:27:35
aureus|patria|terror|2023-01-13 17:13:55
carcer|considero|derelinquo|2020-03-04 05:45:17
vere|fuga|doloremque|2022-08-10 08:17:44
amitto|aptus|terror|2021-09-06 02:08:14
qui|somniculosus|minus|2020-09-05 10:35:54
desipio|aperiam|aeger|2022-01-05 09:47:20
reprehenderit|benigne|talis|2017-05-09 20:50:42
adfero|dicta|denique|2021-10-17 13:24:05
temporibus|corroboro|vulgo|2019-03-23 19:01:26
conor|adeo|aspicio|2026-06-01 00:50:20
suscipio|subvenio|speculum|2018-10-05 03:58:45
spoliatio|vapulus|arceo|2024-08-02 19:09:22
tametsi|ambitus|dolorum|2020-06-06 09:15:19
aranea|vesco|attollo|2023-11-19 09:34:51
stipes|aspicio|statua|2023-07-15 10:51:12
facilis|surgo|et|2017-02-23 01:11:37
eveniet|vel|desipio|2025-11-30 02:19:41
ipsam|adopto|vir|2026-05-22 20:23:35
careo|aequitas|angelus|2019-04-20 12:11:14
validus|comprehendo|turpis|2018-05-16 17:32:50
succurro|beatus|cogo|2021-09-20 08:59:57
adfectus|stips|ultio|2023-04-27 09:21:00
comparo|dedecor|ago|2021-03-24 19:54:12
volutabrum|facere|cuius|2016-12-03 16:24:23
stabilis|cumque|solio|2026-04-16 16:19:18
incidunt|audax|ab|2026-08-09 11:22:11
ex|admitto|vita|2019-03-04 22:17:28
tamquam|aut|decipio|2026-08-27 22:03:53
cunae|totam|defetiscor|2019-12-08 19:34:01
depono|chirographum|deleo|2020-01-05 06:19:43
cubicularis|coadunatio|similique|2023-10-17 05:36:54
vigilo|denique|turpis|2026-01-13 16:13:27
thesis|textus|delectus|2017-01-08 03:44:31
decipio|tepidus|arx|2022-02-24 22:28:11
surculus|voluptatibus|auctor|2021-04-29 21:49:44
adulescens|maiores|usque|2022-10-19 07:26:01
thymum|sum|bellum|2024-04-23 21:28:34
surgo|coerceo|conitor|2024-01-18 09:38:47
valde|adficio|sum|2019-06-08 03:17:01
cuppedia|tandem|velit|2023-02-08 19:20:52
apparatus|eligendi|amitto|2018-02-11 08:48:09
et|votum|aedificium|2019-04-30 14:51:50
cedo|doloremque|temperantia|2022-09-26 08:25:18
venia|usque|suppellex|2022-05-05 20:59:04
confido|basium|suus|2023-07-14 14:08:00
accommodo|vallum|communis|2017-11-29 01:52:21
tenuis|corrigo|desidero|2018-11-13 17:52:55
vito|acquiro|velit|2020-12-28 16:42:41
absens|vilis|benigne|2024-02-21 02:34:47
totidem|recusandae|auditor|2018-12-26 01:35:11
claudeo|cunae|reprehenderit|2026-05-29 06:26:47
subseco|tubineus|conservo|2017-03-29 10:26:11
umerus|suscipit|tepesco|2019-12-24 22:17:15
arma|truculenter|sui|2017-10-13 07:14:23
verumtamen|balbus|corporis|2022-11-05 23:29:58
adversus|terminatio|acidus|2016-10-03 14:39:48
sumptus|victus|arx|2022-07-28 17:03:13
mollitia|voluntarius|verus|2022-01-29 01:36:13
succurro|quisquam|turba|2020-12-29 21:46:50
doloribus|vacuus|vitae|2021-09-24 03:42:38
tabesco|aestus|varius|2025-06-18 16:26:13
quae|turpis|triumphus|2024-05-15 01:25:18
sint|succurro|annus|2019-04-05 04:36:30
tepidus|canto|eaque|2023-11-01 19:45:33
distinctio|ulterius|beatae|2019-09-24 04:11:19
vir|adfectus|auctor|2025-01-26 22:50:58
tego|arx|amor|2018-02-22 14:10:42
utique|commodo|voco|2020-02-08 17:51:30
vulgo|cervus|a|2018-06-18 17:54:54
ascisco|similique|utor|2020-03-22 01:03:11
suppono|benigne|acsi|2025-07-07 11:04:34
voluptatibus|asperiores|complectus|2020-02-22 11:21:20
atrocitas|vesco|vulgus|2025-01-09 02:08:30
verus|arx|verto|2025-04-10 05:12:02
carpo|audentia|dolorum|2016-09-21 21:35:26
explicabo|defendo|una|2018-04-29 15:30:07
altus|damno|accendo|2026-08-20 10:09:49
xiphias|numquam|tui|2017-12-20 11:35:10
bardus|natus|cras|2021-01-22 11:16:05
appono|sequi|complectus|2018-12-07 11:52:26
spiculum|solum|cibo|2021-02-05 14:11:07
spiritus|dedecor|admoneo|2025-04-12 04:52:04
utique|ceno|beneficium|2022-05-21 13:54:41
odit|benevolentia|cariosus|2019-05-05 16:28:02
vociferor|ait|atqui|2016-10-01 08:43:58
cui|asperiores|aestivus|2018-12-16 00:55:39
tam|amitto|apostolus|2020-12-31 12:20:11
libero|aliquam|pauper|2020-02-21 14:39:07
sapiente|ullus|volaticus|2023-12-31 16:47:27
adficio|tam|tristis|2020-02-17 02:32:18
video|ater|viriliter|2026-07-02 10:27:58
tamisium|conforto|ara|2020-01-06 18:18:20
adhaero|administratio|tumultus|2021-01-21 09:52:58
tristis|cupiditate|vere|2024-05-14 15:48:19
beatus|tot|bibo|2024-02-03 19:29:56
sum|ventosus|causa|2023-06-08 08:56:16
terreo|decet|sequi|2024-11-02 02:01:08
aggero|vox|argumentum|2022-08-28 15:47:36
delibero|voluptatum|depopulo|2026-06-08 09:46:29
necessitatibus|deputo|timor|2025-12-27 01:24:30
tripudio|ter|deporto|2023-09-19 20:34:07
desipio|terebro|ad|2026-08-03 04:42:24
amet|cuius|ancilla|2019-02-18 06:25:04
calco|attero|carpo|2017-01-11 02:41:24
alter|deprimo|vulariter|2017-03-27 15:44:30
demoror|veritas|amita|2020-08-01 06:10:38
atrocitas|aufero|absum|2025-09-11 21:23:16
harum|sequi|vos|2019-01-20 00:10:19
bos|supellex|aperio|2016-12-31 09:40:58
defleo|caterva|sursum|2021-12-28 18:20:03
cibo|absque|validus|2025-11-27 02:02:26
utrum|thymum|velut|2025-02-16 07:04:23
avaritia|unde|accedo|2026-01-21 12:59:10
surculus|patria|umquam|2026-01-15 11:28:06
sono|defendo|cunctatio|2017-10-27 12:30:26
acceptus|voluptatem|tergeo|2025-05-18 16:02:00
cado|praesentium|deprimo|2021-12-26 02:25:35
tempore|nam|iusto|2023-04-29 06:40:48
abeo|rerum|allatus|2018-11-15 20:01:27
volup|calculus|sublime|2025-12-09 19:52:52
varius|charisma|tui|2020-06-21 20:57:47
apostolus|minus|adimpleo|2023-03-08 02:11:45
absens|solitudo|victus|2023-02-11 07:07:30
aeger|clamo|accommodo|2020-11-05 17:52:39
vociferor|adeo|dolorem|2024-09-29 05:03:18
turba|vito|minima|2023-07-01 08:50:04
commemoro|succurro|vacuus|2022-10-21 05:43:02
audeo|autem|alter|2025-02-13 06:24:34
coniecto|defluo|convoco|2018-03-22 14:19:28
certe|antea|cena|2024-08-23 03:09:38
expedita|ea|aperte|2022-05-23 01:36:25
certus|vel|assumenda|2022-03-09 15:12:34
degusto|aggredior|amor|2023-10-31 19:38:07
anser|solio|vigor|2016-10-10 14:55:59
depromo|verto|consequuntur|2022-09-12 18:19:56
spoliatio|adsum|vita|2024-09-12 01:03:17
usus|vomica|accedo|2021-06-21 11:11:34
tollo|conservo|thalassinus|2020-02-08 04:13:22
coma|aequus|verecundia|2026-02-27 10:38:14
texo|adicio|terebro|2018-03-29 13:34:14
supplanto|subito|cubicularis|2024-07-24 22:10:33
totidem|velum|basium|2020-09-01 11:12:14
iusto|asporto|subnecto|2019-01-13 00:00:44
agnitio|pauper|surgo|2025-05-04 20:39:49
careo|villa|corona|2026-06-11 22:47:22
ipsa|tristis|amaritudo|2019-10-15 00:37:48
vindico|soluta|amplexus|2020-07-03 20:52:08
cumque|attero|crebro|2017-11-26 20:21:35
accusamus|dignissimos|thorax|2019-05-11 12:35:53
suasoria|demonstro|delinquo|2017-01-23 17:18:59
utique|sollicito|denego|2017-12-28 02:25:38
vulariter|audeo|dignissimos|2025-09-04 15:54:07
amplexus|vetus|in|2019-04-19 13:47:15
distinctio|deduco|attollo|2018-12-05 09:44:54
sublime|spes|vehemens|2024-06-02 18:47:05
teres|baiulus|vir|2020-05-27 19:58:04
vox|amoveo|creptio|2023-08-07 22:43:49
provident|una|theologus|2019-11-30 17:26:43
denuncio|demum|strues|2026-07-06 03:46:41
congregatio|distinctio|est|2026-02-17 17:18:27
tendo|ulciscor|paulatim|2018-06-14 11:53:30
debitis|vinco|beatus|2025-06-03 12:32:08
spiculum|crapula|incidunt|2024-02-04 06:46:10
ara|verbum|conservo|2026-07-21 13:21:30
tutamen|synagoga|arca|2020-09-23 20:08:24
victoria|tumultus|tandem|2017-03-29 18:39:55
admoveo|deleniti|capillus|2024-12-25 20:22:53
terror|textilis|viriliter|2017-03-11 14:00:11
alo|ducimus|aggero|2025-10-05 19:03:42
conicio|ut|uter|2017-12-17 02:14:04
vorax|vesco|abscido|2021-07-08 07:22:14
candidus|acerbitas|conscendo|2019-01-26 12:23:18
despecto|cometes|suspendo|2024-08-20 13:35:53
desidero|conor|cupiditas|2023-01-09 11:12:24
victus|totidem|agnitio|2023-03-30 12:01:08
et|vulnus|una|2025-12-17 12:23:23
cresco|creber|commemoro|2023-07-02 13:27:30
bellum|aliquam|odit|2019-06-23 20:12:52
apparatus|defetiscor|altus|2020-01-02 03:41:00
minus|in|accusator|2021-08-26 23:18:14
acsi|thesis|auditor|2022-10-02 18:44:19
super|tolero|ipsam|2024-10-13 02:35:21
tribuo|consuasor|soluta|2017-10-26 06:48:49
voveo|aranea|alius|2021-11-20 18:21:01
creo|varius|curso|2019-05-18 13:01:46
terga|animus|timidus|2025-05-02 04:57:26
delectatio|terga|cavus|2023-12-18 00:24:44
spiculum|decor|video|2023-08-10 13:11:47
deficio|varius|demo|2021-09-30 23:08:08
accendo|crudelis|provident|2021-04-08 03:26:06
suscipit|porro|caute|2021-04-06 18:59:20
angelus|sollers|animus|2026-06-19 19:52:22
consectetur|angustus|tendo|2022-04-15 16:05:40
aveho|cubicularis|appono|2019-01-15 16:57:09
spero|vita|abutor|2026-05-08 13:38:20
nisi|tantillus|desolo|2018-06-04 03:13:42
volutabrum|colo|theca|2023-01-23 02:44:36
unde|asporto|vulnus|2026-05-26 02:24:56
acies|bestia|trado|2022-05-27 09:31:09
concido|conicio|verecundia|2020-06-27 20:08:46
terra|depulso|blanditiis|2017-11-24 18:35:40
coadunatio|volaticus|decerno|2021-01-11 09:09:36
advoco|una|calcar|2020-06-16 15:20:42
adstringo|chirographum|ab|2018-03-20 07:24:36
carcer|comburo|comes|2021-05-01 12:52:17
crudelis|aspicio|animi|2021-08-21 18:31:35
cumque|articulus|campana|2018-08-11 07:43:38
audax|laudantium|defleo|2026-01-12 00:59:44
solium|defetiscor|thema|2024-04-16 08:54:35
desparatus|curriculum|vitiosus|2024-11-21 18:29:07
stips|cetera|cervus|2017-02-02 19:20:49
cena|alter|aeneus|2025-04-07 17:22:33
paens|amissio|vaco|2022-12-08 02:57:44
verus|demitto|tabgo|2019-03-23 03:31:51
admoneo|cubicularis|impedit|2017-11-08 22:55:29
acies|similique|campana|2020-06-21 21:58:56
vulgo|quidem|delectatio|2019-04-20 00:49:35
doloribus|umerus|tametsi|2019-07-12 20:26:26
utrimque|speculum|acidus|2022-01-06 05:12:53
cognatus|molestiae|tergeo|2017-10-12 06:59:05
iusto|veritatis|tripudio|2024-10-11 06:19:22
aer|labore|depromo|2018-05-15 22:04:02
asperiores|temeritas|adeptio|2022-02-20 01:39:06
super|damno|vae|2020-05-13 08:47:16
est|sumptus|ciminatio|2025-04-04 20:06:19
eos|commodo|timor|2018-04-03 06:26:54
aggredior|colligo|copiose|2020-09-19 18:42:34
pecus|debeo|aqua|2020-05-05 17:35:29
cohibeo|talis|vobis|2022-08-06 08:32:52
curtus|delibero|socius|2020-12-26 06:55:20
deficio|arma|sunt|2020-02-11 23:49:33
absens|speculum|delectatio|2022-03-09 22:41:49
nisi|abscido|cuius|2026-01-27 08:41:36
sunt|vix|condico|2018-02-19 09:10:32
condico|enim|stabilis|2019-01-06 09:05:00
atrox|tibi|canto|2026-03-31 06:16:48
suffoco|sol|caelum|2017-02-20 01:15:45
cunctatio|vespillo|pel|2020-03-30 14:53:00
depraedor|adstringo|decet|2025-01-21 21:29:09
delicate|tergo|civitas|2023-09-13 16:34:36
careo|audentia|vivo|2026-05-01 13:45:26
tendo|decipio|commemoro|2020-11-20 03:56:44
alveus|corrupti|defleo|2023-09-28 15:52:54
tergeo|aiunt|tremo|2023-09-02 13:18:39
strenuus|conor|ver|2017-12-10 19:39:28
textilis|suspendo|thymbra|2022-06-29 21:38:50
vis|necessitatibus|dapifer|2018-05-06 02:39:30
tenus|vapulus|baiulus|2020-09-06 16:54:57
repudiandae|statua|crebro|2018-02-23 04:09:00
delectus|dolor|tergiversatio|2017-10-01 04:02:59
eos|currus|undique|2017-10-25 11:58:53
vivo|vilicus|bibo|2025-05-18 13:54:37
altus|thymum|acsi|2021-11-17 08:38:44
nam|benevolentia|antiquus|2023-03-23 00:15:48
cursim|cursus|succurro|2023-05-05 04:16:14
soleo|conitor|suffoco|2024-06-27 01:50:33
similique|absum|arguo|2022-12-14 21:31:51
cubitum|custodia|acer|2016-12-21 09:10:30
sortitus|vel|sublime|2020-05-14 23:11:31
talio|vulgo|adhaero|2024-12-14 19:05:06
caput|aranea|venustas|2023-10-26 10:40:57
vis|utroque|ea|2026-05-30 04:09:11
deserunt|sursum|ait|2017-06-10 05:52:54
cupressus|subiungo|timidus|2024-09-17 18:36:49
utilis|cado|verto|2020-01-19 15:12:25
spectaculum|decipio|corpus|2025-08-20 08:04:30
commodi|denique|aegrus|2026-03-02 16:05:36
summa|quo|eligendi|2017-06-06 03:32:19
quibusdam|aegrotatio|virga|2020-09-19 14:09:22
stabilis|rem|ancilla|2022-07-07 15:01:08
texo|triduana|abbas|2018-08-23 21:48:39
trans|cohaero|unde|2022-04-15 03:30:05
blanditiis|carus|vulnus|2021-12-11 04:42:34
tamen|degusto|possimus|2022-08-28 22:14:28
corroboro|utor|aduro|2022-11-12 20:54:34
decumbo|ascit|tamisium|2023-07-04 08:48:12
acidus|culpa|deprimo|2021-04-29 22:07:33
conforto|carpo|arceo|2018-08-19 12:41:00
denego|super|crepusculum|2024-07-31 13:56:20
certe|tenus|vallum|2025-08-03 00:34:30
veritas|despecto|ante|2019-04-12 19:31:34
candidus|voluptate|undique|2022-04-29 00:33:48
desino|ultra|voluptas|2020-08-12 23:22:50
viscus|denuo|aliqua|2025-03-04 11:39:45
aveho|supra|damnatio|2023-04-28 22:24:06
deputo|alii|corrupti|2022-03-04 18:46:38
deputo|voluntarius|arto|2020-06-26 21:31:47
similique|veritas|quam|2018-09-14 10:49:52
natus|degero|somniculosus|2023-09-02 17:30:07
uter|cerno|absorbeo|2025-12-05 16:41:12
bis|viridis|tandem|2018-04-26 10:56:53
defluo|pax|supra|2022-07-13 07:56:20
demulceo|aegre|trucido|2021-04-23 18:04:53
truculenter|ver|tabesco|2017-12-25 23:48:43
sto|antea|sufficio|2016-09-29 06:52:35
quidem|explicabo|patior|2020-12-04 18:14:14
usque|apto|veritas|2021-05-31 23:38:28
soleo|voluptatibus|tergeo|2022-11-03 11:40:19
pax|coniecto|sequi|2017-05-24 10:56:51
laboriosam|communis|ut|2024-07-07 18:04:05
vis|ustilo|vinum|2023-02-11 22:04:32
tres|sublime|video|2022-09-20 12:03:35
assentator|amor|votum|2022-01-04 14:09:06
coaegresco|beneficium|tonsor|2025-02-26 10:49:40
venio|spero|ex|2017-06-07 21:59:57
velut|agnosco|terra|2017-01-04 15:48:48
testimonium|ventus|truculenter|2022-12-15 11:54:59
aggredior|speciosus|ipsa|2018-10-28 17:56:14
curtus|summopere|callide|2017-04-06 00:43:18
ustulo|ara|vilis|2020-05-01 14:19:05
aspicio|rerum|tantillus|2023-07-03 07:11:21
clam|vilitas|tubineus|2018-12-10 13:58:37
expedita|subiungo|validus|2022-06-10 06:33:50
administratio|corrumpo|succedo|2024-01-18 17:11:43
tamen|absque|advoco|2021-12-15 06:43:47
solutio|vix|inventore|2017-03-30 09:34:15
suspendo|termes|patrocinor|2018-02-05 08:44:47
omnis|casus|reprehenderit|2020-10-09 11:20:22
accusamus|derideo|acer|2017-07-30 01:43:26
illo|deputo|civitas|2026-06-08 22:35:18
coruscus|terminatio|aegrotatio|2023-11-09 05:06:52
adstringo|abutor|asperiores|2017-04-26 16:04:57
alienus|ullus|vigor|2024-01-19 00:13:43
virgo|sursum|quaerat|2019-05-31 22:50:55
aedificium|terror|civitas|2022-11-10 21:42:38
alius|cito|amita|2025-10-28 12:11:42
vinitor|pauper|succurro|2017-12-08 13:16:04
facere|trepide|antepono|2023-01-24 18:32:52
solutio|cruentus|numquam|2023-09-21 05:20:22
accusamus|adamo|praesentium|2020-08-29 00:40:18
umquam|turpis|theatrum|2022-03-29 06:21:36
delibero|paens|suadeo|2026-05-04 12:26:27
universe|conatus|currus|2018-04-01 10:52:24
charisma|succurro|teneo|2023-05-01 14:53:19
absorbeo|triumphus|veniam|2019-12-02 09:38:58
suffoco|succedo|aggredior|2022-03-04 23:12:08
culpo|vacuus|suppono|2024-08-20 16:59:25
amo|voluptatum|ipsam|2023-03-01 19:46:49
supra|tres|velum|2026-03-03 10:12:10
verbera|crastinus|curso|2024-11-22 19:12:23
sono|cattus|addo|2023-12-07 04:25:30
suffragium|defleo|umbra|2018-11-13 16:37:24
aliquam|volubilis|ademptio|2020-10-22 23:29:35
terebro|tonsor|coruscus|2021-03-29 03:29:17
congregatio|ascisco|aetas|2023-05-28 03:15:47
asporto|certe|votum|2026-01-03 03:00:07
aegrus|adipiscor|concido|2022-11-20 19:22:19
cibo|vesica|vorago|2021-01-14 19:34:14
calculus|delibero|suppellex|2022-04-03 12:41:29
cui|quae|caelum|2025-08-02 08:14:14
sponte|vere|aliquam|2019-09-08 01:29:52
beatus|vapulus|defluo|2023-01-15 18:08:13
ancilla|sequi|clamo|2020-01-04 09:53:26
thymbra|custodia|statim|2025-11-29 05:47:19
a|delibero|aequus|2022-09-06 04:45:08
terra|decerno|uredo|2024-04-12 11:32:22
vicissitudo|error|audacia|2026-01-24 08:50:18
ante|coruscus|ab|2021-02-26 00:01:06
damnatio|blandior|ars|2026-02-09 22:49:00
campana|quo|auctus|2023-10-05 10:50:10
voluptatibus|barba|despecto|2022-04-16 06:56:15
uxor|complectus|corpus|2019-02-16 19:29:41
paulatim|calcar|sed|2016-12-09 06:00:01
tergeo|suscipio|vestrum|2017-03-11 08:42:59
tondeo|congregatio|curiositas|2023-03-09 13:49:24
audax|adflicto|caute|2022-09-26 05:48:52
colligo|coadunatio|spiculum|2020-05-26 13:18:57
comparo|ver|cuius|2024-06-27 07:25:12
absque|uterque|traho|2026-07-05 18:30:53
accommodo|cilicium|toties|2019-05-26 16:20:31
constans|conturbo|tandem|2017-06-13 13:31:04
subiungo|conicio|dapifer|2026-03-05 15:24:33
ut|bardus|eum|2022-06-24 05:19:31
curso|atrox|aro|2023-09-17 20:17:08
apparatus|curriculum|absorbeo|2017-04-07 19:25:15
distinctio|aegrus|uxor|2020-11-20 08:33:47
victoria|adhaero|verbera|2025-08-17 04:45:50
solus|curto|approbo|2023-10-12 02:35:34
sodalitas|sint|circumvenio|2017-05-11 04:04:28
agnitio|thymum|quidem|2026-04-25 06:04:54
studio|occaecati|combibo|2019-03-18 12:41:14
nulla|beatus|distinctio|2025-06-02 01:05:10
crustulum|sub|pectus|2022-01-26 01:37:14
cupiditas|a|dolores|2020-04-18 05:53:52
surculus|auctor|in|2021-12-03 12:10:51
cribro|auxilium|nihil|2020-04-26 00:35:37
virtus|copia|callide|2022-11-20 14:54:10
aut|abscido|demonstro|2021-04-22 05:54:03
depono|apto|abduco|2022-11-03 03:56:00
tametsi|cornu|cras|2022-08-27 20:58:15
perferendis|corrumpo|combibo|2020-07-25 00:11:28
carus|voluntarius|tam|2021-02-04 18:39:35
thymum|terreo|decumbo|2025-10-09 00:10:14
veritas|compello|decimus|2018-02-19 20:42:37
ancilla|verbum|defessus|2018-07-30 02:14:46
veniam|paens|colligo|2022-09-07 23:02:05
adduco|absens|vilis|2022-07-26 12:39:57
summopere|demoror|callide|2025-06-27 05:17:36
spargo|tepesco|commodo|2020-05-09 06:03:49
appono|beatae|causa|2016-12-11 16:07:31
cinis|eveniet|audax|2018-11-01 02:38:40
iusto|vomica|spoliatio|2026-03-31 17:19:20
casus|aranea|canis|2021-12-11 00:05:30
communis|dens|volo|2022-10-05 09:16:03
casus|curvo|venio|2018-12-24 12:02:13
succurro|suffoco|voco|2019-02-01 23:21:05
utrum|possimus|dolores|2021-01-28 08:46:07
vinum|ipsa|voro|2025-11-15 17:50:08
torrens|voco|vulgo|2018-10-27 21:46:43
aer|abeo|thalassinus|2019-04-04 16:38:33
paens|vir|compello|2026-07-29 18:40:37
constans|usitas|civitas|2024-03-26 10:32:46
validus|caritas|deludo|2016-12-09 15:49:19
suscipit|modi|comes|2023-12-11 02:56:15
creber|tricesimus|vulgaris|2017-12-17 19:37:36
coepi|optio|aestivus|2026-06-13 05:19:54
pauper|conturbo|pectus|2017-01-08 04:33:04
stips|desipio|defluo|2017-03-15 20:39:32
deludo|spargo|cogito|2017-01-05 17:57:09
utrimque|tenetur|id|2024-05-23 01:45:09
cumque|demo|paens|2018-03-11 20:11:01
custodia|audio|theologus|2016-11-15 03:42:29
patior|alveus|asporto|2018-08-16 18:19:29
adaugeo|adnuo|accendo|2024-09-02 19:32:21
taceo|accedo|umerus|2023-10-10 08:02:37
alii|candidus|ambulo|2026-03-27 06:30:25
verecundia|totidem|avarus|2020-04-16 21:36:45
vita|nostrum|ocer|2025-01-21 22:32:51
facilis|consectetur|venustas|2023-07-06 15:00:32
illo|calculus|tertius|2019-02-19 20:03:36
somnus|sulum|armarium|2025-10-08 02:16:11
cubo|bene|amissio|2018-10-21 16:09:43
optio|circumvenio|verus|2018-03-18 22:20:49
cognatus|bellum|aetas|2024-10-22 05:54:21
usitas|arma|cursus|2019-05-19 02:57:58
collum|canonicus|pax|2023-06-13 04:57:22
terga|cibo|expedita|2026-06-10 06:17:56
approbo|nulla|dolor|2022-11-27 18:09:04
administratio|cenaculum|vesica|2018-03-01 05:13:31
ambulo|cras|voluptatem|2023-06-03 02:52:14
solutio|vicinus|angulus|2025-01-06 04:53:04
pax|tertius|tamquam|2021-05-25 09:15:14
tego|pel|vero|2025-05-23 08:51:30
urbanus|facere|victoria|2018-07-30 11:24:43
urbs|universe|collum|2019-11-18 11:59:37
minima|cauda|charisma|2023-04-01 12:06:33
urbs|tener|admoveo|2023-07-28 08:18:30
complectus|uterque|voco|2026-07-18 15:15:33
accedo|iste|cornu|2018-02-14 23:31:22
comburo|centum|absconditus|2022-10-26 01:33:38
auctor|alii|aspernatur|2024-02-28 03:39:21
quod|tardus|non|2026-02-26 02:50:11
suffoco|auctor|ab|2018-01-06 14:13:58
apto|somniculosus|ceno|2023-05-24 19:48:11
quisquam|amplexus|harum|2024-04-16 00:32:55
delego|carus|denuncio|2021-06-27 20:13:40
sortitus|addo|aperte|2017-10-29 17:52:52
adicio|ullam|desino|2018-03-24 09:41:02
degusto|desparatus|cariosus|2022-01-05 16:20:34
aegre|derideo|tandem|2020-07-29 07:09:02
delectatio|corroboro|summisse|2017-10-18 14:30:30
aeger|timor|succedo|2017-07-26 17:39:55
pariatur|ara|utique|2021-09-22 01:17:31
demoror|acies|vinitor|2018-07-27 22:42:42
paulatim|patrocinor|caelestis|2024-10-13 21:30:43
aptus|suggero|verecundia|2025-08-08 17:41:22
molestias|territo|complectus|2021-12-10 19:37:11
verto|uxor|sponte|2023-04-27 05:44:16
circumvenio|atavus|repellendus|2019-08-04 09:39:59
ago|usque|nulla|2025-05-17 23:45:22
virga|brevis|communis|2021-06-19 23:56:30
dolorum|clementia|defluo|2023-08-05 00:13:07
officiis|quod|conor|2024-12-28 16:35:15
aranea|thema|desipio|2026-04-30 04:13:12
super|dolorum|calcar|2025-04-29 05:44:04
viriliter|aegrotatio|sui|2024-03-26 15:39:25
est|caries|atqui|2024-06-22 06:27:13
candidus|odio|aro|2021-07-05 12:39:24
tabella|adsum|cunabula|2026-07-17 14:41:52
sustineo|auctor|iste|2022-09-16 02:30:44
comes|vulariter|aurum|2019-06-12 02:34:11
beneficium|ascit|pectus|2018-12-11 00:30:49
patruus|vaco|aliquam|2025-03-26 11:36:27
bestia|maiores|voro|2024-05-20 23:49:17
tepesco|spiritus|dolorem|2018-10-18 01:44:17
omnis|tres|callide|2020-11-01 00:47:46
itaque|cattus|vicinus|2017-05-12 16:36:11
vox|cogito|bardus|2026-01-21 09:37:23
circumvenio|consectetur|vomito|2021-02-16 08:33:44
apparatus|volva|cura|2020-04-06 07:03:29
desolo|utrimque|deorsum|2024-12-14 05:34:08
blandior|pariatur|aqua|2016-12-30 19:53:09
volup|arbor|adnuo|2026-01-18 23:54:32
caute|caute|cotidie|2019-07-12 17:32:07
spero|dolor|depulso|2019-03-19 07:44:24
aegrus|succedo|a|2019-05-21 00:46:24
aureus|amo|avarus|2024-05-21 12:55:35
aggredior|trepide|nesciunt|2026-03-03 01:19:36
credo|vilicus|valeo|2022-10-24 00:26:37
crepusculum|solum|tum|2016-10-21 22:18:46
debeo|repellendus|vacuus|2019-07-31 06:27:34
cilicium|utpote|clibanus|2019-01-28 03:50:12
abundans|delectus|spero|2023-02-12 08:19:23
enim|solvo|adinventitias|2024-09-29 08:49:32
adduco|teneo|crepusculum|2024-07-27 01:41:38
acer|uterque|antiquus|2024-01-17 11:33:53
despecto|debitis|ad|2020-07-22 19:57:20
venia|spiculum|stillicidium|2025-12-27 12:37:39
clibanus|terga|tenax|2023-07-28 16:10:58
aqua|vir|speciosus|2025-02-28 08:40:37
cervus|comptus|atrocitas|2025-01-12 16:11:18
temporibus|contego|ambulo|2020-02-29 00:05:31
deorsum|aestivus|atqui|2019-06-28 11:06:22
doloremque|bibo|vereor|2020-04-24 21:48:44
sed|arx|desparatus|2021-04-03 04:55:01
credo|somniculosus|inventore|2016-09-16 23:13:06
validus|brevis|validus|2018-04-17 12:06:53
abutor|quis|at|2020-08-31 16:18:57
teres|dedico|conor|2021-03-09 08:59:23
tam|comes|compello|2024-02-01 13:15:22
vulpes|vel|unde|2022-05-21 16:17:51
facere|pectus|aegrotatio|2024-09-18 02:53:05
curvo|summisse|vere|2017-04-10 04:34:34
spes|vero|aureus|2020-06-17 15:42:14
pecco|uredo|ustilo|2025-01-10 22:41:29
viscus|volva|uxor|2018-09-01 10:18:03
impedit|nisi|vitiosus|2022-06-16 14:40:31
cubitum|conor|conatus|2026-06-02 01:44:09
copiose|solitudo|sublime|2020-07-09 08:26:33
cunae|creptio|degero|2025-05-17 07:23:24
alius|aurum|taedium|2026-04-01 04:24:18
amplitudo|quisquam|textilis|2024-09-28 13:31:40
triduana|auctus|clarus|2018-06-16 06:23:15
magni|uterque|dolores|2018-09-26 20:16:30
solum|contego|concedo|2019-04-02 09:02:54
vitae|volva|benigne|2019-12-30 10:03:43
timor|bellicus|sordeo|2024-05-01 08:19:59
clam|calcar|subseco|2017-12-06 06:21:51
fuga|sonitus|adipiscor|2017-03-27 21:50:06
adduco|ipsam|traho|2020-08-20 02:04:50
admoveo|ventus|blanditiis|2017-08-23 08:04:43
curtus|combibo|tendo|2025-09-04 01:58:14
virtus|ambitus|advenio|2024-07-17 02:09:11
aptus|dignissimos|comprehendo|2019-09-18 14:22:41
commodo|odio|demum|2017-03-16 08:23:14
vero|cohaero|pax|2021-12-23 02:45:56
spectaculum|amita|volutabrum|2019-03-26 23:54:39
pecto|occaecati|texo|2024-04-27 08:32:47
defetiscor|vado|crur|2019-04-03 20:26:45
vereor|vomito|aestivus|2023-06-03 13:56:19
dolorem|praesentium|cicuta|2020-12-14 15:02:46
sed|conspergo|curia|2021-07-24 07:34:15
unde|terreo|vulgaris|2020-11-10 18:09:16
aliquam|debitis|subvenio|2021-04-01 10:16:12
deporto|coniecto|termes|2018-10-23 17:13:17
acquiro|spero|artificiose|2019-03-23 09:55:20
temptatio|tres|architecto|2017-02-15 18:25:14
vilicus|bene|cinis|2018-08-08 06:00:16
soleo|uredo|thymum|2023-08-04 06:33:17
tergiversatio|eaque|subnecto|2016-10-12 00:08:39
circumvenio|quisquam|apparatus|2024-08-17 18:30:21
concido|aequus|audio|2021-03-27 15:16:23
benigne|ter|sublime|2018-11-07 04:53:38
utique|caritas|sol|2025-04-23 20:42:54
valde|vobis|voro|2025-12-28 17:57:53
denique|maiores|traho|2017-07-26 21:19:37
adulatio|vestigium|spoliatio|2023-02-27 18:23:54
custodia|culpo|abstergo|2021-10-02 14:33:17
in|ab|charisma|2026-09-01 13:04:03
centum|demo|carmen|2018-08-01 06:03:39
tabella|absque|annus|2021-11-03 21:28:23
clibanus|subiungo|averto|2023-08-07 13:35:52
necessitatibus|basium|sulum|2017-08-15 04:39:38
demens|nihil|torqueo|2016-09-17 03:36:26
adsuesco|admiratio|id|2018-09-12 12:38:29
artificiose|corona|teres|2022-10-26 20:33:14
sumo|decipio|thymum|2025-04-03 06:07:33
sulum|architecto|sortitus|2024-02-28 21:40:06
paulatim|cubo|quis|2023-03-27 09:29:55
a|aequitas|ascit|2024-05-16 19:16:18
natus|thermae|combibo|2019-09-21 02:57:37
cavus|triduana|atavus|2018-10-26 14:40:51
nam|vobis|argentum|2021-11-15 03:17:30
dignissimos|fuga|peccatus|2019-03-20 10:03:47
sum|decerno|decretum|2018-07-31 20:52:53
conitor|eaque|antepono|2023-11-27 22:33:30
consectetur|tum|error|2022-01-31 12:50:25
illum|canonicus|velociter|2024-05-02 09:31:10
pax|sophismata|viduo|2020-05-19 15:24:50
vergo|vulgus|utor|2025-12-15 16:00:36
aliquid|despecto|sodalitas|2016-11-12 02:56:39
textus|animadverto|torqueo|2020-11-28 03:53:46
perferendis|video|cogo|2018-03-27 02:50:48
degenero|alienus|derelinquo|2016-12-02 21:19:27
accendo|tenetur|eius|2025-12-23 23:38:23
sponte|auditor|crur|2023-09-01 15:19:57
tam|carpo|celer|2025-03-23 18:23:43
sophismata|dens|adflicto|2017-03-03 16:25:22
adulescens|cerno|theca|2021-12-06 21:23:27
voluptates|absque|viduo|2023-08-26 04:07:39
comminor|decimus|appono|2016-10-31 08:59:35
stipes|beatus|sumptus|2017-03-16 22:50:55
taedium|vehemens|tum|2023-12-27 15:23:27
video|laudantium|temperantia|2021-05-19 08:51:24
voluptatibus|veritatis|tempore|2026-02-05 23:05:16
deprimo|turba|uterque|2025-11-27 19:08:50
cum|via|statim|2016-09-21 12:57:09
cubo|civis|pauci|2017-07-20 23:50:28
blanditiis|degusto|nesciunt|2024-11-19 18:02:19
commemoro|absorbeo|vel|2025-10-20 13:54:55
derelinquo|impedit|labore|2026-08-06 01:42:30
benevolentia|aqua|esse|2020-05-20 15:11:13
maxime|templum|adsuesco|2018-07-02 02:11:39
sursum|decens|vinum|2018-06-24 21:15:11
termes|coadunatio|ad|2023-10-24 03:20:16
cenaculum|ventito|debilito|2017-06-17 20:39:53
animus|depraedor|admitto|2016-10-08 16:39:57
vivo|textilis|certus|2022-09-30 03:05:13
qui|tabernus|certus|2022-01-06 02:50:09
desolo|nobis|vester|2026-08-16 12:23:38
derideo|cum|id|2017-08-11 19:43:12
audeo|debeo|aequus|2021-06-26 03:03:06
abutor|cursim|timor|2021-08-29 19:26:08
absconditus|timidus|vallum|2016-11-03 22:50:06
carcer|basium|triduana|2021-07-05 12:25:06
deripio|aggredior|rem|2023-11-01 06:47:18
autem|beatus|accedo|2016-12-30 13:45:12
derelinquo|victoria|vacuus|2022-06-21 04:08:04
cui|tutis|clam|2024-05-16 13:33:30
cursus|solus|vigilo|2017-12-20 04:58:31
calculus|cunabula|consectetur|2022-05-20 08:23:44
error|ambulo|in|2020-09-20 20:48:26
condico|decerno|supellex|2019-05-26 22:24:39
utroque|utique|terebro|2019-05-24 15:44:16
vestigium|acceptus|cupio|2025-05-23 16:53:30
comis|titulus|tantum|2021-01-14 09:29:10
blanditiis|defleo|stipes|2021-08-25 10:18:29
cultura|volva|suscipit|2017-09-30 16:42:58
repellendus|artificiose|valetudo|2024-09-02 23:35:55
demulceo|aeternus|vilicus|2019-05-31 10:02:22
ceno|thalassinus|vulnus|2018-10-24 15:04:22
aveho|bestia|cicuta|2020-05-21 07:16:22
vehemens|aspernatur|temptatio|2024-08-20 16:23:45
aspernatur|deleo|aliqua|2026-07-21 02:35:19
tenetur|tamen|apparatus|2021-11-10 18:33:31
laborum|bibo|solvo|2023-12-19 19:49:24
apostolus|ab|nemo|2025-01-28 15:38:28
balbus|dolorum|vitium|2025-12-26 08:54:58
voco|toties|synagoga|2026-02-18 22:25:45
adicio|virgo|trado|2020-02-07 01:40:14
usitas|advenio|blanditiis|2025-02-07 18:57:13
sui|adfectus|beneficium|2018-03-10 20:10:09
cibo|dolore|desolo|2018-08-02 21:06:30
sustineo|quod|coma|2017-10-20 11:55:00
claro|peccatus|ullus|2024-10-09 23:14:39
vulnero|vorax|defero|2020-05-21 16:12:08
vix|desparatus|defessus|2023-05-30 02:53:24
cognatus|centum|cunctatio|2024-01-13 17:58:14
vereor|cubitum|tego|2022-06-21 10:51:06
delectus|eius|valde|2017-01-18 08:35:44
quisquam|tolero|sui|2022-08-10 18:21:34
temeritas|templum|eaque|2017-01-24 06:55:51
odio|amicitia|spiritus|2024-03-12 09:13:22
mollitia|fuga|aperte|2022-10-12 10:37:54
tantillus|teneo|studio|2017-11-13 13:01:16
tergum|inventore|amissio|2025-08-29 09:15:05
quia|occaecati|a|2022-01-19 23:23:15
ambitus|capitulus|subiungo|2017-06-12 17:02:03
una|curis|supplanto|2017-02-16 12:35:52
cursim|curriculum|venustas|2017-12-23 11:30:36
tabesco|bene|defleo|2020-04-16 04:12:21
comburo|allatus|credo|2024-11-14 03:52:56
cometes|error|desidero|2022-09-12 09:42:59
vociferor|cursus|at|2024-06-16 10:47:53
labore|apparatus|stabilis|2019-04-30 16:18:12
commodi|taceo|cupio|2020-01-07 17:49:26
admitto|supra|ratione|2026-03-26 08:54:16
utpote|nisi|canis|2020-12-05 10:50:06
vapulus|utpote|appono|2021-11-29 07:58:28
coniecto|vobis|adopto|2021-04-30 00:44:42
cicuta|pecco|usus|2022-12-25 23:11:20
stillicidium|cruciamentum|aequus|2025-11-18 01:57:11
magnam|vigor|tendo|2017-03-01 07:02:23
admoneo|ad|victus|2017-05-12 01:16:55
vociferor|tutamen|viridis|2024-11-30 00:53:22
cena|abeo|sponte|2018-08-26 16:08:40
laboriosam|utrum|atqui|2017-12-09 17:48:54
vulariter|curvo|capio|2018-03-21 09:10:09
timor|soleo|ex|2016-10-10 12:40:58
aut|cenaculum|angulus|2020-12-23 06:33:30
sublime|cinis|suggero|2023-05-03 22:07:28
spero|acies|tricesimus|2020-05-18 21:26:59
apto|vita|vorago|2018-07-10 22:10:31
succedo|degusto|censura|2024-02-19 06:41:45
claudeo|cultura|adhuc|2025-07-08 17:07:52
nostrum|altus|cum|2018-08-31 20:38:33
umerus|acerbitas|verumtamen|2023-07-03 00:14:59
aranea|crur|cursus|2021-08-31 10:40:35
crastinus|vae|cupiditate|2026-06-23 11:49:08
cum|arbustum|adiuvo|2023-11-09 08:36:45
despecto|cunabula|subseco|2019-09-12 01:19:04
acer|celer|suspendo|2022-01-06 20:13:27
sonitus|vinitor|tabula|2017-10-07 15:52:10
benigne|cohors|claustrum|2016-12-05 03:54:27
suspendo|delectatio|creptio|2025-12-29 13:08:32
ara|uterque|voluptatem|2025-02-23 19:45:15
umbra|supplanto|cuppedia|2026-01-17 13:54:10
aedificium|reprehenderit|sumo|2017-06-13 17:28:43
templum|demum|solio|2018-12-11 10:22:37
armarium|verbera|amor|2021-05-16 04:34:01
alveus|ipsum|conitor|2025-03-22 19:36:13
alo|laboriosam|confugo|2022-08-25 10:16:13
ocer|quas|sum|2025-10-30 05:23:49
cernuus|toties|thymbra|2018-03-14 07:28:26
acer|adficio|unde|2017-06-16 21:31:08
quas|quidem|fuga|2017-02-14 09:15:17
hic|statua|amissio|2024-03-16 11:39:30
quidem|similique|anser|2020-04-01 01:36:20
thesaurus|thermae|desparatus|2018-05-15 04:10:15
deputo|carcer|caput|2025-10-30 11:06:48
tabernus|natus|stella|2024-07-12 15:05:38
valeo|temporibus|vesco|2022-02-23 10:01:17
aveho|soluta|totam|2018-10-20 01:32:06
suscipit|sui|clibanus|2025-09-09 04:31:01
commodi|tabula|sperno|2022-08-24 13:39:37
sequi|demens|ante|2021-02-14 09:47:00
voluptatum|apto|caries|2025-12-07 10:04:52
tergiversatio|vis|aperte|2017-06-24 22:26:42
spiculum|repellendus|turba|2022-07-18 16:38:13
spiculum|veritas|itaque|2017-08-12 00:09:48
nostrum|villa|bonus|2023-02-25 01:04:08
crudelis|thesaurus|thermae|2020-08-20 01:30:43
adamo|volutabrum|temptatio|2020-04-13 12:00:49
valeo|dolor|acidus|2016-11-19 00:16:26
deleniti|surculus|depono|2022-07-10 18:55:32
audentia|uterque|vere|2019-12-13 04:05:38
utique|calco|catena|2022-03-14 02:54:53
ars|aggredior|tempora|2021-05-25 10:34:46
angustus|averto|cenaculum|2018-03-16 00:41:43
adversus|aureus|verecundia|2021-09-14 11:24:07
ager|ager|cauda|2023-03-31 12:50:43