paciente_id|cnh_cd|fecharecepcion_dt|fecharesultadoap_dt
degero|crepusculum|2022-04-05 05:45:44|2022-05-28 21:44:22
cursim|distinctio|2026-05-04 22:31:54|2023-12-26 16:58:15
vinco|virtus|2019-12-08 16:02:55|2019-09-02 07:52:52
unde|audacia|2025-10-13 19:10:38|2023-10-28 10:25:17
cauda|collum|2018-03-06 08:24:03|2018-01-13 20:51:24
optio|deludo|2024-06-15 21:19:14|2017-07-30 22:35:09
valens|censura|2021-09-22 13:21:14|2026-06-24 08:38:28
neque|utroque|2022-10-31 02:33:55|2017-04-28 02:09:40
vos|ultra|2018-11-16 14:03:13|2020-11-18 05:53:52
beatus|tristis|2021-11-08 22:07:09|2017-08-07 10:07:18
vociferor|earum|2024-02-06 19:11:01|2016-10-14 20:40:41
porro|tenetur|2021-01-02 10:00:10|2018-12-12 07:54:12
dapifer|coniuratio|2026-05-12 07:30:46|2024-06-26 03:44:40
audacia|vergo|2019-07-29 23:49:19|2026-01-30 10:42:02
vel|soluta|2019-12-21 10:06:15|2017-06-20 10:27:19
super|cilicium|2017-10-01 23:05:30|2019-07-19 04:04:15
abundans|pax|2024-06-06 22:26:37|2024-11-16 00:40:29
coruscus|sapiente|2019-04-13 03:44:58|2020-01-24 01:05:34
suasoria|repudiandae|2024-09-20 01:22:47|2026-03-23 05:34:43
sordeo|vir|2022-06-01 05:35:43|2021-11-21 11:29:02
at|curiositas|2017-01-19 02:56:36|2017-07-23 02:26:29
surculus|curiositas|2025-01-18 02:03:01|2022-05-08 22:55:49
custodia|delicate|2020-10-29 02:54:59|2021-04-04 03:18:53
celebrer|altus|2023-11-14 17:06:49|2022-03-31 18:37:29
creator|civis|2017-09-25 04:55:43|2021-12-07 01:40:03
vulgus|aggredior|2021-08-12 20:09:16|2016-11-10 21:11:31
laudantium|agnosco|2021-10-13 08:40:33|2018-01-12 11:27:57
complectus|tremo|2021-03-23 10:10:31|2025-01-09 11:49:03
arcesso|vinitor|2016-10-08 11:42:22|2024-04-16 16:44:52
titulus|vitae|2021-07-18 05:22:32|2020-08-28 06:39:30
defendo|spargo|2019-02-03 07:42:22|2018-02-08 06:43:24
aer|demo|2018-09-07 16:40:12|2017-01-13 02:16:30
neque|comitatus|2020-08-15 19:46:10|2017-01-02 10:21:58
natus|aspernatur|2019-10-11 19:25:24|2017-11-18 17:46:31
tero|praesentium|2023-09-08 22:53:37|2024-02-09 01:35:00
demum|tibi|2022-11-28 12:18:09|2021-05-02 05:42:12
adsidue|dignissimos|2018-11-14 19:17:54|2020-06-29 22:16:00
urbs|adamo|2024-12-13 12:20:06|2025-12-14 21:48:48
triumphus|bestia|2020-10-10 08:45:04|2023-04-03 02:08:50
alii|adhaero|2026-04-09 12:51:54|2026-05-25 06:00:55
acidus|bis|2017-12-31 13:21:03|2026-06-28 04:05:04
vulnero|decumbo|2023-01-26 05:16:24|2023-01-10 17:55:47
validus|stella|2023-02-01 09:58:32|2016-09-28 05:14:49
torqueo|desidero|2021-04-28 12:56:15|2022-07-11 01:11:00
quae|victoria|2019-03-21 16:25:35|2025-11-09 09:32:05
culpo|comminor|2016-11-14 01:44:56|2026-06-18 07:13:59
pax|fugiat|2024-05-03 01:10:24|2019-05-25 11:19:59
tendo|debeo|2018-11-22 01:59:47|2022-06-16 17:27:49
quae|amitto|2023-05-21 08:56:41|2019-07-14 14:21:50
deleniti|vesper|2017-01-29 15:05:00|2018-11-10 03:13:53
careo|tabesco|2022-08-30 09:08:50|2021-06-09 08:28:38
patria|cilicium|2023-05-11 20:33:30|2017-03-13 19:01:38
cultellus|defungo|2022-04-23 23:31:24|2025-03-18 19:38:11
validus|stipes|2025-02-10 18:22:00|2018-05-15 02:42:06
asporto|cum|2024-11-20 13:31:31|2017-02-14 08:25:21
administratio|audio|2021-07-30 00:31:43|2017-05-31 07:40:44
confero|torqueo|2020-12-31 11:46:58|2019-07-23 19:47:45
vapulus|pecto|2020-10-04 06:50:41|2026-01-15 14:54:12
benigne|quod|2017-02-23 13:51:15|2025-05-07 12:13:27
arcesso|quidem|2023-08-23 17:03:56|2024-06-18 16:48:02
alveus|utrum|2025-09-04 18:18:32|2020-12-01 04:42:21
bibo|adinventitias|2026-08-17 12:31:14|2024-07-20 19:16:31
carmen|ocer|2021-04-16 02:22:24|2020-07-04 12:52:07
versus|vito|2021-11-07 07:21:13|2024-08-26 08:49:55
dolore|tergeo|2016-11-07 19:00:45|2019-07-15 03:11:17
accusantium|confero|2020-05-18 04:04:12|2021-10-13 05:06:17
pecus|patruus|2022-04-25 02:13:25|2021-12-15 20:38:37
arbor|via|2025-01-18 18:27:13|2022-09-16 19:59:10
coniuratio|confugo|2018-01-07 20:40:29|2025-10-02 04:15:32
paulatim|magnam|2024-06-24 12:02:02|2020-02-29 12:08:35
adsidue|virga|2021-05-26 10:43:47|2024-06-20 23:22:30
desipio|testimonium|2017-05-02 15:13:51|2022-05-18 13:38:50
quas|texo|2016-10-04 02:45:27|2021-06-27 23:48:38
conservo|corroboro|2021-07-06 14:49:40|2016-10-24 15:20:35
depraedor|cura|2024-02-13 18:16:31|2026-07-17 15:35:46
cunctatio|cunabula|2020-04-05 15:27:02|2017-08-06 06:22:04
accusamus|tametsi|2019-06-28 00:40:22|2025-11-19 00:43:07
tollo|antepono|2022-09-14 17:15:08|2017-06-22 13:02:01
tutamen|astrum|2021-07-08 03:23:23|2021-11-21 16:19:26
rerum|vado|2016-11-25 12:10:29|2018-01-22 20:22:22
sumptus|ciminatio|2023-05-04 03:59:45|2016-12-15 18:40:16
ante|charisma|2022-07-03 08:04:46|2019-06-24 23:17:05
tergeo|soleo|2024-11-26 04:34:28|2019-11-24 22:08:57
contabesco|arbitro|2024-05-15 23:10:43|2026-06-10 23:30:56
comis|voluptate|2020-10-23 03:52:02|2025-07-13 19:32:32
uterque|capillus|2022-02-22 06:25:13|2019-06-25 00:04:50
benevolentia|coaegresco|2026-01-22 09:36:54|2023-12-19 23:10:29
dens|tego|2023-10-03 15:37:32|2019-02-07 04:16:11
sumptus|tolero|2025-12-09 00:18:24|2023-04-11 03:19:34
caste|curo|2022-01-09 08:05:07|2019-05-10 08:26:03
bellum|numquam|2018-10-15 10:05:38|2017-01-11 00:15:31
utrimque|possimus|2026-01-16 20:30:31|2022-04-02 03:19:29
utilis|demonstro|2016-12-25 07:48:17|2024-09-27 17:04:39
suadeo|suasoria|2024-05-28 18:51:39|2018-10-20 02:48:14
victus|tergiversatio|2022-03-08 18:30:21|2023-04-29 21:40:38
cribro|possimus|2022-10-26 11:50:58|2018-03-03 01:19:11
callide|amicitia|2023-03-06 13:08:35|2025-01-16 06:33:51
vulgaris|tabernus|2026-01-29 15:07:36|2026-01-01 12:37:03
vulgo|somniculosus|2021-06-06 14:43:09|2020-05-13 03:43:25
pel|coaegresco|2021-04-11 11:23:28|2024-10-15 11:24:15
administratio|accusantium|2025-02-06 17:45:53|2017-12-20 05:55:33
ter|collum|2025-09-16 06:56:22|2023-07-16 16:14:52
tamen|aeger|2017-03-10 05:30:05|2022-12-29 21:38:34
contra|creator|2026-02-16 10:39:59|2019-07-14 03:37:18
crux|aperte|2022-10-27 11:24:27|2021-04-04 16:47:33
comparo|velociter|2021-07-14 13:15:37|2023-12-28 20:30:58
coadunatio|admoveo|2024-10-20 16:03:49|2026-05-08 02:40:57
suspendo|ipsa|2022-01-01 00:39:43|2026-04-24 02:17:43
una|curtus|2021-07-17 12:08:05|2024-11-27 23:20:30
desipio|thema|2026-02-10 09:41:21|2021-12-25 11:58:40
amita|demoror|2017-05-20 15:07:09|2024-01-03 23:07:14
volva|considero|2021-01-21 23:26:07|2020-09-06 04:56:29
vox|utrimque|2025-05-30 00:53:30|2020-03-27 01:20:24
conor|itaque|2020-02-25 11:50:57|2020-12-15 07:44:10
vix|atrox|2026-01-28 16:19:27|2022-11-29 23:25:09
quo|adsuesco|2022-05-18 23:39:36|2019-11-22 03:28:01
coadunatio|carmen|2017-05-27 13:07:03|2019-09-09 19:19:42
tyrannus|capillus|2021-01-18 09:20:26|2022-01-13 06:17:04
ab|victus|2021-01-11 15:54:39|2017-08-07 03:32:41
tolero|advoco|2021-11-27 19:04:30|2025-10-09 16:39:34
valeo|videlicet|2020-05-16 20:50:36|2024-10-11 07:17:51
concido|capio|2021-01-19 05:52:46|2025-04-09 07:45:06
taedium|nulla|2025-02-03 20:24:23|2017-07-24 09:10:36
subnecto|accommodo|2017-01-10 16:30:46|2022-04-27 06:47:52
aedificium|ciminatio|2025-06-09 14:53:54|2017-11-20 16:03:18
demulceo|cubitum|2024-04-09 14:14:04|2019-08-01 16:59:29
vinum|terebro|2020-11-07 08:38:10|2021-10-29 14:50:00
amicitia|uter|2019-08-01 15:32:58|2024-03-04 02:48:59
audentia|aranea|2026-06-03 01:40:30|2022-04-12 06:55:21
vulnus|amiculum|2024-01-20 20:00:46|2022-03-01 00:50:59
brevis|debitis|2022-01-08 01:20:49|2017-03-24 11:16:47
demens|auxilium|2018-08-06 06:36:51|2025-07-29 12:14:26
incidunt|arceo|2025-04-23 11:21:58|2020-11-27 17:48:45
cito|culpo|2018-06-11 20:51:49|2020-09-05 04:05:55
valens|acidus|2022-03-01 10:49:52|2018-03-16 04:26:46
ipsam|textilis|2023-07-18 09:34:24|2026-07-13 17:38:19
sopor|pecco|2025-11-30 15:27:40|2023-09-24 10:11:55
reiciendis|fugiat|2022-08-19 13:56:40|2024-07-17 10:42:57
talus|atqui|2021-04-30 19:36:46|2021-09-29 01:46:08
dicta|creber|2023-02-22 03:17:37|2018-04-27 22:45:40
fuga|demens|2025-07-06 14:18:38|2017-01-08 09:46:33
curtus|acer|2020-08-09 18:02:33|2025-11-09 09:21:26
contra|delectatio|2021-08-19 15:05:02|2019-01-11 02:45:27
paulatim|clamo|2021-07-02 07:06:36|2026-06-16 17:58:40
statua|vinitor|2020-11-07 03:58:46|2023-11-05 02:33:54
usque|voveo|2025-05-22 12:53:43|2021-09-18 18:40:47
conicio|avarus|2024-05-23 06:31:48|2021-08-30 18:41:01
demulceo|denique|2022-09-13 21:52:35|2017-06-22 08:48:43
voluptatibus|abduco|2019-01-24 08:51:32|2020-12-04 06:47:38
calamitas|virga|2017-04-27 23:33:53|2023-01-20 16:54:51
vulariter|cernuus|2022-08-15 04:11:25|2017-06-25 04:34:42
numquam|thermae|2017-10-15 10:35:35|2023-11-11 15:04:11
volo|terror|2025-12-03 10:59:14|2021-01-04 22:01:36
stultus|attero|2023-09-03 16:17:14|2019-05-01 03:01:38
volutabrum|facilis|2025-03-07 00:58:12|2017-02-20 19:12:56
decumbo|decor|2020-01-12 04:06:45|2022-11-14 06:45:19
tergum|studio|2021-12-30 14:22:16|2020-12-10 12:35:22
animadverto|caecus|2017-11-28 17:42:50|2017-09-13 16:46:14
iste|tendo|2024-09-11 00:08:13|2020-09-11 16:07:30
facilis|solitudo|2024-12-05 14:51:07|2026-08-14 13:19:21
tenax|tempore|2021-03-18 11:16:58|2022-06-14 22:11:35
spes|adamo|2022-08-20 18:58:42|2021-12-27 15:19:14
agnitio|vilis|2024-08-17 11:12:23|2018-07-22 11:50:15
perspiciatis|viscus|2020-07-03 00:00:17|2019-12-09 14:42:57
compello|dolore|2019-02-11 12:55:57|2023-07-11 10:15:41
velociter|balbus|2019-10-22 03:15:39|2020-04-17 08:00:21
curatio|aeneus|2026-02-11 07:22:34|2023-01-18 11:47:15
solitudo|sunt|2017-02-27 02:23:07|2019-09-14 01:14:59
deporto|calcar|2019-10-08 11:56:45|2019-06-22 03:56:24
tristis|aureus|2018-06-09 10:48:04|2017-01-12 03:05:58
blanditiis|dolorem|2025-12-20 18:52:18|2024-01-19 00:16:03
vilis|spoliatio|2021-03-14 17:07:11|2021-10-29 19:59:25
contigo|acer|2025-09-22 14:58:58|2019-08-27 04:32:16
tempus|arcesso|2022-04-10 22:47:14|2018-12-12 01:23:36
solio|vespillo|2021-12-15 03:59:54|2025-06-04 17:48:17
talus|cupressus|2023-03-03 20:39:42|2025-11-19 16:03:26
perspiciatis|audentia|2021-05-13 19:40:09|2016-12-25 06:55:38
pauci|cubicularis|2019-07-28 10:28:42|2023-04-13 17:47:20
credo|calamitas|2019-05-04 14:34:08|2019-05-04 11:45:16
vel|sol|2017-09-02 08:30:54|2019-07-22 18:01:35
autem|tunc|2017-04-26 23:55:49|2017-07-08 07:23:06
adhuc|crudelis|2023-03-23 16:13:53|2017-10-28 16:55:54
crustulum|auditor|2022-02-10 04:39:09|2020-06-09 11:48:29
cuppedia|usus|2022-04-09 01:52:05|2023-08-28 05:23:56
eius|socius|2025-01-13 01:45:48|2017-05-14 00:01:26
crudelis|confido|2021-03-28 09:00:34|2017-05-04 01:12:23
cado|amita|2020-04-09 13:02:08|2020-11-14 21:03:05
xiphias|adiuvo|2026-07-03 12:38:37|2023-04-29 15:51:36
creta|claro|2022-08-05 16:54:50|2025-11-16 02:37:45
quos|vetus|2019-09-07 14:05:20|2026-03-30 11:21:40
ara|vacuus|2026-09-04 21:21:11|2025-02-17 21:21:26
textus|timidus|2021-10-17 00:27:22|2017-02-16 11:37:58
super|quaerat|2024-05-17 17:50:19|2023-10-13 08:48:57
bis|crux|2021-05-20 01:04:57|2025-09-07 01:23:28
patior|dolores|2019-06-05 03:13:49|2019-03-29 22:16:42
eveniet|stipes|2018-04-28 21:01:34|2025-05-23 07:29:57
assentator|virtus|2023-06-15 00:37:47|2020-10-13 16:23:09
cattus|derelinquo|2020-01-03 20:30:05|2021-03-12 23:23:55
sponte|crudelis|2017-02-10 10:52:41|2023-02-12 18:02:28
valde|decipio|2023-07-06 18:28:54|2017-04-30 02:22:20
cuppedia|villa|2023-09-22 20:29:21|2019-07-30 12:52:32
vulnus|bardus|2024-11-23 11:50:19|2022-03-27 13:27:24
nemo|quo|2023-03-23 23:40:16|2018-06-21 16:32:39
aedificium|tutamen|2018-08-04 23:21:04|2019-03-06 20:46:12
decor|aqua|2017-09-22 01:19:07|2017-12-01 01:55:33
vergo|fugit|2022-10-29 04:33:35|2018-12-07 21:02:39
temeritas|a|2020-04-16 11:45:46|2026-04-21 18:13:02
theca|territo|2024-03-02 20:25:57|2026-06-06 20:56:57
thymbra|maiores|2022-12-05 04:19:53|2023-08-18 20:39:56
bonus|animadverto|2018-11-25 09:05:18|2026-06-13 15:00:25
sufficio|cupressus|2016-10-09 14:04:15|2021-04-26 00:36:51
minima|accedo|2021-01-13 12:49:24|2017-04-23 23:53:53
vesica|utilis|2022-08-12 18:37:40|2024-05-13 05:06:38
cattus|bardus|2019-02-04 22:38:56|2019-09-09 11:56:53
abeo|ad|2024-10-16 01:08:49|2021-03-18 23:39:17
tersus|casso|2024-12-02 22:05:02|2020-03-25 11:35:43
natus|ulciscor|2018-11-27 13:10:32|2020-10-30 16:30:45
adversus|capitulus|2022-04-11 00:15:56|2025-08-21 02:07:55
timidus|aduro|2024-12-14 16:45:39|2019-12-23 18:00:19
ventosus|carbo|2023-09-01 04:43:06|2024-08-28 06:26:08
eaque|xiphias|2021-05-07 11:39:14|2023-05-17 04:15:07
careo|consuasor|2017-08-27 13:55:56|2023-03-11 21:56:08
vorago|conspergo|2016-10-31 10:55:15|2025-02-24 09:57:10
quod|fugit|2025-09-17 18:21:56|2018-12-29 05:14:07
tutis|talio|2021-06-01 08:18:12|2022-12-08 21:04:05
cetera|subnecto|2020-10-10 18:16:29|2023-11-08 17:28:40
minima|compello|2016-11-20 17:24:33|2019-03-30 08:11:55
timor|peior|2017-12-29 17:42:29|2017-02-10 04:01:11
cogito|a|2024-11-05 12:34:34|2023-02-19 03:49:47
caelestis|taceo|2018-02-23 19:05:58|2020-07-15 13:27:58
vox|magni|2025-04-18 03:41:31|2018-01-17 22:51:46
carus|vilis|2017-12-04 00:26:52|2018-11-30 20:53:38
earum|aqua|2019-06-13 20:35:27|2020-03-16 03:33:02
ab|adeptio|2021-03-07 01:04:57|2016-11-03 23:55:07
cupiditate|ratione|2022-02-17 04:32:30|2017-03-17 15:27:58
adulescens|coadunatio|2023-06-12 19:37:34|2020-02-17 18:10:29
sulum|civis|2022-01-21 11:06:52|2025-01-07 09:37:56
terreo|tero|2018-03-16 14:20:30|2019-03-28 22:57:08
benevolentia|thorax|2020-07-09 14:38:00|2025-04-26 06:38:03
delego|quod|2017-05-22 08:00:40|2018-03-10 19:03:22
urbanus|coepi|2019-07-14 07:49:55|2021-04-19 16:51:22
comptus|vomito|2017-02-23 20:42:38|2019-03-19 14:38:35
dolores|contego|2019-10-21 02:47:31|2025-12-17 15:05:18
articulus|tertius|2023-08-20 15:28:04|2024-12-31 19:57:42
universe|urbs|2023-06-03 07:19:49|2020-01-11 01:08:11
amet|caterva|2017-07-30 15:06:13|2025-03-11 13:39:24
quaerat|amoveo|2022-12-11 11:36:14|2025-09-10 09:46:31
vix|arguo|2017-08-26 01:33:20|2021-11-07 20:24:34
distinctio|summa|2025-09-27 13:41:26|2020-04-11 21:15:36
degenero|vulpes|2021-11-28 04:40:38|2017-06-04 22:35:00
stultus|turpis|2023-05-03 23:59:39|2025-09-07 04:00:47
canonicus|adsidue|2017-02-07 04:57:01|2026-05-04 14:58:35
voro|vigor|2017-03-17 11:03:27|2021-03-26 01:55:40
celer|vito|2020-01-23 18:09:55|2020-12-21 17:58:55
laudantium|depulso|2024-07-13 03:28:13|2023-10-27 14:29:43
cauda|eaque|2017-06-17 20:04:15|2022-09-28 18:53:39
tot|terreo|2022-01-07 00:06:12|2023-12-02 09:47:36
aspernatur|turpis|2025-08-26 05:22:57|2026-04-29 00:05:12
infit|iure|2021-09-02 14:52:03|2018-10-24 07:50:40
ventito|vigor|2019-12-14 14:22:18|2022-08-22 03:10:13
minima|subito|2021-09-27 07:26:31|2024-07-23 16:05:01
cupiditate|audio|2017-10-22 23:28:34|2025-05-08 00:31:53
careo|deprimo|2026-03-09 08:47:54|2025-03-19 14:46:08
thorax|asporto|2025-04-22 16:06:48|2025-11-04 22:19:15
viscus|vilicus|2023-07-04 18:30:30|2025-10-04 19:10:03
canis|acquiro|2017-07-12 22:05:59|2019-10-27 12:23:45
acerbitas|talus|2017-11-03 04:08:09|2023-01-20 18:19:01
suffoco|tempore|2019-05-30 19:32:25|2021-03-29 15:30:57
solus|patruus|2017-05-28 15:34:58|2025-04-22 13:30:57
vorax|tremo|2026-07-20 01:45:59|2021-03-09 16:30:20
cedo|aeneus|2025-11-03 18:55:19|2020-12-20 08:20:28
cunabula|aureus|2025-10-19 12:30:01|2025-11-01 16:39:51
expedita|tui|2025-12-14 18:18:06|2025-11-21 00:23:32
tredecim|coerceo|2025-12-27 03:56:49|2025-12-27 22:36:58
solus|eos|2026-05-02 15:32:58|2017-12-05 02:36:01
conspergo|aeger|2021-12-26 04:01:49|2025-12-13 01:55:22
abscido|verbum|2024-05-13 18:15:22|2019-03-23 01:39:48
ago|supplanto|2019-01-26 04:32:45|2024-04-12 13:26:25
venio|beneficium|2016-09-22 07:48:52|2025-09-20 08:07:59
cariosus|cubicularis|2020-06-24 09:23:30|2024-08-09 02:25:11
terror|ait|2020-08-14 16:23:45|2019-12-26 17:39:41
acceptus|ustulo|2016-12-03 06:52:14|2020-05-25 06:13:08
titulus|incidunt|2022-03-04 18:52:59|2025-05-07 21:28:30
aufero|suspendo|2022-11-24 14:30:15|2023-04-02 07:07:16
error|velit|2025-01-15 03:33:25|2018-02-13 19:20:14
absconditus|consuasor|2016-12-08 05:01:29|2021-10-08 22:45:21
speculum|vulnero|2023-07-08 21:46:05|2023-06-14 08:35:32
vir|amoveo|2017-12-02 16:50:09|2025-12-15 22:26:59
adeo|careo|2023-04-01 09:30:05|2022-11-01 00:15:46
mollitia|tactus|2023-10-10 16:22:47|2023-08-01 05:47:08
attollo|adeptio|2020-11-04 01:43:59|2017-12-30 15:15:19
adficio|cilicium|2023-06-30 09:57:59|2019-05-01 11:51:12
curia|terra|2020-11-09 01:01:06|2021-04-19 11:20:13
tametsi|stillicidium|2024-08-27 12:31:52|2017-07-14 20:53:30
terreo|clementia|2019-11-06 02:23:59|2020-07-29 12:59:00
strues|cibus|2023-01-30 16:11:15|2021-11-19 22:42:11
cunae|aeternus|2017-05-09 21:55:51|2019-12-20 16:03:47
uberrime|alioqui|2024-05-22 08:48:41|2018-11-08 16:18:52
basium|non|2022-03-23 01:48:59|2024-01-08 18:59:30
solum|turbo|2024-04-27 20:11:43|2021-10-02 08:21:07
tonsor|censura|2024-06-26 10:30:17|2023-08-17 09:14:58
valeo|tredecim|2022-01-29 14:43:22|2017-07-14 03:54:15
usus|arbitro|2017-04-16 08:47:21|2021-03-17 03:09:53
vomica|statua|2020-08-24 10:20:00|2024-11-17 08:16:06
iusto|tantum|2024-01-23 23:38:44|2021-05-15 18:32:34
depopulo|patruus|2022-06-28 13:30:29|2020-02-26 23:40:57
carbo|cito|2024-10-12 17:28:35|2024-11-20 10:47:59
degero|desparatus|2020-05-27 20:43:06|2021-04-04 20:35:45
defaeco|depereo|2016-11-12 10:56:05|2025-09-03 00:12:43
ambulo|thymum|2020-12-02 06:05:21|2018-10-12 14:28:33
praesentium|velociter|2017-08-04 01:22:06|2025-05-17 09:03:10
ipsam|amiculum|2019-06-17 00:17:51|2019-03-24 19:20:24
vae|placeat|2019-06-03 16:53:25|2020-01-09 23:55:43
abundans|cogito|2023-11-22 03:56:01|2018-11-25 22:45:00
studio|arma|2023-08-04 08:32:32|2019-05-03 10:02:44
vestrum|coma|2022-10-07 12:51:24|2025-04-19 07:18:01
degusto|coepi|2017-01-15 21:14:52|2025-10-20 14:49:21
acies|denego|2026-07-10 09:45:51|2020-06-07 10:34:01
decretum|aptus|2018-12-27 11:25:17|2020-10-02 19:31:07
sapiente|odit|2017-06-04 06:02:22|2022-09-17 11:44:57
vulnus|coerceo|2020-09-20 02:24:44|2019-06-01 23:29:18
delicate|despecto|2017-06-20 03:05:26|2020-06-30 04:42:52
libero|officia|2019-05-15 22:46:50|2018-12-26 01:00:34
admiratio|verumtamen|2024-10-30 01:39:43|2022-04-11 19:05:09
suadeo|arcus|2026-04-27 18:46:28|2023-04-26 13:35:21
tabula|tredecim|2023-10-22 07:54:23|2018-03-09 23:46:55
commodi|arca|2017-08-11 21:34:04|2025-03-09 16:41:42
calcar|trucido|2020-10-01 23:59:15|2017-12-21 12:04:47
claudeo|tredecim|2024-06-15 15:55:17|2019-09-07 09:12:10
non|desolo|2020-03-27 13:13:30|2020-05-31 23:28:11
thesaurus|vitium|2021-08-21 22:58:21|2022-06-03 00:49:32
centum|vis|2016-10-15 21:01:40|2024-06-30 11:47:50
corrigo|decerno|2022-08-14 09:49:41|2018-03-07 14:59:29
celo|aureus|2025-03-16 06:24:40|2019-08-19 21:17:18
unus|aurum|2018-12-24 07:23:50|2022-07-02 09:44:33
pariatur|audio|2019-12-25 13:33:04|2024-12-27 07:01:03
sapiente|accedo|2017-11-18 11:19:14|2020-10-17 15:07:13
civitas|tempus|2021-07-01 17:19:29|2024-08-26 02:23:39
terebro|studio|2025-06-01 20:49:36|2021-12-03 16:52:24
vereor|tepidus|2026-03-28 13:45:59|2018-05-09 05:47:54
acceptus|quisquam|2018-11-05 11:58:14|2019-07-15 09:01:39
cupiditas|vigilo|2019-01-19 05:59:30|2019-01-22 06:44:39
caste|quibusdam|2021-07-22 07:16:35|2020-12-20 17:44:30
sustineo|sub|2022-07-25 05:24:40|2020-01-05 11:07:42
aliquam|cimentarius|2023-06-02 13:09:05|2024-02-18 18:28:05
abutor|terminatio|2020-12-09 02:43:16|2019-05-18 00:02:14
delinquo|absens|2017-03-14 21:53:47|2024-08-27 22:15:28
adaugeo|armarium|2019-12-17 04:00:30|2025-02-10 15:40:17
crapula|decimus|2018-04-01 09:31:26|2019-11-19 08:00:11
spoliatio|coaegresco|2021-04-20 09:56:22|2019-01-05 06:23:12
claro|bis|2023-12-15 06:17:00|2021-12-15 00:09:34
aliqua|derelinquo|2026-04-06 11:57:52|2019-04-15 10:39:18
depereo|voveo|2017-07-07 09:28:26|2017-03-05 17:20:16
depono|vacuus|2023-11-21 03:46:44|2021-02-17 10:40:46
occaecati|amoveo|2020-02-16 08:35:08|2023-03-13 11:33:31
supellex|a|2021-04-26 02:14:19|2021-05-06 04:36:45
clementia|pauper|2017-04-20 00:05:21|2024-03-07 16:29:45
viriliter|tepidus|2025-05-14 10:41:25|2018-12-04 19:30:53
curia|totus|2020-09-14 22:04:05|2021-11-04 23:04:26
conspergo|vox|2024-11-15 05:47:00|2019-01-07 19:42:12
custodia|amet|2019-07-27 07:43:45|2017-07-21 20:13:02
vilitas|cervus|2020-01-17 10:17:22|2025-04-27 08:40:33
cado|tum|2023-12-05 21:19:34|2026-03-23 21:06:41
verto|solitudo|2017-11-07 19:49:16|2025-07-29 18:27:03
aut|temeritas|2022-09-24 11:29:53|2019-08-17 03:52:13
defluo|cunae|2022-07-06 17:02:51|2018-09-11 05:18:42
sequi|demonstro|2017-04-20 10:25:43|2025-04-17 16:51:19
ascisco|utrum|2021-03-11 17:26:44|2026-05-26 18:04:01
versus|vehemens|2019-02-06 02:35:57|2025-01-14 23:57:45
conicio|careo|2024-02-28 11:25:24|2021-01-28 14:27:26
cunabula|vulpes|2017-06-30 20:31:33|2022-02-11 12:24:23
cresco|convoco|2016-10-04 06:48:26|2020-10-13 03:00:00
calco|degusto|2017-04-08 15:17:19|2026-01-21 19:51:44
cresco|arcesso|2025-11-01 08:00:16|2017-04-12 19:31:16
cohaero|sollers|2020-09-03 18:45:03|2018-05-30 10:24:09
apostolus|amet|2019-03-30 19:53:25|2026-08-11 15:33:24
soleo|super|2019-05-28 16:38:28|2023-01-13 01:44:20
sodalitas|tondeo|2018-11-11 15:33:15|2019-07-28 00:13:13
voveo|tego|2020-05-21 06:11:55|2020-09-14 07:52:29
vallum|vos|2025-11-08 20:53:48|2020-01-27 19:59:05
deprecator|statim|2021-03-13 02:39:05|2018-07-13 18:45:37
derideo|attero|2019-08-13 21:55:39|2024-10-21 01:56:59
delibero|solvo|2022-03-23 13:55:26|2019-10-09 13:28:49
ulciscor|assentator|2018-03-29 22:14:13|2017-08-24 20:08:44
tam|canis|2022-12-22 22:04:06|2018-09-27 17:12:19
quidem|vicissitudo|2025-01-31 19:06:53|2021-08-02 13:18:49
verus|confero|2018-02-15 22:26:03|2016-12-07 16:18:07
vigor|vociferor|2019-09-12 04:10:28|2021-02-02 20:11:25
vulticulus|uter|2019-01-01 18:45:38|2016-10-27 20:26:03
reprehenderit|tubineus|2017-04-22 04:37:41|2021-12-09 07:09:25
carbo|aegrotatio|2019-02-12 02:26:16|2026-04-23 14:34:26
victus|vaco|2024-12-07 02:37:58|2018-10-22 13:11:34
vulpes|cotidie|2018-11-25 19:10:16|2022-07-11 22:42:49
vesco|paens|2017-02-22 09:27:08|2018-08-07 06:44:10
pecco|absque|2022-08-20 20:41:30|2018-08-16 07:58:50
arcesso|defetiscor|2025-04-07 20:49:21|2022-01-18 15:23:15
administratio|avaritia|2021-04-16 01:09:18|2025-03-20 21:09:56
toties|ut|2025-09-30 17:24:04|2020-06-23 10:52:17
spargo|tantum|2020-07-17 15:13:42|2018-01-04 10:59:22
certe|nihil|2019-05-02 14:30:43|2025-02-11 03:27:36
arceo|delicate|2019-07-01 23:19:38|2017-08-24 23:53:34
error|adimpleo|2026-05-16 14:41:57|2019-06-18 10:29:59
arbitro|quidem|2017-09-15 06:04:50|2017-02-13 18:48:31
truculenter|asperiores|2024-12-08 10:58:09|2021-03-05 02:20:47
acer|admitto|2016-09-28 23:35:04|2019-10-04 00:52:48
libero|volva|2025-10-21 02:08:34|2026-04-29 03:15:23
deleo|usitas|2026-07-12 01:54:54|2026-03-04 11:19:42
capto|curso|2025-02-03 19:53:40|2025-03-11 18:25:20
curia|thermae|2017-07-02 17:16:15|2025-03-01 07:23:28
comparo|tribuo|2018-06-12 21:47:38|2023-09-03 22:02:38
cilicium|sperno|2018-02-08 20:53:10|2017-04-28 17:32:00
quibusdam|odio|2023-06-12 18:18:47|2018-08-13 20:37:34
tamisium|damno|2017-11-18 01:17:43|2021-05-15 22:34:03
praesentium|desidero|2026-09-01 22:50:16|2024-06-16 21:00:07
vestigium|arcus|2017-03-11 05:19:00|2018-05-31 08:24:09
quae|utpote|2017-03-20 18:09:29|2019-10-28 14:35:55
vae|derelinquo|2021-11-07 10:16:02|2025-07-12 16:38:32
censura|bonus|2025-02-05 03:47:22|2023-06-11 18:48:19
acquiro|vetus|2024-11-14 17:35:47|2024-04-14 10:55:29
voro|crustulum|2025-05-21 00:55:06|2020-02-29 12:32:49
comprehendo|commemoro|2025-08-29 19:48:20|2019-08-17 19:11:28
dens|reiciendis|2021-09-07 21:15:30|2016-11-02 22:44:19
allatus|terminatio|2018-06-13 17:54:25|2017-06-21 09:23:16
apud|vorago|2016-12-12 23:30:23|2020-02-15 04:21:25
spiculum|depopulo|2019-04-23 10:33:42|2020-12-03 14:47:41
patior|baiulus|2020-01-30 13:06:54|2018-08-17 06:41:33
triumphus|carus|2019-06-25 08:28:14|2019-07-29 07:05:33
sono|absum|2023-02-11 14:44:45|2022-01-30 15:28:46
creta|sed|2018-11-07 03:31:25|2023-12-21 13:47:00
sufficio|alienus|2022-01-04 22:01:55|2018-05-25 01:31:45
succedo|chirographum|2023-11-28 05:58:42|2019-04-11 02:05:54
tum|conatus|2021-07-17 08:29:08|2024-08-07 10:01:23
defluo|tunc|2019-10-07 05:09:32|2026-07-20 17:32:40
amplitudo|aperte|2017-03-31 00:46:50|2022-09-08 18:59:08
est|cervus|2017-06-01 13:40:45|2026-02-23 12:10:24
claustrum|cinis|2021-02-25 15:18:34|2025-04-26 09:10:28
accusantium|abeo|2019-01-26 09:58:38|2025-12-06 22:28:32
adulatio|curriculum|2020-09-14 20:20:37|2018-06-26 01:33:46
necessitatibus|autem|2024-03-31 11:04:37|2019-11-25 12:26:34
subiungo|pariatur|2017-05-05 15:47:23|2017-03-31 03:00:20
curto|antea|2023-11-18 03:38:44|2017-07-15 10:33:58
demonstro|tener|2017-03-02 00:11:51|2019-05-04 23:30:35
inventore|depereo|2017-04-29 16:31:27|2019-07-06 17:30:04
stipes|ad|2024-07-09 13:38:00|2025-10-23 02:47:37
sunt|cena|2026-06-15 00:27:10|2021-01-12 10:03:00
sublime|curriculum|2025-05-17 10:04:11|2022-03-26 01:29:59
sollers|crudelis|2019-09-23 08:56:26|2022-03-25 10:40:14
cubitum|dolorum|2020-10-08 06:04:48|2025-08-05 09:21:06
pel|tempus|2017-11-07 22:32:05|2022-10-14 22:04:15
addo|volutabrum|2025-12-27 13:05:48|2025-01-01 13:56:20
delibero|ut|2022-01-06 03:21:51|2020-02-19 23:01:20
doloremque|vel|2026-01-06 18:07:22|2018-11-30 21:18:42
condico|condico|2019-07-08 01:09:12|2018-05-12 21:01:38
aranea|curo|2016-10-16 03:10:28|2025-01-08 23:08:07
amplexus|tabesco|2021-08-15 18:34:19|2026-07-09 10:00:12
tricesimus|comprehendo|2019-01-14 23:28:41|2025-10-18 05:24:40
volva|caste|2022-09-22 12:28:44|2024-10-13 18:15:40
clibanus|demoror|2026-05-15 18:13:47|2024-05-07 20:33:41
commemoro|vel|2026-01-11 05:18:27|2017-02-27 03:30:07
possimus|adversus|2026-07-24 02:47:49|2021-09-23 09:28:05
cogo|necessitatibus|2021-02-16 01:53:25|2022-01-05 20:18:12
triumphus|degenero|2019-01-28 22:58:17|2017-10-23 05:44:49
deporto|crastinus|2018-08-03 01:56:13|2016-11-04 02:27:29
aro|pax|2017-02-14 22:38:13|2019-04-19 22:40:43
verbum|vulgivagus|2022-02-22 17:49:32|2017-01-20 08:32:10
nostrum|aurum|2016-10-31 22:26:17|2021-12-09 14:43:23
audentia|angulus|2018-05-28 15:43:08|2017-06-23 21:41:12
validus|appello|2021-11-20 03:46:55|2020-01-12 00:28:45
aduro|altus|2025-10-25 11:41:13|2021-07-03 09:43:49
voluptatibus|minus|2024-02-04 00:47:12|2024-01-05 23:53:11
adeo|dolorum|2021-04-30 20:56:34|2022-09-22 08:42:38
turpis|aequitas|2022-11-05 04:51:33|2018-11-10 21:14:25
delinquo|recusandae|2017-05-31 17:58:39|2017-07-10 07:40:31
suppono|casso|2023-11-05 21:37:22|2017-02-28 18:42:46
commodi|vergo|2017-06-18 00:38:13|2019-07-15 00:12:25
cervus|tabella|2023-08-23 13:44:21|2018-03-23 15:00:37
crebro|vinitor|2020-05-10 17:41:18|2021-10-14 02:19:11
dedico|demonstro|2021-12-16 16:08:33|2024-05-12 11:53:31
carmen|denique|2022-03-31 21:18:00|2020-12-26 19:37:15
tredecim|vociferor|2023-01-23 22:43:23|2020-11-07 03:21:21
caute|valetudo|2018-02-20 08:48:55|2022-08-10 05:34:26
vita|arguo|2023-12-03 07:28:00|2023-12-10 06:50:34
summisse|copia|2022-10-26 21:54:20|2023-09-19 03:17:31
utpote|turbo|2017-02-24 20:08:36|2022-06-02 05:21:13
articulus|carus|2017-06-29 22:28:28|2020-03-03 15:03:34
deserunt|constans|2025-09-06 05:39:37|2016-09-25 18:53:49
clam|cui|2022-04-09 07:30:01|2020-06-07 02:24:22
vivo|libero|2025-05-22 16:12:21|2017-07-12 03:44:07
censura|bonus|2024-07-12 16:23:21|2017-05-26 19:06:46
suffoco|minus|2018-02-17 13:24:09|2019-08-09 02:21:06
corrigo|sollers|2019-09-15 14:37:04|2019-11-09 04:48:23
caritas|conventus|2024-04-24 02:35:40|2019-12-12 04:55:51
advoco|absorbeo|2017-01-17 23:23:09|2025-09-07 13:23:59
vinum|crebro|2024-03-03 05:01:27|2023-12-21 01:01:25
acquiro|comes|2017-07-16 12:44:53|2026-05-28 18:23:46
textilis|utor|2024-06-11 02:13:41|2018-12-18 06:22:32
strenuus|tunc|2019-07-29 22:13:22|2023-01-29 19:50:50
impedit|dens|2021-11-06 08:26:03|2017-11-05 20:47:32
tergum|iste|2018-09-02 09:26:44|2020-12-05 14:14:47
aggredior|synagoga|2025-04-29 14:21:48|2018-11-07 19:00:08
deleo|adhuc|2023-05-27 23:17:40|2017-05-22 10:08:35
cernuus|amplitudo|2018-05-24 11:00:14|2023-06-04 20:13:55
vulnero|aeneus|2017-06-23 05:55:46|2021-10-13 10:01:01
utroque|voveo|2020-08-27 17:59:58|2020-08-08 13:33:34
mollitia|arcus|2024-01-26 11:48:59|2016-11-09 16:20:08
amiculum|stultus|2022-07-18 13:11:08|2026-03-05 19:38:25
dicta|culpa|2024-03-27 11:40:09|2025-06-09 02:35:47
depereo|vestrum|2025-08-17 16:33:51|2021-06-24 08:49:22
accusamus|clibanus|2023-03-19 01:45:48|2023-05-05 09:08:32
angelus|vulticulus|2020-03-24 14:53:05|2020-04-07 10:32:11
urbs|claustrum|2018-06-04 14:17:02|2020-06-12 12:08:09
inventore|magnam|2022-07-01 21:07:19|2022-06-09 16:56:39
totidem|aequus|2017-08-19 00:07:33|2019-10-21 08:02:12
strenuus|utroque|2018-04-17 13:00:58|2018-03-09 10:46:27
tenus|defero|2024-11-16 10:54:50|2018-08-15 13:58:19
laboriosam|appello|2018-06-24 04:54:32|2024-04-12 22:27:40
uxor|voluptate|2020-11-20 12:12:26|2023-08-25 04:57:30
cilicium|cubicularis|2024-08-14 04:58:07|2020-02-24 03:14:24
cum|sonitus|2021-05-17 23:01:30|2025-12-13 05:13:56
error|cursus|2019-01-02 14:25:28|2020-11-20 14:51:24
tubineus|atrox|2020-02-10 00:39:20|2021-09-08 23:08:12
debilito|apparatus|2024-06-26 12:51:24|2019-12-11 23:46:12
demergo|cariosus|2017-08-25 13:52:04|2019-08-22 20:03:47
socius|atque|2024-04-13 22:53:38|2025-03-24 04:28:51
thorax|advenio|2016-11-06 09:58:59|2024-10-11 16:48:39
temporibus|sublime|2020-09-14 04:29:38|2026-01-16 17:22:36
callide|artificiose|2024-04-16 20:39:52|2023-03-09 08:58:33
derideo|termes|2018-10-02 11:38:19|2024-07-27 12:16:20
teneo|tepesco|2017-06-20 01:47:18|2025-05-21 15:57:48
temperantia|aspernatur|2017-10-03 07:49:52|2018-07-27 14:18:59
sulum|umbra|2016-09-18 18:01:23|2020-08-01 09:01:32
corona|blandior|2022-10-09 15:17:25|2017-03-05 02:12:58
qui|accedo|2023-05-29 05:59:41|2025-08-15 12:40:31
pax|somnus|2024-08-31 13:40:57|2025-10-24 22:34:24
depraedor|stips|2025-03-20 11:14:47|2019-03-30 16:51:10
adficio|culpo|2017-09-14 00:20:48|2021-09-07 02:52:08
ait|quam|2018-09-14 02:43:05|2023-09-22 01:59:31
valens|vomito|2020-10-26 04:38:09|2024-03-29 22:01:48
delibero|beatus|2026-04-05 04:03:07|2022-04-04 08:18:33
curiositas|desparatus|2022-03-26 18:02:51|2021-08-27 11:25:36
vociferor|avarus|2023-05-18 16:16:02|2022-02-12 20:36:32
umquam|vigilo|2019-03-27 17:24:03|2024-12-08 07:26:17
vallum|utpote|2021-09-26 12:37:06|2025-04-21 05:31:26
vobis|casus|2019-10-16 15:16:56|2020-09-02 16:29:39
arceo|traho|2022-07-07 15:08:32|2020-03-17 01:03:55
admiratio|aro|2025-03-16 07:16:31|2016-10-20 17:59:55
tantillus|theca|2021-03-31 18:21:51|2022-01-03 19:12:53
aqua|unde|2026-01-16 01:41:44|2020-08-06 20:43:50
curis|victus|2017-06-09 10:41:27|2024-02-01 03:56:24
spectaculum|timor|2023-02-09 06:53:02|2026-05-19 20:00:02
attero|decor|2022-08-18 01:28:23|2024-04-27 04:17:05
vix|adaugeo|2020-12-11 10:53:30|2018-09-22 13:07:13
armarium|depereo|2025-08-18 18:03:23|2026-02-18 07:36:14
totus|desolo|2025-02-18 19:25:33|2026-07-29 10:58:52
artificiose|voluptas|2017-02-26 07:12:38|2025-05-23 11:50:41
audeo|denuo|2022-02-07 17:35:16|2020-07-25 07:24:13
vigilo|balbus|2022-05-08 12:37:01|2018-10-13 04:43:33
inventore|vero|2018-08-28 14:57:41|2025-05-24 11:03:11
valeo|absens|2021-08-31 21:56:29|2018-01-14 11:51:26
aggredior|ventosus|2018-02-13 07:20:44|2025-04-08 14:14:44
vapulus|armarium|2024-03-25 05:56:07|2019-10-12 16:32:09
summopere|vitae|2022-11-14 07:14:00|2026-02-22 04:04:07
copiose|capio|2021-04-07 03:25:51|2026-07-08 09:39:34
decimus|utique|2020-11-03 06:49:02|2022-11-21 01:33:42
sufficio|universe|2023-07-18 11:21:08|2019-08-19 12:03:55
depereo|caterva|2021-12-13 08:43:33|2019-08-06 00:54:47
credo|teneo|2021-09-18 01:09:39|2019-07-05 07:45:38
subseco|curia|2017-02-22 07:16:32|2016-09-12 22:33:04
cubo|tripudio|2021-09-17 18:06:40|2024-10-24 23:08:50
cattus|arcus|2025-05-16 05:30:56|2020-06-08 14:54:12
natus|fuga|2026-08-01 22:59:01|2021-06-25 15:53:19
amo|utilis|2020-09-03 20:20:46|2020-05-28 17:06:04
tribuo|crustulum|2025-04-02 06:52:27|2020-06-26 23:18:44
barba|clementia|2023-11-01 08:35:40|2018-04-03 20:58:43
acceptus|aegrus|2019-06-30 19:12:03|2019-05-31 09:29:14
despecto|tum|2017-05-11 04:11:11|2018-01-14 17:22:35
tibi|quibusdam|2017-09-05 08:14:46|2021-01-13 20:09:08
tero|censura|2018-05-03 18:16:43|2020-01-20 12:19:21
vitiosus|validus|2017-04-02 18:45:07|2023-01-20 15:46:11
currus|pax|2024-02-13 12:48:41|2023-05-16 07:21:06
delectatio|celer|2026-02-22 11:37:15|2017-05-01 00:06:44
coerceo|curatio|2018-02-16 14:31:43|2020-03-20 14:37:15
depromo|amor|2022-05-29 14:24:34|2018-09-27 20:25:43
desidero|tero|2024-03-19 07:04:33|2016-11-02 15:54:02
dedico|colligo|2021-07-11 01:23:02|2023-02-28 05:06:52
arguo|ocer|2024-05-19 12:39:55|2019-08-13 07:01:07
velum|voveo|2020-03-03 12:41:30|2017-08-28 05:10:00
vulgo|cetera|2019-11-04 16:42:51|2021-06-26 00:56:11
charisma|facere|2024-11-11 10:45:54|2019-11-19 12:06:56
uberrime|carus|2023-12-14 00:07:39|2018-02-11 22:12:47
velit|comis|2026-06-04 04:13:30|2018-11-30 21:32:59
volup|cedo|2019-08-14 03:20:22|2018-10-16 06:37:18
caries|acies|2017-01-10 08:24:19|2026-08-10 04:24:21
absens|tantum|2018-05-14 09:54:25|2018-07-20 20:52:47
brevis|cogo|2023-08-01 01:03:47|2022-05-22 22:56:55
armarium|anser|2025-10-29 23:08:21|2017-10-16 18:39:21
deinde|tres|2022-02-13 06:44:05|2020-06-16 13:53:10
admoneo|solus|2017-02-17 09:58:13|2022-03-26 01:17:33
vulgivagus|dolorem|2023-12-13 17:53:08|2017-04-08 20:30:10
vulgus|adimpleo|2018-11-21 12:49:42|2023-01-06 21:29:21
cubitum|vaco|2021-11-04 22:15:47|2021-01-04 17:38:47
arbustum|combibo|2022-02-20 22:30:29|2020-08-08 08:35:20
denego|neque|2024-06-01 00:23:02|2022-02-22 10:55:42
copiose|a|2024-07-22 22:57:13|2019-04-22 05:44:16
curiositas|supra|2021-11-09 14:30:11|2019-03-18 19:45:19
adaugeo|traho|2017-09-07 01:19:32|2016-12-01 19:52:20
adsum|dolore|2018-10-09 18:50:22|2017-12-21 12:29:16
conspergo|sublime|2024-12-12 00:33:36|2024-05-07 13:17:09
ustulo|atque|2023-05-30 02:01:56|2025-07-02 20:03:01
spiritus|vinculum|2020-04-13 22:56:45|2022-05-28 18:21:39
quibusdam|tonsor|2017-10-29 05:36:19|2018-05-27 16:39:45
atrocitas|acceptus|2019-05-12 13:17:20|2024-01-03 20:45:10
crepusculum|eveniet|2023-10-23 20:15:00|2017-12-06 20:48:54
vigor|comedo|2023-10-19 11:36:09|2024-12-19 08:38:15
solitudo|voco|2019-05-20 00:46:14|2019-11-28 03:20:59
apostolus|autem|2025-07-30 03:10:41|2021-06-24 10:20:13
ter|canto|2019-08-09 13:44:04|2021-07-02 01:20:52
defessus|spectaculum|2019-11-12 06:43:34|2019-03-16 15:12:27
uter|sequi|2024-12-10 23:33:53|2022-10-03 17:03:34
conspergo|ventito|2021-12-03 13:05:31|2022-08-23 17:42:56
sperno|denuncio|2019-03-13 01:51:53|2018-08-28 14:22:05
amitto|tricesimus|2017-06-05 13:48:52|2024-08-17 23:58:49
varietas|comitatus|2025-12-08 09:35:06|2026-05-24 06:46:27
vesper|aperiam|2020-01-18 23:47:47|2021-09-01 10:04:24
sequi|super|2021-04-19 22:13:47|2023-03-05 18:51:33
demergo|civis|2025-09-17 16:17:47|2018-12-14 05:13:45
somniculosus|canis|2021-06-28 12:56:12|2019-03-31 18:11:50
deporto|patrocinor|2017-02-19 18:57:23|2025-09-14 06:32:12
tubineus|attonbitus|2018-11-28 16:41:49|2026-04-05 19:17:21
auctus|cupressus|2020-04-19 10:42:15|2022-03-30 13:53:56
traho|libero|2023-06-17 01:48:43|2024-09-23 20:17:30
casso|nam|2025-09-03 10:47:47|2025-10-28 06:06:19
vis|spes|2023-12-10 19:23:03|2026-05-08 22:42:06
trepide|eaque|2022-06-18 23:06:24|2019-01-02 00:05:00
cubo|iste|2019-04-25 03:55:25|2026-01-09 09:17:19
brevis|verbum|2018-08-20 14:31:20|2026-03-13 00:57:17
delectus|ipsum|2023-01-03 17:40:31|2023-05-03 21:27:45
tabula|soleo|2024-07-04 03:43:38|2025-05-06 14:57:10
admitto|enim|2017-07-16 12:04:20|2019-12-12 23:16:45
sto|somnus|2023-10-15 00:29:24|2024-09-14 20:08:20
attollo|adversus|2023-07-19 15:33:49|2026-03-07 19:15:43
caelestis|traho|2018-01-19 19:39:50|2024-04-26 13:48:46
aperte|undique|2021-01-23 05:09:50|2025-04-17 05:25:22
demens|victoria|2019-08-30 18:05:34|2017-07-18 09:46:04
vestrum|speculum|2024-12-05 02:17:07|2026-08-05 23:14:42
pecco|auctus|2022-07-05 20:54:18|2023-02-23 06:36:22
adipisci|appono|2025-10-04 07:23:47|2022-06-18 11:43:06
aqua|umquam|2021-06-30 23:38:50|2024-09-24 04:50:26
vapulus|delectatio|2021-05-03 06:27:11|2023-04-23 16:11:06
cura|corrigo|2024-07-12 03:34:43|2019-05-03 04:00:58
accedo|verecundia|2018-11-12 13:16:54|2018-10-12 22:58:57
cavus|ciminatio|2022-12-05 09:59:04|2019-01-06 23:02:13
hic|despecto|2018-07-29 16:22:58|2026-06-24 02:08:58
pauci|admiratio|2018-07-17 23:49:30|2021-12-27 09:12:15
viridis|aggero|2018-10-04 03:01:41|2025-01-25 21:34:57
cibo|absens|2024-08-07 01:53:56|2022-09-26 14:27:39
amitto|crudelis|2016-10-14 01:29:45|2021-09-02 09:09:12
velociter|suppono|2018-09-22 00:46:53|2024-02-05 02:29:48
spes|bibo|2021-10-24 11:31:19|2023-01-23 21:29:22
admoveo|xiphias|2021-10-27 15:52:26|2020-10-10 13:06:12
cauda|pectus|2024-12-27 12:22:54|2024-12-14 10:10:39
tantillus|demulceo|2017-01-01 14:28:28|2016-12-03 16:54:39
veniam|victus|2017-07-12 18:56:24|2017-12-16 00:50:09
audentia|tonsor|2024-01-09 13:07:32|2023-03-04 08:13:59
crastinus|tyrannus|2020-03-23 18:45:14|2021-11-20 01:13:12
vito|tibi|2025-04-05 10:24:21|2021-11-12 23:44:58
totus|vir|2021-02-09 00:55:06|2021-01-17 20:40:19
atavus|omnis|2024-02-14 15:03:48|2019-04-23 18:31:24
debilito|pecto|2017-02-06 13:10:56|2017-12-25 07:06:19
triumphus|tredecim|2019-12-07 17:05:13|2020-09-26 03:37:24
solus|bis|2022-09-08 17:08:59|2025-03-29 17:09:53
absum|addo|2018-05-23 14:57:18|2020-06-30 09:03:21
cedo|conspergo|2023-11-09 08:15:42|2018-10-10 04:18:56
tunc|tenuis|2021-07-28 18:25:02|2018-01-04 17:35:53
delectatio|collum|2020-05-10 01:16:56|2023-11-04 11:52:55
subvenio|appositus|2026-06-15 00:36:32|2017-03-09 01:25:31
voluptate|universe|2019-03-14 02:41:08|2022-12-18 01:49:10
sunt|sint|2026-03-22 11:14:34|2020-10-27 12:43:03
angelus|sortitus|2017-06-02 10:17:33|2026-05-15 14:49:40
labore|tristis|2021-06-10 01:36:46|2020-07-27 22:20:27
comedo|adfero|2024-02-29 08:06:21|2017-01-10 17:37:32
velit|confero|2022-06-12 20:04:48|2023-09-12 19:35:30
atque|adhaero|2024-06-28 10:24:02|2019-11-01 00:29:38
umerus|depraedor|2021-08-30 21:07:57|2026-03-28 19:36:21
tum|testimonium|2025-11-09 15:12:13|2018-08-18 02:15:06
articulus|debeo|2018-10-15 20:36:34|2019-02-10 09:11:32
similique|sufficio|2022-02-24 03:26:16|2025-11-05 07:20:26
corpus|cinis|2019-08-31 18:07:42|2019-06-23 15:04:19
conservo|quo|2025-01-13 22:57:53|2019-03-28 08:08:47
vitiosus|blandior|2020-10-09 20:29:14|2023-08-11 00:52:58
cunabula|aptus|2017-06-02 22:56:21|2017-02-04 07:02:32
turpis|virgo|2023-03-13 07:24:38|2025-10-09 06:08:48
arceo|cerno|2019-01-08 21:35:00|2023-07-16 15:03:48
vesper|eos|2020-01-15 23:37:42|2021-08-26 09:48:16
nihil|infit|2020-09-15 15:30:31|2024-01-28 22:09:30
acervus|cibo|2017-06-28 08:48:38|2018-09-19 03:30:49
voveo|creta|2020-02-20 16:40:21|2023-01-29 04:33:56
allatus|condico|2022-09-25 07:08:52|2022-07-09 10:07:54
amiculum|ter|2023-11-11 15:15:05|2018-01-05 10:10:29
tubineus|vomer|2025-11-12 13:55:56|2024-01-31 19:03:55
totam|ager|2023-09-14 17:58:51|2020-04-25 08:52:00
sequi|verus|2017-11-03 19:59:41|2026-04-21 17:12:17
inventore|ventosus|2020-03-07 21:16:44|2020-11-10 01:43:03
degusto|aeneus|2023-10-21 05:21:45|2023-06-09 21:35:55
abbas|deinde|2017-07-20 03:42:17|2022-09-23 22:36:06
infit|thesis|2025-04-06 11:35:59|2016-10-22 19:34:12
coepi|audacia|2026-07-04 05:08:03|2019-01-30 14:26:01
inventore|casus|2021-08-19 05:03:42|2024-01-22 22:52:08
theologus|thermae|2026-08-26 03:30:09|2020-09-11 21:56:10
carbo|non|2020-08-03 01:10:09|2021-01-08 02:30:52
conqueror|adaugeo|2023-10-06 21:01:31|2023-04-10 16:15:56
sonitus|amo|2023-12-09 01:01:06|2022-02-18 21:57:12
denego|fugiat|2022-10-14 22:17:34|2019-11-10 02:45:59
voluptatibus|dignissimos|2024-04-06 04:53:36|2026-07-16 12:18:41
debitis|aestivus|2025-12-08 16:59:15|2022-01-23 18:23:57
acsi|curatio|2019-04-27 21:22:16|2017-10-25 20:17:18
voluntarius|iusto|2018-09-24 19:27:08|2022-03-23 20:14:40
usitas|admiratio|2023-05-27 13:12:48|2024-06-08 06:52:58
socius|tabernus|2024-11-12 04:48:05|2025-06-08 08:02:33
conicio|aperiam|2023-04-26 05:28:52|2022-01-22 16:14:26
utilis|stipes|2025-04-29 00:34:41|2021-07-07 07:59:24
odio|convoco|2021-12-29 23:12:35|2019-02-13 19:01:15
carmen|thalassinus|2023-02-25 09:59:35|2021-11-26 13:50:49
deludo|subnecto|2026-06-06 14:44:05|2022-05-31 17:49:56
sortitus|argentum|2023-11-23 04:35:08|2025-03-21 19:45:22
comes|asporto|2018-09-27 16:46:37|2019-03-29 18:07:52
caterva|ara|2017-03-03 00:16:24|2021-06-29 17:43:05
toties|comparo|2019-10-01 06:43:48|2025-12-06 00:10:09
suffragium|aranea|2018-02-27 02:11:48|2018-06-29 22:48:30
nam|uter|2018-02-16 03:08:00|2025-02-04 23:21:37
utrimque|suspendo|2018-10-13 07:39:36|2024-10-30 09:35:40
condico|basium|2017-12-18 04:21:17|2023-04-30 19:21:48
ancilla|terminatio|2021-03-11 13:35:37|2023-04-30 23:50:36
arbustum|taedium|2018-09-03 19:34:10|2021-05-27 02:51:45
utique|cuppedia|2021-12-25 15:44:20|2017-09-21 06:36:13
inflammatio|qui|2025-11-30 13:47:15|2019-12-28 18:16:47
acsi|verecundia|2020-10-26 03:17:56|2021-04-03 06:50:01
desolo|velum|2022-11-04 09:55:34|2022-05-12 07:30:17
nesciunt|explicabo|2021-02-18 09:12:04|2019-07-11 10:17:45
urbanus|denuncio|2022-12-27 20:09:26|2025-12-26 02:07:01
victoria|canonicus|2025-05-03 07:58:42|2026-03-21 11:17:03
aliquid|pariatur|2020-12-13 20:19:21|2024-04-01 14:13:17
ater|acer|2016-09-27 21:53:03|2023-06-20 03:14:45
tempora|vociferor|2025-12-15 11:26:37|2020-10-28 08:23:47
vociferor|volaticus|2023-09-12 13:49:36|2024-01-10 03:28:27
crustulum|ullus|2023-01-03 10:33:37|2019-03-06 10:20:13
odio|quaerat|2024-06-25 13:07:48|2017-11-13 19:16:48
utpote|totidem|2018-03-24 08:16:16|2019-01-17 08:58:02
surgo|delectatio|2026-01-23 13:43:59|2017-06-23 20:11:36
calculus|cena|2017-01-23 05:04:43|2018-02-01 23:51:40
corroboro|carbo|2022-03-30 02:11:08|2024-09-18 13:00:37
vulgus|cognomen|2018-12-17 14:58:18|2020-11-28 02:54:08
totam|termes|2024-09-20 14:50:35|2020-11-03 04:21:36
coaegresco|absum|2018-06-26 16:53:48|2026-02-26 17:19:54
defero|civitas|2023-10-14 05:08:05|2026-08-09 18:51:50
censura|solutio|2021-05-29 09:27:45|2021-12-09 05:43:49
reiciendis|apud|2023-02-08 14:08:48|2024-06-14 21:01:52
venustas|colo|2017-04-01 15:01:52|2020-01-16 15:19:16
vulgus|asperiores|2025-06-11 14:56:33|2026-03-31 20:34:05
cerno|atqui|2018-02-22 14:32:07|2018-04-08 19:11:53
decet|vomer|2026-02-25 19:58:26|2023-11-15 07:56:53
neque|basium|2025-01-04 07:14:42|2026-04-26 15:41:02
cilicium|carmen|2024-10-14 16:25:02|2020-07-12 01:32:10
deputo|versus|2020-03-20 11:42:10|2018-12-19 11:01:21
conservo|ambulo|2018-05-31 00:44:16|2026-06-09 17:01:11
calco|vestrum|2022-12-02 07:06:51|2020-05-17 21:39:06
voluptatibus|appello|2020-12-22 13:04:08|2017-10-16 15:26:59
ipsa|vitae|2017-05-11 20:13:13|2025-07-07 16:59:49
angelus|vae|2023-12-03 22:00:48|2017-02-01 20:11:18
animi|mollitia|2018-01-21 10:34:50|2023-02-06 15:42:26
minus|infit|2018-07-18 03:18:53|2017-08-09 11:20:15
cunctatio|decumbo|2017-06-19 11:34:10|2016-12-21 20:49:57
tolero|apostolus|2022-06-23 23:05:31|2018-10-13 11:47:18
viridis|infit|2024-11-01 14:08:00|2019-02-25 05:51:25
aduro|temperantia|2023-03-20 21:27:32|2026-01-06 05:38:51
voluptate|varietas|2026-08-02 11:00:51|2019-01-08 05:02:41
decretum|corporis|2025-10-03 10:36:05|2017-06-11 01:11:00
suggero|civitas|2026-07-02 10:28:57|2022-12-24 08:29:39
contabesco|vobis|2026-04-24 20:49:45|2018-05-29 05:39:09
impedit|quis|2022-04-03 15:14:24|2017-09-29 03:05:53
absque|demum|2020-09-21 11:11:05|2018-07-06 17:22:51
custodia|repudiandae|2017-05-27 20:19:32|2021-07-26 20:00:18
terra|arcesso|2023-03-22 12:55:44|2026-04-03 15:50:02
tyrannus|arca|2018-07-20 14:04:21|2023-03-18 22:28:38
cursus|calamitas|2023-03-14 06:50:10|2019-08-24 21:26:38
valde|dolore|2018-12-28 13:23:29|2018-06-21 14:19:52
odio|spargo|2024-02-26 13:21:31|2025-12-24 18:11:38
comis|tollo|2017-02-13 14:34:41|2019-11-14 15:41:41
timor|aegre|2021-09-23 04:33:47|2017-12-14 08:54:09
versus|umbra|2017-08-07 20:44:51|2023-10-26 23:04:44
desolo|admiratio|2022-09-15 15:09:55|2022-07-21 20:11:27
volaticus|pax|2017-07-17 01:21:22|2026-06-10 00:34:01
veniam|deduco|2017-03-25 04:08:29|2021-08-15 15:21:44
terga|balbus|2024-02-25 09:43:40|2019-10-20 01:15:11
absorbeo|absconditus|2016-12-21 17:34:55|2019-12-02 02:25:58
ustulo|suggero|2018-08-04 20:42:14|2018-12-29 22:30:43
civitas|soleo|2016-10-11 20:05:45|2018-12-23 16:51:54
vir|adstringo|2018-11-03 21:06:23|2018-04-05 19:37:47
tardus|arbor|2022-10-24 21:08:00|2021-07-17 10:43:08
sollicito|surgo|2026-03-04 08:52:09|2018-01-18 09:13:05
absconditus|tenus|2022-10-09 20:38:42|2025-03-12 12:57:30
careo|terra|2024-05-19 12:39:23|2022-11-02 03:37:01
assentator|curtus|2022-01-03 08:51:07|2021-12-07 20:30:50
dolor|aestus|2022-03-10 04:22:04|2020-08-29 02:13:39
tutis|combibo|2023-05-18 08:31:35|2025-05-25 22:10:20
arcus|decerno|2021-08-21 13:02:33|2017-04-03 05:44:44
aro|coerceo|2023-12-31 15:20:42|2024-11-20 11:27:43
nobis|virgo|2018-03-31 05:52:33|2018-05-12 15:23:57
adflicto|acies|2019-10-26 21:48:20|2023-04-29 05:34:21
astrum|vir|2017-06-04 03:16:52|2025-03-23 04:28:38
abeo|terra|2020-02-24 12:28:15|2021-04-26 22:06:06
vinitor|cultellus|2023-11-11 08:26:43|2017-08-06 19:26:44
alias|thalassinus|2018-08-21 05:18:23|2026-05-21 09:20:00
vox|aliquam|2016-11-29 05:00:20|2026-08-27 03:11:05
synagoga|tantillus|2018-06-24 02:11:35|2020-07-18 05:32:35
esse|stipes|2019-09-20 05:08:35|2018-07-01 13:41:55
victus|distinctio|2022-03-15 05:27:25|2020-05-23 01:19:30
currus|cognomen|2017-05-10 12:38:00|2016-10-08 02:42:50
conor|colligo|2026-02-22 18:55:24|2018-09-13 13:23:30
curiositas|nihil|2020-08-26 02:52:24|2018-10-06 18:41:22
amaritudo|coma|2017-08-23 12:08:46|2019-10-07 19:51:25
unde|absconditus|2022-05-13 17:31:51|2018-08-03 01:02:38
tantum|iusto|2017-07-23 00:59:41|2018-02-19 10:50:40
utpote|temptatio|2024-08-02 21:00:16|2022-05-01 01:34:16
conduco|tempus|2018-12-03 19:48:44|2025-06-10 06:26:35
caute|surculus|2020-06-20 13:21:24|2026-05-20 22:20:01
beneficium|apto|2017-12-19 19:46:28|2018-12-04 22:29:15
vinco|cinis|2017-06-08 19:46:05|2016-10-27 22:49:10
stabilis|deserunt|2025-11-20 12:22:36|2023-04-27 22:59:14
viriliter|deduco|2025-06-29 11:36:33|2022-10-27 02:30:26
fuga|totus|2025-10-09 08:21:28|2022-01-06 06:51:35
caute|tres|2018-12-22 06:09:21|2025-12-24 11:25:10
xiphias|cursus|2017-05-28 01:45:48|2020-07-01 01:32:08
consequuntur|truculenter|2023-05-03 23:07:12|2026-05-08 01:01:34
clementia|sursum|2025-04-20 17:15:10|2022-06-06 05:17:00
addo|a|2020-07-23 01:03:26|2023-06-08 19:29:55
antepono|tribuo|2026-04-04 14:23:14|2019-01-31 02:19:17
vorax|creta|2019-03-20 12:11:00|2024-01-25 15:20:46
eligendi|tricesimus|2020-08-01 12:44:05|2026-04-13 08:24:02
vomito|vero|2017-02-11 07:32:11|2021-07-07 06:47:34
depulso|supra|2023-07-18 16:30:22|2023-01-27 20:48:34
sperno|laborum|2022-05-15 01:33:30|2023-03-06 07:12:17
cariosus|censura|2022-08-21 04:13:45|2023-10-05 11:22:33
voluptatem|blanditiis|2017-01-11 22:41:29|2020-03-26 20:57:02
spiculum|acer|2019-03-15 05:59:42|2017-01-12 04:51:25
coadunatio|sono|2020-10-11 06:29:49|2025-07-10 16:48:17
itaque|aqua|2024-10-18 21:23:51|2022-07-25 14:01:26
derelinquo|ancilla|2023-12-04 23:23:20|2025-02-20 10:07:21
admoneo|ipsum|2023-07-12 23:12:14|2023-05-28 14:32:10
adduco|ait|2026-01-20 13:16:04|2021-08-06 01:35:46
studio|statim|2018-07-03 10:15:01|2019-12-22 18:11:04
bibo|congregatio|2016-12-16 04:28:51|2025-09-20 15:51:06
occaecati|civis|2025-12-16 13:59:12|2020-04-30 23:50:34
tabgo|verumtamen|2025-06-11 14:51:46|2023-05-29 08:20:09
balbus|consuasor|2026-09-06 05:07:01|2019-04-28 00:46:55
subiungo|termes|2026-08-22 16:04:17|2023-02-14 19:59:27
pax|sordeo|2021-06-17 23:32:55|2020-03-23 16:54:48
similique|validus|2018-01-22 21:22:35|2016-09-17 15:59:45
conitor|correptius|2021-09-06 11:13:09|2021-10-17 18:01:07
benevolentia|thymum|2021-08-18 02:30:04|2023-01-04 11:32:57
aegre|cado|2018-08-20 10:32:50|2018-04-26 11:20:51
quasi|verus|2018-05-12 16:35:01|2021-01-13 06:05:15
cunctatio|absorbeo|2020-05-08 02:22:20|2019-02-17 10:22:23
curtus|tolero|2022-09-08 21:39:12|2023-08-20 15:28:20
statim|adduco|2021-12-26 16:41:06|2024-08-25 04:37:29
solutio|confero|2019-09-04 17:37:00|2026-02-06 20:47:27
terebro|alius|2022-06-07 17:10:10|2021-01-03 11:01:02
terror|derideo|2021-10-15 05:12:20|2019-06-27 11:20:15
defetiscor|copia|2020-10-09 11:57:09|2018-08-31 19:22:34
decens|vomito|2025-12-02 18:13:23|2018-07-25 02:54:39
vulpes|deleniti|2021-06-20 23:24:16|2024-12-10 19:29:59
tergo|congregatio|2017-05-23 17:57:30|2025-11-04 22:04:28
confido|explicabo|2017-11-21 03:51:08|2019-06-18 20:23:03
copiose|tabella|2017-04-30 18:57:12|2026-02-22 10:10:46
admoveo|debilito|2024-08-08 09:05:21|2017-03-17 04:12:03
delibero|ubi|2024-02-24 14:03:21|2022-12-02 10:57:10
patrocinor|iusto|2025-09-05 20:57:08|2019-04-22 20:48:39
denuo|timidus|2022-03-22 23:55:19|2026-03-30 21:46:12
textus|tot|2018-03-24 07:01:41|2017-10-29 13:48:21
incidunt|alienus|2022-12-28 16:24:02|2022-06-14 05:37:30
creo|talis|2018-08-17 04:21:40|2018-04-03 16:35:37
cubicularis|crur|2024-10-23 09:11:25|2017-09-05 10:32:03
bibo|tonsor|2026-07-10 10:25:32|2017-11-11 17:13:26
alioqui|veritas|2025-09-20 21:46:20|2020-06-24 02:24:36
cibus|veniam|2023-05-25 15:55:25|2020-11-04 21:30:57
conscendo|ancilla|2021-05-23 12:35:29|2024-09-01 18:11:03
denego|complectus|2022-08-01 18:03:49|2018-09-16 06:08:48
vinitor|colligo|2017-07-08 09:01:09|2017-09-15 04:30:37
auditor|clamo|2022-12-19 09:49:00|2016-11-28 07:54:54
vitiosus|accusamus|2023-10-02 08:26:39|2018-07-23 04:31:17
casus|quod|2024-07-18 23:36:54|2017-11-27 07:31:21
claudeo|crudelis|2023-08-23 23:56:27|2022-06-03 04:33:11
arx|valde|2020-08-14 05:08:38|2022-03-31 05:05:11
cursim|damno|2019-03-04 00:06:43|2018-08-03 21:57:14
urbanus|voluptas|2018-09-21 00:14:49|2016-10-23 20:32:54
virgo|statua|2024-01-02 06:33:24|2020-06-22 02:02:38
ducimus|ver|2018-09-19 11:27:43|2024-11-19 15:35:09
vitium|defleo|2021-05-21 20:57:22|2025-09-29 10:22:35
aer|tabgo|2022-11-20 14:37:17|2018-05-07 17:40:32
accusamus|colo|2025-07-21 15:41:56|2022-08-10 12:50:46
demum|argumentum|2020-12-27 03:41:51|2020-06-21 19:33:00
sunt|consequatur|2025-06-06 23:09:38|2016-10-25 20:51:00
abutor|vis|2023-04-01 01:14:02|2022-02-17 16:12:17
coma|cogo|2018-01-21 14:30:05|2024-08-18 05:13:01
copia|caterva|2024-12-22 08:30:27|2017-12-12 19:41:32
vos|verbum|2026-03-27 00:24:51|2018-09-02 03:26:27
undique|nulla|2024-07-31 16:31:43|2017-10-30 07:00:47
usque|aegrotatio|2020-09-12 06:38:18|2018-03-23 21:00:23
sunt|velociter|2026-07-05 23:34:35|2023-04-02 05:57:33
veritatis|inventore|2021-06-06 23:41:55|2023-11-07 01:58:26
addo|depopulo|2018-05-15 13:20:12|2026-07-31 02:09:49
ter|adfero|2021-06-27 22:30:54|2018-03-11 04:13:37
urbs|brevis|2019-08-30 23:33:08|2020-05-10 23:39:50
fugiat|tyrannus|2022-07-31 02:20:43|2021-08-26 22:30:30
totus|cunabula|2023-01-15 10:46:26|2017-02-27 16:05:05
distinctio|alo|2024-04-03 15:23:59|2022-03-01 18:18:42
vita|acer|2021-06-19 21:57:30|2024-03-10 05:02:14
adsuesco|apostolus|2025-05-26 19:24:13|2018-01-04 16:36:12
audentia|curto|2021-04-01 20:27:40|2019-01-19 04:05:17
communis|absorbeo|2018-01-22 23:14:17|2026-05-07 10:28:38
subseco|cauda|2016-12-31 17:57:51|2024-10-27 03:08:12
ago|tristis|2024-04-10 12:00:43|2017-03-25 08:03:48
unus|nostrum|2020-06-04 20:55:06|2019-06-02 16:27:07
complectus|texo|2026-05-25 20:26:27|2026-04-11 23:32:12
versus|vir|2018-12-09 12:48:06|2017-06-17 12:31:04
conventus|accendo|2018-08-28 03:41:40|2020-09-26 19:39:46
ullam|doloribus|2026-06-30 13:55:27|2022-06-10 05:45:05
averto|denique|2023-01-01 17:57:01|2020-07-29 15:31:42
spoliatio|debilito|2025-12-02 07:53:07|2018-10-27 14:56:50
subiungo|terra|2020-06-28 03:11:30|2019-06-02 17:37:06
conitor|minus|2025-05-16 11:36:40|2022-04-05 04:36:41
calculus|desparatus|2020-06-16 02:28:25|2026-08-24 18:50:30
suscipio|thorax|2019-11-18 20:47:28|2025-08-26 09:13:32
possimus|adipiscor|2019-01-14 08:51:12|2026-03-26 04:03:12
acidus|arguo|2024-08-18 04:47:00|2017-01-31 01:59:10
alii|umquam|2020-04-14 15:01:21|2019-09-05 15:11:52
amor|circumvenio|2022-12-31 09:16:27|2024-03-12 02:22:40
admitto|thesaurus|2020-08-10 13:44:38|2020-09-23 12:36:05
conforto|cibus|2017-06-29 16:39:26|2023-04-01 11:46:16
delectatio|aegrus|2025-08-26 06:22:08|2019-05-15 06:37:37
adaugeo|tripudio|2021-06-06 02:22:36|2026-05-25 04:14:54
tutamen|compono|2017-01-05 02:30:02|2026-01-11 19:18:46
deripio|uxor|2021-08-05 23:29:29|2021-08-15 13:12:30
sint|usus|2022-04-10 05:28:59|2020-12-03 07:56:15
repellendus|aliquam|2020-11-25 21:30:46|2020-11-07 16:34:55
somnus|vindico|2026-07-17 10:40:28|2023-05-27 22:05:52
molestiae|officia|2026-04-03 04:41:37|2017-07-16 14:56:01
angelus|cum|2020-09-14 22:04:21|2024-02-27 08:35:25
valetudo|arca|2020-07-27 06:24:07|2021-07-21 10:32:20
solum|amissio|2024-02-08 07:46:34|2019-01-03 11:00:47
vado|textor|2018-11-19 03:41:19|2023-11-23 04:20:04
deinde|arbor|2019-02-05 00:28:27|2021-04-14 01:27:59
calamitas|utrum|2019-05-21 01:55:52|2019-07-07 15:39:37
tondeo|capillus|2024-01-22 01:51:53|2019-02-28 19:31:14
cognatus|vigor|2025-09-14 01:01:17|2025-09-21 22:10:08
comprehendo|traho|2020-10-21 04:50:54|2023-03-04 21:56:02
cui|denuncio|2025-08-24 16:39:29|2017-09-16 01:11:50
maiores|accedo|2023-07-25 08:39:15|2020-03-07 11:46:39
coruscus|doloremque|2025-03-12 04:05:58|2026-03-20 07:22:43
demulceo|comptus|2021-06-22 11:32:36|2025-12-10 19:02:05
concedo|viscus|2017-08-09 19:27:09|2026-08-30 04:28:53
cupio|deludo|2023-02-10 11:28:45|2017-08-29 21:42:46
sortitus|curvo|2022-05-24 06:22:25|2023-12-09 09:20:28
crastinus|defendo|2019-11-20 00:21:37|2017-12-10 09:36:10
beneficium|mollitia|2024-07-26 13:29:49|2019-02-10 15:09:47
crinis|similique|2025-09-13 11:13:36|2023-06-24 02:49:02
adsidue|annus|2017-03-29 17:40:01|2022-10-08 20:22:14
coniecto|despecto|2024-01-05 10:35:12|2019-08-29 03:07:39
strenuus|deludo|2023-07-25 17:52:16|2022-05-08 14:19:43
vilicus|demo|2019-05-11 01:12:04|2022-11-07 02:51:48
cado|convoco|2024-03-06 04:17:02|2026-08-15 04:39:18
auxilium|pecus|2018-08-23 00:59:32|2023-11-20 02:26:35
circumvenio|copia|2018-10-23 19:39:01|2016-11-07 19:45:07
una|adfectus|2020-10-30 20:00:44|2025-02-22 14:16:58
testimonium|tribuo|2023-04-23 18:22:07|2024-10-08 20:19:46
atrocitas|strenuus|2018-01-18 18:57:57|2018-06-18 04:17:13
creptio|ventus|2023-09-10 16:14:07|2022-02-01 09:14:25
voluptate|eligendi|2016-11-21 16:57:25|2024-08-19 11:59:21
uxor|fuga|2020-10-19 04:40:29|2017-05-11 04:56:35
casso|comes|2020-08-10 21:26:02|2018-06-14 00:46:50
conatus|cuppedia|2026-07-21 06:16:22|2018-02-02 22:37:24
aureus|iure|2018-12-12 09:54:27|2019-06-29 08:26:45
aequus|dolorem|2021-07-16 02:39:03|2021-04-01 13:37:50
placeat|trepide|2019-12-28 14:21:57|2024-03-24 12:27:54
adnuo|placeat|2020-06-21 15:04:47|2016-12-22 23:26:19
aer|complectus|2016-10-30 05:41:25|2018-05-26 03:32:43
tero|error|2026-01-31 10:33:52|2019-08-16 08:44:10
asperiores|agnosco|2022-06-11 19:20:35|2022-04-08 08:12:49
tutis|territo|2020-07-13 18:59:16|2025-05-04 03:27:52
assumenda|correptius|2018-08-10 11:57:19|2018-06-15 05:33:37
bene|virtus|2019-07-11 20:40:17|2026-09-03 13:53:27
sortitus|cribro|2020-07-17 02:55:00|2023-02-09 23:58:18
tot|deorsum|2018-05-20 12:02:41|2023-09-23 17:13:19
bibo|conforto|2019-01-20 09:36:26|2021-09-09 12:49:36
universe|cursus|2020-03-14 20:41:07|2021-05-16 14:54:11
somniculosus|culpo|2023-09-01 01:19:03|2020-12-15 05:52:11
valeo|pectus|2023-01-22 09:28:10|2026-04-27 19:48:19
bellum|suasoria|2018-03-03 11:43:57|2020-12-11 22:26:43
contra|crapula|2017-03-16 19:19:46|2023-06-21 08:51:21
defero|defendo|2025-04-16 02:46:33|2016-09-22 02:32:44