paciente_id|fechacribado_dt|cribado_cd|fecharesultadocribado_dt|recurso_st
reiciendis|2018-02-09 11:51:53|accedo|2020-07-13 07:38:24|adflicto
dolorem|2021-08-23 19:23:27|ater|2017-06-02 11:08:20|conicio
avarus|2018-11-25 17:16:31|spargo|2025-10-26 14:47:42|odio
compello|2021-02-07 12:16:23|dapifer|2025-01-05 11:51:28|tamen
collum|2025-10-16 09:26:23|cavus|2025-06-16 14:36:15|surculus
argumentum|2020-05-31 18:22:51|degusto|2020-11-08 00:54:54|cubicularis
varietas|2018-02-16 01:54:50|tracto|2020-02-29 06:57:02|sapiente
solio|2025-12-31 17:06:06|usitas|2020-06-17 10:35:14|surculus
caritas|2018-09-09 02:15:18|cito|2021-07-04 20:29:45|numquam
cruentus|2018-08-14 08:24:37|crebro|2018-09-04 06:13:03|sumptus
adiuvo|2017-09-03 08:33:19|perspiciatis|2024-01-26 13:22:00|ago
atqui|2017-10-08 15:10:56|tenetur|2025-01-27 14:29:10|volutabrum
absconditus|2026-02-04 04:27:40|stultus|2022-10-27 09:50:16|denuncio
theca|2020-08-29 19:05:05|spes|2022-10-22 14:41:00|clam
aetas|2024-06-17 08:11:04|capto|2023-10-16 09:51:36|deduco
sperno|2024-01-06 19:50:30|arguo|2017-09-24 17:38:56|carbo
denego|2018-03-30 23:35:47|tricesimus|2020-11-11 23:04:00|sit
volubilis|2021-12-25 21:52:42|pauci|2018-09-22 09:45:24|bene
comburo|2021-04-25 03:06:43|decumbo|2018-04-03 11:12:02|accedo
volo|2017-06-12 20:43:57|corroboro|2020-01-04 01:23:48|voco
vulgo|2021-10-31 01:16:06|civis|2023-05-14 04:20:36|testimonium
sed|2022-04-16 15:19:56|adhaero|2018-05-04 10:58:15|ultra
provident|2023-07-27 22:15:11|tempore|2023-10-07 11:43:04|beatus
arma|2021-11-07 20:01:00|vulariter|2024-12-22 16:04:06|consectetur
vulticulus|2023-03-25 06:51:37|ullam|2023-10-16 22:17:40|cognatus
sublime|2024-12-07 10:56:33|ver|2019-09-02 05:14:28|aperte
aer|2022-10-06 15:22:37|charisma|2018-08-28 17:09:45|barba
varius|2024-02-18 10:29:22|volubilis|2026-03-21 11:51:50|benevolentia
cuppedia|2020-11-23 04:05:03|caelum|2025-11-01 06:50:45|deripio
reiciendis|2022-01-24 23:35:37|complectus|2020-12-01 18:32:25|corrupti
argumentum|2022-03-15 15:24:42|peior|2019-06-28 08:35:01|tunc
delicate|2018-12-25 18:58:26|corpus|2020-03-16 03:30:07|aveho
tam|2021-09-21 21:25:36|cohaero|2018-12-03 07:08:56|admitto
vilicus|2023-06-01 11:33:31|acceptus|2025-07-09 05:09:52|enim
atrocitas|2025-12-07 01:44:49|distinctio|2023-08-01 01:42:50|ubi
usus|2026-09-09 07:30:52|creta|2021-01-29 03:29:10|patria
audax|2020-09-30 18:57:56|celer|2023-05-05 23:21:00|coepi
coepi|2017-03-04 05:06:26|aestas|2018-04-12 22:10:55|casus
conqueror|2020-12-11 20:54:50|apostolus|2024-06-25 22:52:38|demum
iste|2020-10-17 10:31:31|templum|2023-12-14 06:01:44|victus
calco|2021-07-23 11:56:43|theologus|2020-01-24 05:45:07|vulariter
crustulum|2026-03-24 01:25:34|cauda|2024-11-13 14:37:43|spargo
unde|2022-08-26 11:09:43|aut|2025-08-20 19:42:13|color
umquam|2021-02-24 14:44:01|succurro|2017-12-02 18:52:25|bonus
inventore|2024-06-19 07:07:50|alter|2025-06-12 16:28:49|commodi
suscipio|2018-07-30 11:57:41|dignissimos|2022-05-11 03:20:30|confido
voluptatibus|2020-08-10 18:48:36|delicate|2018-03-02 08:44:11|acsi
cado|2017-03-10 05:13:41|cimentarius|2023-04-17 12:20:36|distinctio
ater|2021-02-24 15:21:24|constans|2019-06-11 19:28:24|volubilis
curso|2024-08-06 12:23:03|totus|2016-10-28 16:55:25|alienus
vaco|2020-10-14 20:45:32|distinctio|2025-03-30 14:46:13|tam
quis|2025-11-27 13:42:31|tandem|2016-12-29 01:10:39|ulciscor
tantillus|2019-11-12 05:26:13|deprimo|2026-03-28 14:30:29|adinventitias
caritas|2017-06-18 13:34:16|hic|2019-10-27 04:21:21|alienus
concedo|2024-05-15 17:22:15|reprehenderit|2017-02-21 01:45:40|labore
video|2021-09-02 03:23:51|vobis|2022-04-03 04:39:33|anser
thymbra|2024-09-20 16:00:40|carbo|2021-08-05 06:05:54|volutabrum
ambitus|2016-11-21 00:15:02|ventosus|2021-04-28 06:52:00|vinum
tredecim|2018-05-18 10:03:52|exercitationem|2025-12-06 06:19:21|comburo
approbo|2026-01-13 14:24:33|beneficium|2026-06-12 19:53:15|corrupti
ager|2024-01-22 08:05:00|attollo|2017-01-04 07:17:02|soleo
viduo|2017-05-26 22:12:51|solvo|2023-11-26 20:36:06|tempore
supellex|2023-06-18 21:50:22|administratio|2025-06-03 13:55:53|quod
cribro|2018-11-12 00:13:40|cenaculum|2022-08-18 03:15:31|conqueror
vespillo|2017-01-04 12:10:41|cursim|2026-07-07 19:19:38|tempora
balbus|2022-12-13 03:44:55|quis|2019-07-13 09:29:30|statim
desidero|2025-08-08 16:27:58|charisma|2020-12-09 20:00:58|adflicto
creo|2019-02-14 07:30:19|pariatur|2019-04-30 14:30:45|decerno
tres|2023-07-20 18:11:09|amplus|2018-08-07 09:49:08|aro
sodalitas|2017-11-26 05:50:46|tamisium|2016-10-02 04:01:50|sto
suadeo|2016-11-14 23:45:23|claro|2019-05-11 07:03:36|ambitus
fugit|2023-09-23 18:52:29|balbus|2026-03-06 13:13:27|voluptates
votum|2020-08-17 22:24:06|deludo|2024-08-18 11:58:17|studio
spiritus|2020-07-10 11:29:30|strenuus|2017-11-06 14:11:46|triduana
cariosus|2025-09-30 15:22:25|deludo|2024-05-27 21:44:31|odio
voco|2021-05-24 00:56:55|tersus|2019-05-09 07:50:39|denuo
admoveo|2016-12-01 08:03:24|ipsam|2021-03-25 08:27:41|saepe
pectus|2018-06-21 05:39:35|tabgo|2023-08-14 08:35:03|textus
ut|2022-11-15 06:40:16|administratio|2020-01-06 02:26:06|thesaurus
doloribus|2022-04-15 20:25:31|venia|2026-01-14 00:25:18|demulceo
tumultus|2022-10-29 03:39:21|calco|2019-09-05 13:08:18|vehemens
delectus|2023-03-16 08:00:54|uxor|2019-10-16 18:44:18|sperno
avarus|2017-02-26 16:49:21|acceptus|2025-11-08 14:02:26|carmen
celer|2020-12-27 07:33:04|depono|2021-05-08 18:32:09|certus
atqui|2019-01-26 06:34:59|currus|2017-08-16 05:25:31|numquam
auditor|2025-04-28 14:11:24|decerno|2021-03-11 16:52:13|talus
adsidue|2022-07-10 16:42:19|tabella|2022-12-31 14:36:51|ambulo
spiritus|2017-01-12 09:57:09|tantillus|2020-08-09 22:28:45|tot
cur|2020-12-15 03:16:25|audax|2021-11-15 10:42:43|tabernus
alter|2025-10-01 19:49:14|congregatio|2020-11-06 22:34:58|bene
corpus|2023-09-20 14:36:31|cui|2017-04-08 16:08:28|iste
amoveo|2023-11-20 04:14:39|coepi|2022-03-28 21:10:34|bos
compello|2018-12-18 15:49:23|doloribus|2024-09-01 10:28:59|vinco
caput|2023-01-04 23:57:56|xiphias|2017-07-18 19:27:18|peior
chirographum|2021-07-31 04:10:32|sustineo|2017-12-27 07:11:39|odio
quibusdam|2020-03-29 06:39:58|clarus|2017-10-11 07:05:55|culpo
cumque|2023-01-31 15:31:41|ver|2022-05-29 18:18:23|aliqua
ater|2024-09-14 02:02:33|agnitio|2022-01-28 05:28:15|carcer
cenaculum|2022-07-26 12:36:47|animi|2021-02-06 02:24:12|desidero
crebro|2018-11-19 19:03:01|antiquus|2025-06-29 16:39:45|cenaculum
cubicularis|2020-11-11 21:08:55|attollo|2018-07-11 21:55:12|quisquam
comes|2026-03-19 08:15:45|attonbitus|2024-02-21 11:33:11|somnus
cunae|2024-11-11 00:47:56|ulciscor|2018-08-06 06:34:42|vergo
varietas|2024-11-29 11:30:19|placeat|2019-11-04 09:42:52|vix
tabernus|2025-12-10 12:04:57|summopere|2020-05-28 22:17:32|urbanus
cattus|2018-10-06 11:14:42|delinquo|2019-05-20 20:06:00|cavus
condico|2019-10-17 06:45:50|vilis|2018-09-29 04:29:01|absum
victoria|2025-08-07 09:14:46|verecundia|2021-09-27 10:17:06|abscido
ara|2017-03-27 01:52:51|varietas|2016-12-11 14:22:23|acies
creptio|2021-12-07 12:02:28|animi|2022-01-29 17:13:29|cunae
fugit|2026-03-22 15:02:03|sapiente|2019-07-27 06:10:38|tego
sui|2017-04-12 01:23:55|defendo|2020-12-05 18:15:33|verus
caritas|2023-09-13 20:49:31|dignissimos|2023-12-21 17:57:03|vulgivagus
aegrotatio|2023-01-04 06:47:18|iure|2020-06-16 18:56:40|depulso
deprecator|2026-03-09 06:38:32|calcar|2023-04-30 15:47:23|valeo
commodi|2021-07-27 00:09:58|adficio|2019-07-19 04:43:38|tenuis
admitto|2016-12-23 18:25:02|quis|2023-07-13 20:10:27|sonitus
thorax|2025-07-14 08:37:04|ipsum|2024-05-05 14:22:53|acidus
aranea|2019-11-03 16:42:09|illo|2021-06-25 00:45:49|vereor
despecto|2022-12-24 04:36:19|damnatio|2019-05-13 23:01:38|appono
vulgivagus|2022-01-08 17:32:12|delego|2017-10-08 22:23:18|ancilla
celebrer|2019-11-10 23:07:34|bestia|2018-02-03 22:10:25|adsum
adopto|2022-02-28 23:33:45|vita|2023-03-24 19:58:54|defaeco
sordeo|2017-01-03 06:19:06|solio|2024-06-23 10:13:37|calamitas
uterque|2017-06-27 10:20:04|venia|2022-03-24 17:16:27|adeo
tantum|2022-05-03 17:33:07|quis|2017-03-10 19:05:45|valetudo
corporis|2025-07-11 19:49:27|deludo|2017-06-06 16:00:18|comparo
universe|2016-12-03 08:48:20|deinde|2020-06-26 14:35:16|attollo
attonbitus|2023-09-07 11:52:24|deficio|2019-05-29 11:45:04|cado
umerus|2020-10-26 04:26:22|cresco|2018-07-04 17:22:34|vinitor
tot|2016-11-16 15:52:49|magni|2024-08-03 09:13:29|adnuo
coniecto|2025-02-14 12:40:19|appello|2016-09-16 15:58:41|careo
calculus|2020-10-01 11:18:37|omnis|2019-07-20 00:57:12|ars
auctus|2018-08-15 20:50:29|quae|2018-03-05 01:42:25|possimus
neque|2019-06-02 02:38:07|tunc|2016-11-30 10:11:36|cuius
tricesimus|2020-05-28 16:41:58|ante|2021-08-10 00:52:27|validus
conturbo|2022-02-04 03:08:40|benevolentia|2018-01-02 03:02:00|terebro
tero|2021-06-25 02:56:14|canonicus|2018-12-02 19:21:41|esse
circumvenio|2023-06-14 05:53:26|valde|2023-07-01 09:46:24|maiores
beatus|2022-05-14 02:49:10|error|2023-10-21 18:44:45|nobis
viscus|2025-08-19 00:59:05|animadverto|2026-08-27 11:42:22|appello
trans|2024-03-10 05:22:35|atrox|2019-06-30 19:58:15|verbera
bestia|2024-08-07 08:03:01|amor|2020-05-15 06:12:21|adiuvo
acervus|2018-05-17 07:27:33|desino|2018-05-12 00:31:39|cumque
defero|2019-08-27 15:31:12|illum|2019-08-12 16:17:23|ea
defero|2020-06-14 07:11:49|circumvenio|2022-05-11 03:45:49|audax
adicio|2021-09-07 21:06:40|ver|2017-08-16 07:51:07|desino
arbor|2017-12-08 10:47:18|clam|2019-05-05 12:53:59|desino
exercitationem|2019-01-14 10:37:03|demens|2025-05-21 04:41:06|amicitia
correptius|2021-09-04 16:21:37|ocer|2020-02-08 20:28:48|coaegresco
molestias|2020-10-24 02:10:58|surculus|2023-03-03 23:55:05|ustilo
tergum|2022-01-28 09:24:05|arceo|2022-10-18 02:32:29|admiratio
voluntarius|2023-10-04 07:05:09|aestivus|2025-08-24 13:39:51|defungo
alias|2020-03-15 23:18:53|calcar|2020-11-29 07:01:16|attonbitus
ante|2021-01-01 21:49:07|tenax|2024-01-10 15:02:14|corpus
undique|2017-09-19 10:23:48|vicissitudo|2019-03-17 23:22:34|creber
totam|2022-12-10 19:32:32|atqui|2017-01-31 13:49:31|culpa
adfero|2019-10-01 09:11:15|verus|2017-03-17 19:48:16|carbo
sufficio|2023-11-29 05:21:08|id|2022-07-26 21:35:55|voveo
contabesco|2020-04-24 05:56:44|crastinus|2020-08-08 06:43:48|colligo
peccatus|2024-12-26 01:41:14|conservo|2021-10-30 12:18:48|virga
enim|2017-07-01 13:32:28|tempora|2017-08-24 00:08:08|possimus
tremo|2017-07-14 20:03:35|aggredior|2024-07-06 13:11:25|reprehenderit
catena|2024-10-03 04:08:29|pecco|2020-04-04 05:31:00|itaque
capto|2018-07-16 17:53:49|summa|2026-07-13 16:03:51|theca
coerceo|2021-05-07 12:42:39|curtus|2023-03-17 17:49:09|beatus
confugo|2021-02-08 19:28:51|soluta|2023-01-10 22:40:06|absque
terror|2017-02-17 15:46:29|curia|2017-09-23 04:38:02|valens
cotidie|2020-04-07 02:07:43|thesaurus|2024-04-25 17:48:20|deripio
a|2025-05-15 05:28:56|ex|2026-09-06 19:56:14|tantillus
somniculosus|2016-11-07 18:23:18|altus|2025-05-21 15:42:32|vulnus
casso|2017-07-06 22:00:08|vester|2019-03-01 18:04:13|victus
ullam|2017-06-07 00:21:06|abundans|2020-07-20 06:13:29|quisquam
volup|2024-12-20 09:04:49|canonicus|2016-09-22 21:05:16|aer
tui|2021-12-14 22:12:55|ulterius|2021-01-04 15:59:03|conduco
iste|2020-01-15 19:37:42|talis|2022-04-05 15:02:02|quis
aiunt|2017-10-29 09:04:51|esse|2025-10-23 11:36:11|avarus
spero|2018-10-01 20:22:10|suspendo|2024-07-31 16:02:44|ager
alveus|2024-12-21 10:01:59|sortitus|2025-06-03 05:56:35|condico
adnuo|2018-10-07 20:55:36|itaque|2019-05-21 09:40:46|adeptio
absorbeo|2025-09-15 21:56:08|valeo|2020-09-20 07:57:53|sit
creo|2026-04-07 06:36:19|sordeo|2025-09-24 09:49:13|caelestis
argumentum|2024-01-03 17:35:24|porro|2018-11-14 01:32:07|caecus
aeneus|2021-06-19 02:20:36|delicate|2018-07-09 06:57:53|accedo
adsuesco|2018-09-10 14:21:20|solvo|2025-08-18 05:02:55|apto
vaco|2023-02-17 10:21:13|colo|2017-02-26 22:21:56|coniuratio
tunc|2020-09-05 19:30:08|aegrotatio|2017-02-19 01:40:02|comedo
aperiam|2023-12-24 18:44:44|comptus|2017-07-16 05:17:24|fuga
sit|2018-01-27 14:51:49|speculum|2017-05-09 09:14:36|sodalitas
validus|2023-08-17 20:35:17|tunc|2022-05-31 05:44:10|alioqui
decerno|2026-08-31 01:31:45|comparo|2024-10-22 16:06:11|molestias
defungo|2022-11-05 22:52:00|spero|2022-07-01 16:55:03|tego
vilis|2018-12-24 03:23:04|tabgo|2022-08-10 23:28:08|arbitro
tamen|2026-03-31 20:19:24|thesaurus|2023-08-25 22:21:15|artificiose
astrum|2016-09-11 14:48:59|verecundia|2017-03-18 10:34:28|virgo
aegrotatio|2017-10-27 17:32:53|corpus|2017-10-18 22:48:35|eum
speciosus|2018-09-20 17:41:07|colligo|2021-04-19 11:57:19|doloremque
uterque|2024-10-09 03:18:45|candidus|2019-09-13 23:33:36|perspiciatis
depono|2019-07-11 06:32:22|eveniet|2022-08-06 02:27:26|correptius
decor|2025-03-30 22:01:14|harum|2017-10-31 22:45:35|vae
suscipio|2025-09-29 04:06:30|ocer|2018-01-24 14:51:03|corroboro
aureus|2019-04-30 19:39:11|capto|2020-02-02 20:45:43|bellicus
somnus|2020-06-16 04:03:34|ab|2018-03-31 16:06:04|degenero
verus|2019-04-30 21:19:00|cerno|2024-04-03 03:00:31|sordeo
verto|2022-10-26 06:02:22|facere|2020-01-23 16:45:20|arbor
volo|2022-01-22 03:16:05|acervus|2025-12-19 07:56:20|acies
apostolus|2017-07-31 09:01:46|centum|2022-12-17 11:07:42|degero
enim|2016-12-07 13:44:20|iusto|2020-12-28 16:18:20|clam
timor|2024-06-09 13:47:56|cattus|2025-10-07 18:25:04|bene
catena|2023-10-04 14:28:35|suspendo|2026-02-12 18:54:59|decens
custodia|2021-10-30 03:04:06|suus|2018-10-25 03:07:21|voluptatum
bibo|2023-09-24 00:31:46|creator|2017-12-28 20:44:21|sit
suppellex|2019-02-23 00:47:46|demergo|2023-12-16 07:10:46|vigor
triumphus|2018-08-02 09:46:51|consequatur|2025-06-24 03:00:20|verbum
vergo|2026-06-12 06:11:56|aegre|2023-04-06 01:29:36|sodalitas
casso|2022-12-27 05:34:15|approbo|2023-12-26 13:06:07|delibero
debilito|2023-01-10 20:22:07|atqui|2026-06-24 02:43:43|virgo
comminor|2021-11-08 08:11:39|coadunatio|2025-06-01 05:17:23|comprehendo
vivo|2024-10-23 17:12:52|arbitro|2024-05-06 19:28:18|speciosus
collum|2018-10-25 09:22:12|sint|2021-01-24 17:47:21|adicio
varietas|2018-08-01 15:11:13|thesis|2026-06-18 12:17:50|cupressus
alioqui|2021-03-24 18:52:51|cauda|2019-07-12 10:43:16|cognomen
cognomen|2025-03-01 09:59:56|verus|2017-10-03 16:51:03|cultellus
ater|2023-02-23 12:43:27|demonstro|2020-03-02 01:14:24|tres
repudiandae|2023-11-04 09:26:07|cubitum|2023-11-07 03:03:09|basium
defleo|2024-02-25 09:35:14|una|2022-05-12 11:27:30|copia
in|2021-01-10 07:10:04|amitto|2021-07-09 12:10:24|alii
viridis|2017-01-30 19:32:31|venustas|2024-04-26 14:56:42|curvo
villa|2023-11-24 07:53:08|administratio|2021-05-07 16:22:36|quidem
error|2019-06-26 03:48:35|vomito|2021-12-14 02:33:28|solium
vinitor|2023-01-16 18:02:32|spiritus|2018-03-20 06:09:12|tandem
copia|2016-10-04 07:04:40|tutamen|2021-08-09 04:01:47|deleo
vinculum|2018-03-25 16:24:42|crudelis|2017-07-13 03:53:03|cuius
cras|2021-10-07 08:14:35|arto|2024-12-17 15:24:35|credo
varius|2020-01-15 18:27:23|tero|2020-05-11 10:34:46|adipisci
tumultus|2026-06-14 18:29:53|cubo|2023-04-11 05:36:17|vere
apostolus|2025-08-08 17:46:15|ipsam|2025-11-21 05:51:21|cunae
crux|2016-10-06 12:45:13|succurro|2018-05-09 21:23:06|tubineus
bellum|2024-12-16 10:32:58|valetudo|2020-01-21 16:39:37|comedo
demonstro|2024-06-11 05:52:19|ceno|2021-10-18 19:45:32|vulpes
cubo|2024-10-13 14:51:13|trado|2024-11-02 02:19:10|sopor
cubicularis|2017-01-14 20:17:18|attero|2020-08-18 01:21:21|sollicito
tabesco|2026-01-08 20:58:38|degenero|2022-04-21 23:12:22|sperno
pectus|2022-03-28 17:02:19|collum|2021-04-16 18:40:18|corpus
optio|2017-08-20 07:31:22|magni|2019-03-26 13:55:14|cruciamentum
aperiam|2026-06-20 15:24:40|utor|2020-09-14 00:05:02|solus
saepe|2022-08-23 15:37:09|asperiores|2021-12-05 11:58:40|molestiae
ager|2021-12-06 17:44:38|arguo|2021-06-16 21:38:48|vergo
eos|2025-02-17 12:58:16|adipiscor|2025-12-26 19:51:25|stillicidium
asperiores|2023-08-29 23:22:12|animus|2016-12-15 23:35:30|placeat
virtus|2025-12-13 02:30:43|maiores|2016-12-19 11:40:45|victus
abbas|2025-09-18 21:18:42|cribro|2023-03-15 11:44:00|patior
denuncio|2019-11-16 18:17:26|cuppedia|2024-03-29 05:41:57|adicio
cimentarius|2022-12-23 06:43:36|vos|2023-12-09 22:21:47|dolor
coruscus|2025-02-24 10:04:51|incidunt|2019-12-05 20:58:57|delibero
thema|2023-05-02 13:06:34|collum|2019-06-17 01:59:14|apparatus
comprehendo|2021-01-23 21:35:16|solvo|2025-07-08 02:45:50|solio
sodalitas|2024-08-07 05:05:53|deleniti|2021-01-16 15:35:59|tepidus
vindico|2026-03-20 13:11:51|cunabula|2017-01-24 19:58:19|claro
absens|2024-04-08 21:06:43|arcesso|2023-01-21 04:41:52|quis
tero|2017-11-04 09:41:53|aequus|2026-01-29 22:40:17|aufero
officia|2023-08-24 03:26:55|stultus|2025-03-21 13:23:32|vinco
supellex|2025-01-06 07:38:23|vomer|2024-06-16 16:09:23|socius
utilis|2025-12-28 10:05:58|votum|2023-07-08 20:26:28|cum
ager|2026-07-02 23:57:03|cumque|2023-04-09 12:59:18|corroboro
adfero|2022-05-21 17:29:49|excepturi|2020-05-24 20:39:30|abscido
tepesco|2019-11-02 02:02:41|voluptatem|2025-02-26 13:32:30|tabernus
trado|2017-08-13 11:04:26|deduco|2019-08-29 11:40:29|spes
spiritus|2024-12-02 00:48:19|caput|2022-06-08 15:23:11|usus
tui|2018-12-30 08:06:17|alioqui|2021-08-20 10:27:04|concedo
adulatio|2019-11-02 18:21:21|alienus|2023-05-09 07:39:10|ceno
alienus|2025-02-25 02:24:04|maxime|2018-06-16 21:50:03|vesica
accommodo|2021-11-15 19:45:20|voco|2025-06-24 06:09:30|vado
calculus|2022-08-28 22:21:01|cavus|2022-01-30 09:40:37|caelum
depereo|2023-06-24 19:19:32|uberrime|2020-06-23 06:00:25|tepidus
trans|2023-11-10 06:57:16|aufero|2025-11-09 06:16:58|minus
admitto|2017-09-03 19:48:49|cultura|2017-12-11 19:02:43|dolorum
adicio|2024-07-27 00:42:06|damno|2024-02-17 23:34:12|tergiversatio
derideo|2022-06-22 16:20:31|defessus|2020-04-12 17:05:54|maiores
desipio|2023-05-17 08:08:09|terminatio|2018-04-15 14:38:47|aliqua
accusamus|2020-01-24 12:29:09|tabernus|2017-09-14 03:48:14|deprecator
optio|2016-09-22 23:37:55|commodi|2017-11-25 09:58:46|ventus
tollo|2016-12-12 13:12:53|sponte|2023-08-28 11:31:39|vorax
solvo|2021-03-17 01:26:11|amor|2026-05-05 04:01:29|taceo
cuius|2023-03-24 19:57:03|sollers|2023-08-11 15:43:09|defetiscor
villa|2022-09-29 06:15:50|tumultus|2023-02-16 01:53:19|color
ex|2022-11-15 10:11:58|tricesimus|2023-08-18 12:15:57|carpo
amplus|2026-06-12 15:32:21|usitas|2026-06-25 17:48:23|summopere
unus|2019-12-03 21:38:00|vestigium|2019-01-09 21:09:18|victoria
adopto|2017-03-12 10:17:25|derideo|2019-10-01 02:32:32|studio
aurum|2020-11-04 16:44:20|repellat|2026-04-24 09:06:53|curto
clamo|2017-01-26 21:14:30|sint|2020-10-10 06:45:46|vulticulus
comedo|2026-06-24 15:27:02|vos|2022-05-22 05:10:07|suspendo
distinctio|2023-06-06 12:28:30|aestas|2021-10-20 09:39:23|coniuratio
coepi|2022-03-26 05:08:25|quae|2023-10-18 10:55:47|voluptates
voluptatem|2026-03-20 05:17:08|video|2024-02-10 16:15:37|assumenda
crustulum|2021-12-15 00:02:50|autus|2022-10-17 13:45:38|terror
abbas|2025-06-28 17:00:08|tersus|2020-12-05 16:57:30|allatus
vulticulus|2025-05-23 03:44:56|terra|2023-05-10 07:26:04|cibus
aranea|2018-08-10 17:09:44|ater|2021-05-20 23:59:16|distinctio
audacia|2021-03-15 19:54:21|vinitor|2019-12-11 20:01:03|adnuo
spargo|2025-06-03 21:52:12|toties|2022-08-27 01:46:10|charisma
cuius|2017-08-05 16:52:52|voluntarius|2019-07-27 20:39:05|tabula
tego|2017-01-29 15:57:39|comes|2017-02-24 11:55:37|atque
angelus|2018-01-04 04:43:46|appello|2024-10-23 00:30:01|celer
curtus|2017-08-15 11:41:25|vicinus|2025-06-07 09:54:47|trucido
autem|2023-10-17 17:01:28|vulariter|2022-12-16 17:28:26|angulus
sublime|2022-08-18 19:30:53|ante|2018-09-09 00:10:17|eum
doloremque|2021-11-25 22:42:12|volva|2023-08-16 00:40:06|audio
studio|2017-04-27 21:13:36|coerceo|2016-10-14 20:14:05|crastinus
corona|2022-04-20 01:24:07|vigilo|2024-06-23 00:58:40|tabgo
vel|2023-03-17 03:37:40|capillus|2016-09-22 03:46:42|surculus
suscipio|2022-05-19 19:14:05|atque|2019-01-13 07:35:10|turba
tendo|2019-08-02 10:36:22|caute|2016-11-15 18:49:51|accusantium
depraedor|2023-07-26 09:39:22|viscus|2018-09-07 12:17:24|corrigo
ancilla|2018-06-26 08:42:28|somnus|2017-02-03 23:15:04|deinde
vivo|2022-09-24 09:11:12|accommodo|2024-05-01 11:29:22|tantum
bonus|2018-10-23 00:23:41|aureus|2021-10-10 17:55:25|cruentus
contigo|2016-11-16 04:31:01|tabella|2019-12-17 19:49:25|usitas
sustineo|2017-02-02 17:10:41|velum|2017-02-13 00:01:25|casus
cumque|2022-10-10 17:45:27|nemo|2024-05-14 17:33:16|vulgivagus
undique|2025-09-09 03:21:35|cetera|2020-04-19 12:05:38|sint
cupressus|2021-03-07 18:35:27|corroboro|2024-05-25 04:46:52|triduana
traho|2025-08-09 03:58:30|copia|2018-10-20 11:30:12|eligendi
minus|2023-11-17 14:22:32|adeo|2022-09-28 15:57:47|delectatio
cognomen|2025-07-17 08:53:19|tertius|2025-03-26 09:12:20|truculenter
hic|2019-06-02 18:06:11|veritatis|2021-11-08 01:51:39|capio
ipsa|2022-01-23 17:12:53|sto|2022-08-03 04:20:46|ulterius
error|2018-09-29 05:06:09|conforto|2018-12-15 20:15:44|basium
tracto|2019-01-16 19:54:33|conqueror|2020-05-03 17:42:11|vilicus
vacuus|2018-03-25 02:54:29|somnus|2025-08-24 21:23:45|subito
torqueo|2020-08-02 05:32:17|illum|2016-11-04 21:30:23|tantum
temeritas|2018-04-24 11:06:04|tardus|2020-05-12 04:19:17|ipsum
tres|2026-07-08 13:52:17|eligendi|2024-06-24 21:10:40|vestigium
sed|2021-04-05 06:22:28|comburo|2017-04-22 03:30:22|aer
apud|2019-03-15 18:32:50|dolores|2016-11-09 23:07:47|callide
ceno|2019-04-24 02:46:17|statim|2019-04-29 02:37:47|vinco
labore|2022-11-20 19:24:36|vix|2022-01-14 19:19:50|turbo
velit|2020-09-14 20:46:12|curto|2020-09-06 02:08:03|beneficium
ab|2023-10-20 05:59:27|animadverto|2022-06-08 03:34:20|absque
natus|2018-09-14 06:38:20|conscendo|2023-08-30 07:17:30|vilicus
summa|2023-07-29 06:44:54|amissio|2018-11-19 11:44:31|pectus
vulticulus|2017-11-08 12:13:36|clarus|2018-09-17 10:12:35|adsum
concedo|2023-02-20 15:21:18|acquiro|2021-12-11 03:43:16|suffragium
voveo|2026-03-05 17:41:54|distinctio|2022-05-29 01:59:36|tardus
vulnus|2020-04-29 19:30:29|templum|2018-06-28 12:42:55|communis
deduco|2020-05-16 17:32:08|voluptates|2020-01-22 04:48:04|doloremque
facere|2022-10-11 08:55:18|et|2017-12-13 15:00:51|victoria
amet|2019-01-29 14:17:48|eligendi|2021-02-04 22:12:50|vinco
nobis|2016-11-29 18:45:59|utroque|2019-02-09 14:47:05|rem
condico|2018-03-24 16:34:35|trucido|2024-07-05 10:35:54|distinctio
administratio|2025-04-15 00:23:00|ducimus|2026-06-29 00:24:35|creator
cupio|2019-12-26 09:03:42|omnis|2022-06-14 08:26:45|cruentus
validus|2025-02-24 16:29:21|atrox|2019-02-02 15:18:12|verus
beneficium|2023-07-09 17:40:16|summopere|2022-04-03 21:21:15|theatrum
est|2018-10-26 01:59:16|audacia|2018-01-16 09:23:18|sed
sapiente|2024-06-26 14:00:19|vita|2022-02-23 10:01:27|tui
argentum|2024-01-17 14:44:03|est|2024-11-19 14:31:21|valde
tempora|2023-03-20 08:12:42|necessitatibus|2025-06-29 15:54:41|copiose
thorax|2016-09-22 12:28:05|sustineo|2026-07-31 17:40:35|angelus
necessitatibus|2021-07-24 01:45:47|sumptus|2017-08-16 14:42:05|aestas
uter|2020-01-23 08:38:24|temperantia|2019-10-26 02:39:38|ultio
illum|2021-02-26 13:39:11|valde|2026-04-15 01:49:08|aspernatur
comis|2018-10-23 19:07:26|auditor|2016-12-02 20:26:46|terminatio
exercitationem|2016-10-24 09:06:27|demulceo|2017-07-27 05:29:00|tumultus
abutor|2022-01-26 09:23:53|depraedor|2024-10-24 00:24:29|bene
aranea|2022-10-04 02:30:28|deficio|2025-09-25 22:45:55|ustulo
valens|2018-10-07 19:49:15|cui|2025-06-10 09:24:07|tricesimus
deorsum|2019-04-10 18:27:43|tabula|2020-12-28 00:11:45|quos
titulus|2018-08-16 05:05:32|vilis|2017-06-23 23:56:16|adduco
contabesco|2025-10-26 05:01:37|totam|2017-09-11 15:10:49|ars
claro|2017-02-05 23:32:54|ars|2023-06-16 00:57:18|damnatio
nemo|2023-02-27 22:51:24|absque|2020-06-22 04:17:04|alius
avarus|2018-03-30 21:35:08|consuasor|2016-12-09 13:51:17|placeat
esse|2024-10-27 09:57:26|spiculum|2018-12-07 04:58:31|degenero
sunt|2026-08-04 16:07:30|perspiciatis|2023-12-31 03:33:06|arcesso
tantum|2023-11-15 13:20:19|stillicidium|2020-10-21 11:54:46|combibo
perspiciatis|2025-09-28 01:52:18|desino|2018-12-31 05:10:59|cinis
corrumpo|2017-07-19 12:38:10|umerus|2020-02-17 17:40:03|defendo
defleo|2025-05-05 19:15:38|attollo|2023-01-20 21:07:48|causa
fugit|2026-06-12 06:32:35|aperte|2021-06-29 05:09:17|cena
apostolus|2023-09-04 01:01:48|quis|2017-07-17 04:26:05|demergo
deleo|2017-10-13 18:47:25|collum|2018-08-14 01:27:49|atrocitas
cicuta|2017-01-03 15:24:16|creptio|2019-09-13 07:42:22|tamisium
turba|2020-12-28 08:09:55|atrocitas|2023-03-23 19:00:48|denique
aliquid|2019-10-19 23:01:15|turpis|2020-07-30 01:06:42|arma
debeo|2023-12-30 19:06:59|accusantium|2022-11-16 07:41:42|teres
uterque|2022-12-13 05:26:47|solium|2018-10-10 17:46:40|sopor
virgo|2023-01-19 14:45:42|tego|2019-07-16 19:04:15|conscendo
inflammatio|2022-02-10 06:25:36|ipsa|2020-11-17 02:53:14|vinitor
totus|2022-05-31 23:02:03|sodalitas|2019-05-17 20:46:09|cohibeo
repudiandae|2023-07-04 11:33:05|vulariter|2024-04-10 19:39:05|brevis
abstergo|2017-02-25 17:33:14|voluptas|2021-08-14 17:39:21|valens
fugiat|2025-02-28 08:51:28|vulnus|2026-07-02 16:47:01|alii
adopto|2018-06-30 22:08:13|vesica|2019-09-15 21:24:44|cupiditate
vomer|2026-07-25 08:35:18|amaritudo|2023-03-02 07:37:06|deleo
careo|2017-05-09 17:25:31|deorsum|2025-08-25 22:22:36|talis
amor|2021-03-08 21:44:18|tactus|2023-06-06 09:38:17|tactus
vetus|2024-01-10 18:41:41|ambitus|2024-08-24 00:33:23|contego
apud|2018-01-11 21:12:22|eveniet|2024-01-23 13:56:16|dolorem
uter|2023-02-22 15:46:37|artificiose|2026-04-29 22:21:51|cogito
facilis|2020-08-16 20:41:52|aestus|2018-09-25 11:18:43|sumo
studio|2021-07-20 05:53:28|communis|2021-04-24 01:41:57|ambitus
vociferor|2023-10-13 00:30:35|absconditus|2022-11-29 00:23:30|ceno
vir|2018-11-22 23:40:38|cupio|2022-07-01 22:41:47|eaque
brevis|2023-03-21 10:14:13|ubi|2019-09-24 21:24:39|advenio
aeternus|2024-11-17 09:48:11|temporibus|2022-08-20 09:17:30|admoneo
cotidie|2022-01-08 16:41:23|vulnero|2019-08-31 22:06:31|amitto
defleo|2019-03-24 07:07:10|audax|2025-10-26 06:23:42|vox
vulnero|2017-09-21 04:47:37|vix|2018-08-14 08:47:03|aveho
tener|2026-08-11 08:03:26|ascit|2020-08-08 13:35:42|congregatio
cibus|2017-10-31 00:45:43|desino|2022-08-28 19:46:06|aspicio
cunae|2022-10-31 13:15:00|ulterius|2026-02-19 00:34:29|villa
aeternus|2018-12-07 06:05:18|conculco|2023-03-24 21:17:50|argumentum
deludo|2016-11-09 20:08:07|caste|2022-08-09 22:49:53|antepono
quibusdam|2023-03-10 20:23:50|alius|2018-08-16 12:59:34|alveus
terra|2017-06-10 04:28:18|supellex|2020-03-01 02:56:05|ager
approbo|2022-01-09 23:08:38|dapifer|2021-07-09 12:57:22|infit
defero|2020-03-15 23:30:47|suadeo|2020-09-30 03:45:16|deputo
certus|2017-04-22 18:58:28|conculco|2025-10-04 22:39:30|considero
adaugeo|2021-05-27 06:07:16|nisi|2021-05-21 15:09:33|dicta
suffoco|2020-12-26 17:51:20|soleo|2024-08-22 07:01:17|tardus
crur|2017-03-29 15:01:01|aequitas|2018-12-04 13:19:19|tristis
ubi|2022-06-11 14:19:04|sub|2020-10-22 02:03:29|vita
vita|2022-09-14 21:07:33|molestias|2018-06-05 23:13:29|degero
apostolus|2025-08-19 11:14:19|ubi|2017-04-24 09:56:06|summa
adstringo|2018-02-28 22:40:54|commodi|2018-01-29 17:47:21|vilitas
vomer|2024-03-25 17:43:38|quibusdam|2020-07-03 00:28:58|vestrum
adhaero|2020-08-23 05:44:16|surculus|2024-06-04 03:21:15|degenero
alo|2016-11-10 10:44:20|creber|2017-12-07 12:45:31|cohors
audeo|2019-03-30 03:17:42|voveo|2026-03-27 13:44:02|cruciamentum
vester|2025-12-17 07:58:04|sequi|2021-02-15 02:36:37|validus
amitto|2023-08-10 03:32:39|aeternus|2023-09-10 04:50:56|amitto
thymum|2020-09-25 06:59:36|varius|2022-06-13 18:23:44|corrigo
circumvenio|2023-10-12 14:41:35|urbs|2021-02-17 16:02:30|eligendi
usitas|2018-08-05 12:07:52|undique|2022-01-13 00:30:40|ver
vomito|2024-03-10 22:23:12|ocer|2021-06-02 02:39:06|sustineo
vergo|2024-06-26 02:50:17|soluta|2021-07-13 15:49:57|vix
confero|2016-11-07 14:54:40|caecus|2020-03-29 04:04:34|caelum
una|2025-04-24 22:23:31|vere|2017-08-13 05:47:32|uterque
thermae|2025-02-01 15:47:09|aperte|2016-11-25 16:49:55|ulciscor
vulpes|2018-07-07 00:12:58|vomer|2025-09-27 05:28:45|tepesco
abeo|2025-01-09 00:00:14|autem|2020-07-11 12:51:09|tergum
vita|2017-03-12 12:21:12|ipsum|2018-06-06 05:09:47|canis
celo|2026-02-16 19:16:16|et|2026-08-01 23:54:40|minima
depereo|2016-09-14 18:55:52|cruciamentum|2018-03-27 09:07:03|suffragium
cupiditate|2016-11-12 03:20:35|color|2019-06-16 12:52:28|antea
crinis|2021-11-28 09:52:19|bibo|2025-10-20 00:56:45|apto
autem|2016-09-22 18:12:47|pectus|2024-02-26 00:20:14|depraedor
varietas|2017-01-21 09:10:54|decor|2021-08-24 04:06:31|collum
cruentus|2017-04-25 07:43:50|thermae|2023-08-05 01:41:33|defluo
aedificium|2023-05-31 21:22:25|synagoga|2018-06-25 04:13:18|vito
terreo|2018-12-18 20:06:38|demoror|2018-12-05 11:03:24|stips
claudeo|2022-02-02 07:31:56|quasi|2017-06-04 11:06:11|acquiro
non|2023-05-12 19:50:14|adipiscor|2020-10-29 12:39:28|dicta
celer|2025-06-08 19:48:05|suus|2017-10-11 19:10:21|tumultus
beatus|2021-05-09 05:07:27|absconditus|2017-10-29 08:14:08|suggero
cruciamentum|2022-09-14 23:00:52|aeternus|2024-11-17 07:27:09|careo
perspiciatis|2017-12-07 12:21:07|abutor|2020-11-20 10:20:56|appositus
vae|2025-01-15 11:02:16|iure|2019-11-11 12:18:25|corrigo
tripudio|2016-12-13 16:40:30|eos|2018-01-25 16:21:12|compello
vitium|2016-09-23 09:36:56|depono|2021-01-25 05:15:54|vicinus
argentum|2024-01-09 00:15:06|vos|2021-06-16 21:08:37|absconditus
decipio|2026-05-03 12:16:37|cauda|2021-12-11 09:20:17|super
voro|2019-05-24 08:31:52|custodia|2022-11-05 13:29:58|toties
sui|2020-04-03 21:37:55|terror|2024-12-03 11:01:09|clarus
aeneus|2022-09-21 17:37:22|amitto|2023-09-08 00:40:04|coepi
pecco|2026-07-27 05:39:51|corrigo|2022-05-18 20:03:05|contabesco
claustrum|2017-11-17 06:10:09|expedita|2022-11-08 05:29:16|deprecator
sursum|2024-05-27 09:53:21|veritas|2017-06-04 17:50:42|sodalitas
solio|2022-02-27 00:16:27|capitulus|2025-11-28 19:38:36|comes
corrumpo|2026-07-25 07:51:47|addo|2020-05-04 20:56:31|quisquam
caritas|2024-11-01 08:21:44|vomer|2019-09-26 12:58:02|subvenio
trans|2021-10-05 18:11:58|thesaurus|2021-02-18 23:23:38|excepturi
uxor|2019-10-23 14:19:51|provident|2022-01-15 15:27:20|defetiscor
absque|2023-12-24 00:50:50|colo|2020-07-04 10:10:58|stipes
cresco|2017-07-07 19:22:43|collum|2021-09-01 22:07:24|stips
decumbo|2019-09-22 01:36:36|barba|2019-01-09 11:27:40|auctus
expedita|2018-11-14 10:25:33|dapifer|2018-04-26 12:10:14|vox
voluptatum|2018-01-11 18:11:06|capitulus|2024-03-28 17:35:19|accedo
facilis|2017-07-26 22:21:44|vorago|2026-07-21 12:32:25|votum
dicta|2021-12-26 12:18:41|quibusdam|2021-08-04 09:50:11|carcer
tui|2018-11-27 17:50:26|suppellex|2018-07-15 01:49:26|cubitum
amoveo|2021-06-10 09:45:15|fuga|2018-09-18 19:10:54|vis
conculco|2019-10-01 02:59:39|tamisium|2019-12-25 08:18:30|vinitor
corrumpo|2021-05-27 01:25:42|aliquam|2019-07-23 16:15:40|denique
tibi|2017-05-04 22:31:10|caecus|2018-12-19 20:13:08|terga
arto|2021-09-28 23:55:47|velut|2017-01-14 12:03:25|corporis
repellat|2023-05-26 16:32:39|vir|2018-08-26 20:59:35|conspergo
tot|2026-09-06 10:05:51|culpo|2021-11-30 03:32:50|nihil
vere|2020-10-01 07:23:36|chirographum|2025-10-19 23:48:56|color
summa|2020-04-12 18:08:01|tabula|2023-03-09 01:02:15|sordeo
utrimque|2023-02-10 05:11:31|deleniti|2021-08-17 11:10:57|aequus
esse|2017-08-31 19:00:36|deludo|2025-10-03 19:16:02|acies
teneo|2018-12-14 05:07:40|tracto|2016-12-29 18:02:06|vero
magnam|2025-08-03 07:33:33|odit|2024-04-19 11:23:23|sopor
advenio|2025-08-27 18:16:25|consectetur|2016-12-13 21:09:13|commodi
in|2019-11-02 04:38:07|solio|2019-07-16 00:18:06|solum
absorbeo|2023-10-13 11:20:23|alienus|2018-02-12 01:15:09|vitae
consectetur|2020-06-28 09:08:58|vobis|2020-07-02 15:57:44|cogo
velit|2019-10-23 02:52:52|ullus|2018-10-15 15:28:18|depromo
maiores|2021-07-12 22:02:17|ullus|2019-04-03 18:45:49|consectetur
sodalitas|2020-11-25 09:38:24|appositus|2024-08-13 12:38:06|videlicet
adopto|2025-05-10 20:26:24|arbor|2023-01-30 22:37:21|curtus
venio|2025-03-12 01:12:55|vinum|2016-11-20 16:10:53|sustineo
compono|2018-07-28 01:31:08|corrigo|2021-01-30 04:05:17|volaticus
tibi|2026-06-27 17:40:39|ago|2018-10-23 13:52:36|calcar
ultio|2023-10-14 01:12:52|compono|2022-03-22 05:27:32|terra
animadverto|2018-05-13 17:31:36|animadverto|2019-03-18 05:39:50|tabesco
via|2018-07-08 08:22:26|corrumpo|2024-05-22 13:34:36|voluptatum
voco|2017-10-22 20:14:48|occaecati|2018-04-30 00:46:24|antiquus
talis|2018-06-14 03:30:07|odit|2023-09-28 06:09:17|valetudo
textus|2024-07-02 02:26:38|consuasor|2023-09-02 18:47:01|velit
amplexus|2016-11-11 18:01:24|defetiscor|2025-03-29 15:43:04|ver
odit|2020-09-26 07:26:56|vereor|2020-02-15 12:42:28|terror
correptius|2018-10-06 08:20:07|abduco|2023-03-14 00:41:58|carbo
tum|2019-11-10 17:18:10|spiritus|2025-07-31 16:03:27|valeo
dedecor|2019-06-10 11:24:00|calculus|2019-08-26 04:42:57|cena
amita|2023-03-26 17:40:45|compono|2017-11-17 19:10:42|confido
defungo|2021-10-13 12:52:37|ustilo|2018-01-12 03:03:59|blandior
illo|2019-05-13 08:58:36|corrigo|2019-09-05 05:04:21|vulticulus
nemo|2023-06-11 18:07:03|aestivus|2022-12-01 23:27:42|spes
somniculosus|2017-02-22 02:49:58|cupio|2026-02-16 17:23:51|nobis
vere|2019-03-24 04:24:35|accusator|2019-06-22 14:03:43|cur
demulceo|2017-08-26 23:05:57|tyrannus|2020-01-23 06:02:16|distinctio
terga|2024-02-09 09:15:44|et|2017-05-06 05:08:23|textor
aranea|2022-06-24 19:47:51|mollitia|2024-02-16 02:39:18|volutabrum
conspergo|2021-06-26 06:15:23|tunc|2022-01-14 05:31:11|thorax
comis|2023-04-18 23:16:16|sollers|2023-06-02 20:49:51|quaerat
odit|2025-07-23 11:21:40|omnis|2021-09-26 19:33:58|censura
contigo|2024-10-30 23:41:17|teres|2021-01-06 15:53:30|delicate
sum|2020-04-02 17:32:43|aggredior|2018-09-29 12:23:13|demum
amoveo|2018-10-16 21:16:39|demulceo|2026-07-22 01:45:26|bonus
aequus|2025-03-22 14:24:07|uberrime|2019-05-13 23:42:31|laboriosam
triumphus|2024-08-07 19:51:11|asporto|2024-11-22 01:22:41|acies
suasoria|2018-02-17 18:41:15|creta|2018-12-10 18:44:06|ventito
abduco|2024-01-14 18:36:11|perspiciatis|2022-10-23 21:05:01|cenaculum
aeneus|2018-02-26 04:57:33|modi|2024-03-03 22:21:13|numquam
apto|2022-12-17 16:14:24|textilis|2019-06-17 01:46:10|capillus
deludo|2019-06-28 21:45:36|ipsam|2023-02-02 11:21:41|tunc
talus|2016-11-06 16:38:01|defungo|2022-08-05 08:37:27|vulgo
perspiciatis|2023-06-07 12:33:41|surgo|2017-05-16 03:22:14|aegrotatio
aestas|2018-10-18 21:42:03|stultus|2018-06-28 10:59:11|uxor
deleo|2019-10-03 06:19:47|titulus|2025-09-09 14:27:22|correptius
tum|2025-06-13 22:28:47|demoror|2023-06-27 03:03:20|sollers
talis|2020-01-16 01:43:38|molestias|2025-04-18 04:32:05|summopere
varius|2019-11-03 02:12:26|asper|2019-08-22 11:22:46|aeternus
usitas|2024-11-15 04:25:38|arbitro|2018-03-18 13:28:20|adfero
via|2016-10-24 04:29:19|viriliter|2023-06-07 18:07:04|abscido
volo|2019-12-05 01:07:12|clamo|2021-12-26 19:55:45|architecto
cauda|2024-11-29 10:46:36|cunae|2026-03-17 10:10:21|amitto
reprehenderit|2020-04-25 22:48:19|vita|2022-05-01 08:06:45|arbustum
strues|2023-04-11 03:46:11|tametsi|2022-12-28 18:56:43|denuo
arto|2022-12-16 06:15:06|esse|2024-09-24 19:23:27|cetera
natus|2020-05-25 18:57:27|amplexus|2025-08-11 06:25:47|vilis
umquam|2020-11-30 21:36:12|sumo|2025-03-10 01:04:46|confugo
cotidie|2018-09-29 17:07:58|vomito|2020-12-21 02:47:11|adinventitias
qui|2017-12-05 18:12:46|depraedor|2020-11-30 08:29:53|aduro
tracto|2024-12-09 14:30:08|inventore|2019-03-13 03:17:37|condico
accedo|2026-03-28 16:19:11|cedo|2018-02-16 04:32:15|abscido
sollicito|2022-09-17 11:58:38|bestia|2024-07-15 19:04:28|abduco
anser|2025-08-18 10:41:22|debitis|2017-01-08 01:40:25|bestia
depopulo|2021-10-11 21:17:54|civitas|2017-09-08 08:49:06|villa
acervus|2017-05-14 01:20:04|speculum|2021-12-02 02:44:59|video
caveo|2026-01-31 03:11:25|spectaculum|2017-08-09 15:12:53|conservo
auctor|2020-02-02 12:29:56|expedita|2020-12-26 18:01:34|apto
decet|2018-05-25 03:18:09|aut|2025-11-06 13:17:07|admiratio
debitis|2025-11-21 01:31:33|est|2025-04-19 20:31:55|vinitor
tego|2019-11-16 15:50:00|absens|2021-08-30 00:52:19|utique
totidem|2022-04-25 12:52:40|cenaculum|2020-08-07 21:49:38|arguo
vigor|2017-12-31 17:39:21|venio|2025-03-04 08:45:42|suffragium
decretum|2018-06-06 00:46:46|corrumpo|2018-01-05 05:01:47|itaque
a|2023-10-04 19:44:47|ulterius|2021-05-24 14:55:08|cura
audio|2023-12-13 23:59:31|capto|2021-07-24 10:09:56|numquam
testimonium|2021-09-30 06:30:07|capillus|2023-03-22 04:30:56|vomito
tremo|2022-09-11 21:22:49|consuasor|2024-10-27 04:24:07|pariatur
sopor|2021-08-05 17:42:26|unde|2022-09-13 18:15:33|vomica
arca|2021-11-04 21:52:49|vestigium|2018-02-05 04:41:45|ter
vacuus|2021-07-19 19:17:07|ver|2021-07-15 18:49:06|clamo
vicinus|2017-09-11 03:55:14|pecto|2018-10-06 14:05:01|depereo
currus|2020-05-15 22:59:17|angulus|2022-05-19 09:53:11|desolo
alias|2017-02-16 18:40:38|soluta|2025-05-28 13:14:33|curo
sopor|2024-12-08 13:58:18|compello|2022-10-31 14:45:09|addo
color|2021-03-09 16:47:32|decens|2017-10-17 07:52:56|uredo
sollers|2022-11-03 09:54:45|claustrum|2020-03-12 04:59:36|adeo
eius|2017-11-22 06:03:34|crudelis|2025-06-18 21:00:32|annus
autem|2016-09-14 05:51:49|coepi|2023-03-12 02:12:38|textus
crustulum|2020-01-07 11:34:45|statua|2023-12-23 15:29:49|alias
thema|2017-05-31 00:06:38|ancilla|2022-02-14 10:36:27|constans
debeo|2020-06-21 07:23:03|tristis|2017-04-17 04:39:35|atque
ager|2026-07-25 13:01:56|usque|2021-12-28 10:38:04|creptio
dolores|2025-11-12 20:17:55|titulus|2026-04-03 22:21:46|corrumpo
tego|2025-04-02 10:12:54|territo|2024-05-03 10:28:11|vulariter
tres|2026-08-25 23:33:57|aggero|2020-10-19 09:32:02|atque
nemo|2022-10-09 18:49:33|aqua|2025-06-10 05:23:53|id
vulgaris|2021-04-26 18:18:27|creator|2022-06-14 18:46:31|cedo
vereor|2020-04-07 03:29:41|aedificium|2017-10-18 09:53:04|comedo
suffoco|2022-06-02 17:01:57|tergo|2019-08-08 04:37:26|depromo
dolorem|2020-09-12 02:15:14|angustus|2026-06-13 05:02:44|pectus
cohors|2024-10-14 01:51:18|somnus|2024-12-28 10:21:28|viduo
consequatur|2022-07-05 23:06:43|officia|2017-10-09 05:41:07|clam
cunctatio|2018-06-25 05:39:25|celebrer|2017-01-10 15:53:39|verecundia
at|2025-09-30 14:53:32|cena|2020-01-28 13:05:34|stella
spes|2022-09-20 23:34:43|tabula|2018-05-19 16:28:58|candidus
ad|2020-07-21 19:57:01|nulla|2016-10-23 10:36:19|deludo
substantia|2021-04-28 15:26:27|ipsam|2018-05-31 19:38:58|turbo
spero|2019-01-27 09:21:04|sol|2019-06-18 20:26:23|tyrannus
clamo|2024-04-30 01:39:12|caute|2018-03-12 06:26:58|abundans
utpote|2020-02-08 08:17:58|verumtamen|2022-11-22 06:41:12|cupressus
culpo|2025-04-24 03:45:33|facere|2022-03-20 16:41:02|curriculum
centum|2020-02-18 01:38:32|nisi|2025-07-29 01:32:29|beatae
crebro|2024-02-24 17:34:56|cursus|2020-11-27 05:28:39|defetiscor
a|2020-09-25 02:24:11|correptius|2016-12-02 08:58:44|voco
aurum|2018-09-06 16:27:20|terreo|2026-01-04 17:36:59|sint
nobis|2021-06-21 22:58:59|compono|2019-06-17 18:13:56|tendo
thymum|2021-02-08 15:21:06|ustulo|2021-03-10 14:26:55|vulticulus
deinde|2018-04-06 14:58:33|reprehenderit|2023-06-25 08:37:48|delectus
libero|2025-11-26 17:02:53|urbs|2026-01-20 12:20:02|peior
fugiat|2022-03-16 17:49:10|coaegresco|2023-01-19 13:00:00|thesaurus
demo|2025-07-12 15:46:47|peior|2018-04-30 20:55:44|derelinquo
cupressus|2023-11-14 23:51:39|fugit|2020-01-31 19:45:18|tersus
harum|2021-11-10 08:02:53|arcesso|2017-05-26 23:33:50|attero
aliquam|2017-08-17 19:10:52|vesica|2026-02-11 14:26:31|varius
teres|2022-05-24 04:13:37|sodalitas|2018-09-15 18:48:17|auctus
animus|2021-10-28 10:49:32|inflammatio|2017-03-08 20:26:32|provident
coruscus|2018-10-17 18:59:06|thorax|2024-04-06 20:03:26|sub
desparatus|2018-09-26 13:00:15|suus|2024-02-28 05:19:08|termes
tristis|2016-10-14 12:39:07|nostrum|2026-02-24 18:55:52|antiquus
velociter|2018-03-27 05:29:01|desolo|2019-12-01 02:33:06|canonicus
stella|2025-04-22 19:26:32|numquam|2018-08-02 14:22:12|contigo
tergum|2023-08-29 22:50:31|advoco|2019-04-12 02:34:21|ultio
caput|2016-09-11 21:13:32|omnis|2021-10-07 10:12:29|centum
correptius|2016-10-19 10:19:16|vae|2022-10-14 23:13:45|laborum
attollo|2024-09-13 05:47:33|dedecor|2020-01-08 14:41:30|temporibus
annus|2024-11-22 18:56:09|aureus|2024-10-25 01:00:34|subnecto
adnuo|2024-03-23 15:05:17|vere|2019-08-29 05:23:00|adduco
consequuntur|2022-08-16 17:03:01|vinitor|2026-06-07 08:10:14|tepidus
voluptatem|2022-07-02 21:32:09|depromo|2021-10-08 17:43:17|verecundia
custodia|2021-02-23 09:14:27|victus|2019-03-19 05:28:41|repellendus
nisi|2018-06-26 20:25:50|dignissimos|2022-11-01 16:46:05|cupio
temptatio|2017-10-05 11:12:54|anser|2019-09-21 06:04:27|vulnero
cresco|2023-06-14 18:56:56|viduo|2022-06-22 23:20:17|vindico
tam|2020-01-22 18:26:42|avarus|2022-05-08 20:24:46|cena
articulus|2021-07-26 09:08:32|beneficium|2018-12-28 23:51:20|stella
adhuc|2020-11-12 06:24:15|comitatus|2022-08-21 22:24:11|tremo
tollo|2017-01-05 10:29:57|stillicidium|2021-06-24 01:06:01|aurum
centum|2024-03-01 17:34:55|textilis|2019-02-08 01:47:40|carpo
dolorum|2022-03-27 09:56:01|tametsi|2016-09-24 22:41:37|truculenter
stipes|2024-02-16 14:25:53|benigne|2018-01-12 03:41:26|corporis
aliquam|2025-08-14 20:01:06|auxilium|2021-04-15 05:03:37|calco
surgo|2020-09-22 21:29:24|verecundia|2019-10-10 00:48:29|solus
patruus|2018-09-11 17:02:57|valeo|2024-03-15 06:24:51|theatrum
peior|2017-12-02 13:14:09|vallum|2023-07-09 01:52:08|callide
ter|2019-05-07 08:49:39|aliqua|2023-07-10 10:58:59|combibo
confugo|2024-10-07 07:32:18|spectaculum|2023-01-23 07:24:53|trans
atavus|2019-08-03 21:04:08|termes|2025-04-08 04:21:09|aro
carpo|2018-03-07 12:57:25|bis|2020-01-05 23:34:13|aegre
cunctatio|2023-06-05 18:33:36|allatus|2018-12-04 06:43:39|cibo
cupio|2017-11-13 19:34:56|cito|2018-09-05 01:49:45|coerceo
cedo|2019-05-31 06:08:38|talis|2022-05-14 09:00:06|corroboro
ulterius|2026-01-23 06:00:06|clibanus|2020-12-04 20:13:35|amitto
officia|2021-02-21 04:25:11|amet|2022-05-05 23:06:55|appono
volubilis|2021-02-10 01:10:15|torqueo|2024-06-13 15:22:00|libero
votum|2017-08-24 06:37:04|audio|2024-10-13 18:56:50|supplanto
vomito|2024-02-22 16:59:59|cohaero|2021-02-03 02:42:59|maiores
subseco|2020-10-27 09:44:28|minima|2022-01-23 10:48:51|suffoco
cuius|2025-04-14 03:13:26|caelestis|2017-11-11 12:43:11|minima
congregatio|2026-02-08 20:23:50|aspernatur|2021-12-25 04:12:07|coma
canonicus|2021-01-20 03:44:58|ventosus|2025-04-02 22:14:44|cubicularis
neque|2019-05-25 17:52:19|vel|2024-03-10 10:47:45|clarus
cubo|2019-07-13 19:41:14|aspernatur|2019-05-09 19:28:50|cubicularis
accommodo|2023-05-26 17:32:12|sublime|2017-03-07 05:38:10|ver
apto|2023-07-31 13:50:36|theca|2022-01-22 08:34:48|triduana
architecto|2025-04-30 01:16:39|cupio|2024-03-30 15:00:55|cubitum
statua|2020-04-08 02:07:08|vigilo|2018-12-31 16:37:14|consuasor
copia|2020-03-17 08:03:09|spiritus|2022-10-04 08:20:31|aggero
cattus|2024-02-17 04:05:20|clarus|2018-09-20 10:09:09|soleo
suadeo|2025-07-18 09:08:54|cado|2026-03-29 00:05:49|catena
sustineo|2019-08-28 18:31:16|aedificium|2026-06-21 16:23:36|aequus
teres|2025-11-22 01:42:25|credo|2026-07-28 18:53:15|truculenter
apto|2020-10-14 23:14:54|cedo|2025-09-21 02:13:56|similique
basium|2023-07-26 02:01:17|conculco|2020-12-25 01:51:08|depraedor
libero|2020-08-30 02:16:24|nam|2018-12-30 16:02:37|solus
cohors|2022-05-22 02:41:43|pecco|2021-11-18 03:55:11|utroque
tempore|2022-03-06 09:25:10|tristis|2025-10-02 14:06:52|incidunt
solium|2021-10-15 15:35:13|victus|2022-04-18 03:15:50|comminor
sufficio|2019-11-07 01:17:16|cultura|2026-06-09 19:56:23|eius
supplanto|2017-08-31 21:58:53|tero|2022-05-02 21:34:24|sunt
subnecto|2021-09-30 16:18:42|vestrum|2025-05-27 17:50:46|cibo
facilis|2024-07-19 04:55:34|conduco|2026-08-18 08:04:46|volubilis
absum|2026-03-14 08:57:39|adfectus|2024-01-02 04:42:16|nam
claustrum|2020-04-23 03:26:15|crebro|2021-03-07 00:36:29|suadeo
terra|2024-12-24 15:47:19|carcer|2017-09-25 20:06:20|enim
expedita|2020-11-02 21:59:04|audax|2024-01-31 10:20:53|caries
arbitro|2017-12-08 17:54:44|validus|2022-07-27 03:04:00|torrens
carus|2018-04-11 10:33:54|undique|2019-07-02 17:25:33|assumenda
cubitum|2023-03-14 09:33:39|totam|2022-12-04 06:08:58|corrumpo
speculum|2017-10-27 07:50:49|aurum|2024-02-01 14:50:06|ciminatio
supellex|2025-11-25 09:20:13|desolo|2019-09-15 13:19:18|contigo
denego|2019-09-06 04:12:51|speculum|2026-01-11 11:37:21|auditor
vespillo|2017-10-16 22:41:04|truculenter|2020-10-09 12:16:05|aestas
vomer|2017-08-20 12:18:30|deserunt|2025-05-27 10:06:55|bellicus
adduco|2020-11-01 14:33:25|beatae|2023-10-03 06:38:59|vestrum
alo|2019-01-27 21:35:55|verto|2019-02-24 06:13:45|aptus
acerbitas|2018-03-28 15:55:32|color|2021-05-25 08:51:59|ea
uter|2024-05-04 10:47:57|suppellex|2025-12-14 13:40:37|colligo
antiquus|2020-11-09 19:47:43|dolorum|2020-10-11 16:18:38|utique
somnus|2022-11-21 16:53:32|unde|2023-12-24 03:56:20|distinctio
degero|2018-11-17 06:31:33|defero|2021-04-10 07:52:12|vallum
utique|2023-07-07 16:23:47|valens|2020-03-11 05:52:27|aestivus
praesentium|2018-08-26 18:15:02|vis|2017-12-06 08:17:44|pax
astrum|2022-11-23 11:05:42|aperte|2017-08-04 20:38:02|cubitum
tabesco|2019-02-14 07:39:34|vulgaris|2024-04-22 17:22:44|comminor
validus|2020-03-20 06:16:57|alias|2024-04-01 12:37:57|solutio
vinculum|2026-07-04 16:47:32|usitas|2020-10-08 12:05:55|denique
et|2019-05-25 04:08:51|subseco|2018-12-28 04:09:08|bos
antea|2023-07-18 23:42:05|candidus|2022-11-13 19:32:26|assumenda
balbus|2019-03-23 01:37:55|universe|2020-02-21 20:42:39|censura
curatio|2020-05-01 22:12:14|vere|2017-12-02 19:55:35|culpo
capio|2023-11-28 22:48:44|absque|2023-06-29 00:11:53|recusandae
capto|2020-12-23 17:40:39|consectetur|2025-05-09 14:03:20|odit
trucido|2018-12-28 13:26:16|taceo|2026-08-29 06:57:35|thesis
speculum|2020-04-11 19:48:04|territo|2025-11-19 04:10:55|laborum
volutabrum|2019-01-31 23:04:24|vilitas|2021-09-16 10:51:04|blandior
campana|2019-09-12 13:04:53|delectatio|2024-11-02 16:38:27|tam
tres|2019-11-12 01:18:42|comprehendo|2023-07-29 11:31:53|deprecator
argumentum|2018-10-03 04:45:58|minima|2019-09-10 06:11:20|pauci
quibusdam|2021-11-08 22:47:58|ars|2023-03-21 05:33:55|vester
crudelis|2026-03-29 12:29:32|complectus|2023-04-28 03:59:28|admoneo
patruus|2019-01-21 12:47:07|admoveo|2017-08-09 08:45:30|depereo
cura|2021-11-24 09:47:41|demum|2024-01-16 20:32:37|aranea
consequatur|2021-08-06 08:36:39|claustrum|2023-08-19 19:26:45|turpis
sumo|2018-03-01 00:46:40|carbo|2024-11-25 20:35:23|claro
cohors|2022-07-05 23:37:57|vitae|2022-04-07 09:54:18|verbera
defendo|2025-12-24 04:17:49|amaritudo|2022-06-30 02:47:57|coerceo
comitatus|2020-04-09 02:59:59|canonicus|2020-06-21 16:46:29|verbera
vae|2019-09-21 10:21:17|tergeo|2020-06-06 01:50:30|aggredior
tergiversatio|2017-09-09 01:38:53|sortitus|2023-11-28 15:23:38|cultellus
suggero|2020-05-19 16:35:45|voveo|2018-08-15 20:55:32|acsi
acer|2026-06-15 07:48:15|damnatio|2023-09-01 22:08:15|reiciendis
adipiscor|2025-10-02 00:27:26|aveho|2021-12-08 01:50:34|tricesimus
dedecor|2023-09-03 22:42:34|decipio|2023-10-15 07:16:56|tabernus
corroboro|2024-06-26 06:35:15|molestiae|2017-05-15 05:26:38|audentia
tunc|2024-08-10 20:46:55|summa|2017-03-08 12:06:29|adhaero
arguo|2019-05-26 10:46:53|soluta|2026-01-02 13:09:08|utilis
quasi|2017-01-01 03:58:43|strues|2024-10-03 11:02:20|benevolentia
pel|2025-05-07 04:52:58|confugo|2020-10-12 10:20:08|vereor
aegrus|2023-02-13 10:00:56|cubitum|2016-10-11 07:23:43|voluptatum
vilis|2022-03-23 11:43:28|denuo|2024-01-06 00:33:35|maiores
auditor|2025-08-22 17:08:05|auctor|2022-07-26 15:35:25|confido
turbo|2018-08-23 11:19:05|ventito|2019-10-21 01:04:55|aranea
in|2020-01-19 16:02:17|dedecor|2022-12-28 23:07:27|conventus
adipiscor|2018-06-20 15:53:53|cedo|2024-06-03 04:17:14|utor
sponte|2021-01-20 16:44:42|talio|2025-06-02 01:45:40|conforto
abduco|2023-05-26 07:38:59|derideo|2022-01-19 05:57:25|atqui
carcer|2025-01-06 12:14:46|cognomen|2021-09-19 23:39:29|acsi
crudelis|2021-12-07 18:24:20|vomica|2024-11-30 22:44:22|crepusculum
alias|2025-03-30 23:46:24|numquam|2023-08-04 15:53:15|coadunatio
ocer|2025-03-07 01:27:11|certe|2025-12-10 22:35:01|tubineus
supplanto|2017-02-28 12:01:58|claustrum|2021-12-08 00:11:36|inventore
natus|2026-01-28 12:03:48|culpa|2019-05-15 14:24:24|clam
casso|2021-10-19 19:40:42|libero|2022-04-29 22:02:27|delibero
commodi|2020-03-13 03:36:32|video|2026-04-16 17:53:08|tamen
laudantium|2021-10-17 03:21:08|aestivus|2018-01-19 23:06:27|molestias
defendo|2025-11-15 11:40:43|est|2022-07-13 14:08:28|censura
explicabo|2021-04-17 05:42:07|absorbeo|2023-05-24 02:55:52|solutio
strues|2017-03-29 18:35:58|cresco|2021-12-05 08:01:18|corrupti
vox|2019-04-01 21:11:24|carbo|2022-11-28 01:39:11|territo
corpus|2019-11-06 15:22:23|tabernus|2017-08-19 18:33:54|subito
combibo|2019-06-08 18:33:10|cubo|2021-11-30 10:01:26|bis
bestia|2023-08-13 14:27:26|officia|2019-09-27 06:15:29|bene
ancilla|2018-03-24 18:19:37|admitto|2020-12-30 02:06:03|dapifer
turba|2020-07-02 12:31:02|substantia|2018-02-27 23:25:23|benigne
ambitus|2021-11-12 19:36:15|ceno|2024-08-13 04:25:47|arcus
decumbo|2022-01-01 03:30:33|tendo|2021-10-06 16:38:13|aequus
cunabula|2024-06-20 16:45:08|vitiosus|2019-02-24 01:04:35|somniculosus
concido|2019-02-07 19:35:59|hic|2020-07-22 05:00:58|sonitus
audentia|2026-04-20 10:36:18|sopor|2019-11-23 20:09:00|aureus
vero|2022-04-22 11:45:10|crustulum|2024-08-29 03:33:46|temptatio
aestas|2017-03-30 08:16:40|totidem|2021-02-14 14:42:38|auditor
iure|2022-02-06 06:05:41|nemo|2026-05-03 22:21:56|curtus
aperiam|2026-07-26 20:51:53|tolero|2019-08-14 04:49:50|vehemens
tego|2018-11-02 16:02:32|cedo|2024-02-27 02:06:31|corporis
creptio|2017-07-11 23:55:10|maxime|2022-06-09 23:56:59|quibusdam
conicio|2019-03-22 13:30:07|sponte|2020-08-19 21:13:32|arca
accommodo|2020-07-08 04:56:07|talio|2017-06-30 21:03:37|accusantium
crebro|2018-06-02 12:46:56|depulso|2019-08-20 00:14:53|adopto
umerus|2017-05-27 05:15:12|summisse|2023-08-15 04:49:45|vigilo
molestiae|2024-06-24 23:48:50|tergum|2020-09-02 15:19:59|numquam
strenuus|2023-06-15 05:44:14|magni|2024-01-01 09:03:38|terror
supellex|2020-03-01 10:40:35|appositus|2022-03-22 00:03:25|spectaculum
id|2024-07-04 23:41:42|cunctatio|2025-02-07 09:58:22|tunc
vicissitudo|2017-05-27 15:35:49|celer|2022-10-10 05:16:00|vorax
cernuus|2019-06-22 06:01:10|cubo|2018-07-29 23:17:52|tepidus
sono|2019-06-14 12:24:39|votum|2024-09-05 23:34:46|audio
trans|2024-12-06 07:08:05|clibanus|2024-05-17 16:12:42|repellendus
timor|2021-06-20 02:18:30|abundans|2021-08-17 05:29:09|vereor
angulus|2018-07-15 00:26:42|aer|2026-09-02 06:24:17|consequatur
civis|2026-06-25 21:15:06|sublime|2017-06-22 13:19:22|assumenda
demulceo|2024-03-04 19:55:20|peccatus|2017-01-29 12:13:17|ullam
capio|2016-10-29 16:39:32|suscipio|2025-02-25 02:21:56|tardus
coma|2021-09-21 13:45:08|vito|2021-09-27 15:46:06|argumentum
arbor|2023-06-18 21:49:19|audeo|2023-08-11 18:18:17|sollicito
defetiscor|2022-05-03 20:40:22|vitium|2021-01-25 16:03:46|comptus
subseco|2025-11-14 20:23:08|dolores|2019-05-11 17:14:47|utpote
tardus|2023-11-10 23:09:16|aequus|2018-09-07 21:00:58|ventus
pecco|2023-05-08 10:56:29|custodia|2023-06-13 23:57:25|clibanus
crepusculum|2021-12-15 11:48:32|deleo|2019-09-28 17:11:44|curto
deficio|2026-06-24 03:51:29|tamisium|2020-07-06 12:35:19|arbitro
dolores|2025-01-12 20:55:28|cinis|2024-11-27 08:01:52|adsuesco
curto|2019-07-11 09:34:11|subvenio|2017-01-22 22:12:42|recusandae
decipio|2026-07-31 00:25:53|accusator|2021-01-02 09:55:30|super
tamdiu|2019-10-09 06:02:51|astrum|2018-03-29 18:53:09|tabesco
denuncio|2021-06-24 16:21:54|blandior|2023-05-31 15:06:46|magni
adicio|2025-12-28 22:11:27|tyrannus|2019-11-10 19:47:31|vere
cibus|2026-05-30 18:03:24|doloribus|2026-04-08 21:45:45|dolor
teres|2023-04-16 11:58:02|admoneo|2023-09-12 18:06:49|animadverto
adopto|2021-02-10 19:40:24|uterque|2025-02-26 02:00:55|cupiditas
veritas|2022-03-26 05:36:00|uberrime|2019-08-31 06:55:44|titulus
uxor|2017-08-27 00:51:35|textilis|2021-03-01 22:10:56|turba
sufficio|2023-12-10 12:22:22|molestias|2023-03-09 23:06:13|defetiscor
cubitum|2025-02-03 04:52:44|degenero|2019-12-07 19:20:17|sono
cado|2017-12-19 20:42:36|quae|2023-07-04 10:02:39|adamo
pariatur|2020-02-11 06:21:33|addo|2024-06-18 10:37:40|asperiores
pecco|2022-12-23 21:34:43|spes|2020-05-27 19:08:14|corroboro
cena|2023-06-10 09:56:44|vos|2017-01-26 06:56:01|curso
abscido|2019-10-12 07:23:59|ustilo|2017-11-02 12:02:50|sordeo
calculus|2025-10-21 04:04:11|conscendo|2017-11-23 03:04:39|adicio
cuius|2017-12-21 15:59:23|demum|2019-11-03 13:34:52|spes
vilitas|2021-02-23 08:29:37|cotidie|2020-06-26 09:16:01|cras
claro|2026-01-15 21:44:39|curriculum|2026-02-03 13:16:59|nesciunt
admoneo|2018-09-01 04:14:00|et|2024-04-22 07:41:23|uter
ante|2019-02-23 02:58:04|voluptatum|2018-01-27 11:08:45|claustrum
voluptate|2022-01-19 07:17:50|super|2022-07-26 07:04:12|deinde
id|2024-04-09 00:47:51|testimonium|2024-04-04 00:11:14|turpis
tergum|2023-01-09 14:42:10|solium|2022-07-24 05:21:59|vinco
turbo|2022-07-06 01:09:34|usus|2022-03-28 15:41:21|aro
depono|2023-08-12 03:09:08|velum|2025-05-12 02:07:03|caritas
vesica|2021-08-28 23:05:39|comptus|2019-03-21 00:02:42|doloremque
sophismata|2023-05-24 02:02:58|accendo|2025-03-31 23:33:43|dedecor
molestias|2022-10-22 23:18:28|deorsum|2024-09-13 21:48:30|damnatio
voluptas|2025-12-04 04:26:39|repudiandae|2022-06-02 11:40:40|copia
abstergo|2020-09-18 13:31:28|aspernatur|2019-01-13 23:56:44|tracto
vesco|2021-03-05 02:40:50|validus|2019-01-12 09:35:07|aurum
autus|2021-04-17 10:06:03|civis|2025-10-16 05:46:43|abutor
pecus|2018-05-20 23:33:18|spoliatio|2017-11-21 03:00:28|ultra
abutor|2021-03-29 17:50:32|tot|2020-08-14 02:05:59|communis
verbera|2025-11-19 05:29:28|curis|2023-09-18 07:34:02|vester
veritas|2024-09-21 22:49:39|torrens|2019-08-16 22:54:28|supellex
somniculosus|2025-10-11 23:57:14|demitto|2018-04-27 04:04:33|fuga
catena|2021-04-22 05:13:07|conturbo|2026-07-09 19:27:42|custodia
thesis|2020-10-02 23:14:32|caelestis|2020-02-01 21:11:33|culpo
curia|2020-08-05 18:45:44|facere|2020-08-18 20:05:54|est
decor|2022-12-24 20:40:02|nulla|2016-11-13 19:37:18|velociter
canis|2026-04-02 07:31:33|utroque|2023-12-13 21:36:35|capto
benigne|2020-03-10 12:04:30|tendo|2025-03-12 07:57:34|congregatio
qui|2016-09-16 08:41:46|virga|2025-10-03 23:06:16|ubi
clibanus|2026-06-01 09:36:17|aliquam|2023-11-24 14:19:19|summa
possimus|2025-11-07 18:05:32|denique|2017-05-22 22:47:27|pel
amicitia|2023-01-23 08:17:35|aequitas|2021-11-30 22:41:40|comparo
volutabrum|2023-05-21 06:12:15|urbs|2022-08-23 02:18:20|somniculosus
coruscus|2020-09-12 00:33:31|suspendo|2025-06-08 21:57:16|debeo
contra|2019-03-14 18:11:40|argumentum|2022-01-29 18:16:01|theatrum
delicate|2025-01-18 13:39:40|suggero|2020-12-29 20:11:26|temeritas
patrocinor|2017-08-16 04:38:45|addo|2025-05-31 08:44:09|accusamus
decimus|2026-02-17 04:25:01|curtus|2024-09-16 21:21:10|cinis
comprehendo|2021-10-27 07:02:37|decet|2019-02-18 09:40:32|videlicet
vivo|2019-10-10 10:13:38|sono|2018-11-24 02:47:35|iusto
vehemens|2019-05-25 05:56:35|agnitio|2021-01-30 04:16:42|compello
id|2022-06-14 12:12:48|cometes|2025-04-22 21:56:12|adflicto
quisquam|2016-10-24 08:16:53|angulus|2022-02-11 23:15:12|tabgo
colo|2021-11-09 03:51:27|eveniet|2019-11-24 18:03:40|cum
commodi|2025-03-15 21:01:07|admoveo|2017-06-13 01:30:43|adflicto
clementia|2020-02-19 00:56:05|considero|2018-02-02 04:40:41|conatus
circumvenio|2020-12-01 18:09:11|arbor|2021-07-07 21:07:29|contra
spero|2016-11-16 15:47:52|vulnus|2025-11-07 04:11:14|ascisco
tametsi|2024-02-07 15:58:45|commodo|2020-08-26 04:32:15|stillicidium
sordeo|2017-05-11 12:44:20|aveho|2023-10-16 15:34:41|stillicidium
asper|2017-11-05 10:07:06|vivo|2019-01-22 16:13:16|temptatio
minus|2023-06-12 14:28:44|vito|2025-10-24 05:18:40|angelus
impedit|2023-01-27 09:32:59|solutio|2026-01-09 10:06:27|currus
alveus|2025-01-05 17:30:21|itaque|2017-01-12 10:11:02|acceptus
viduo|2017-06-11 22:32:20|ratione|2018-12-20 16:43:53|cado
texo|2020-10-08 23:39:02|apud|2019-12-15 12:27:03|candidus
confido|2016-12-25 17:08:28|acer|2019-05-17 15:42:32|auditor
aureus|2018-09-11 06:54:38|vicinus|2024-10-05 09:43:25|animus
tonsor|2024-02-24 12:17:46|suus|2021-06-01 18:13:30|umquam
beneficium|2018-08-24 05:21:01|vir|2023-09-05 02:55:51|tremo
denego|2021-03-22 22:59:50|stipes|2019-10-14 11:37:36|conventus
demulceo|2023-07-02 01:20:42|quisquam|2020-08-12 10:11:08|cornu
vester|2016-11-20 00:59:43|cura|2019-10-19 03:10:47|arcus
atqui|2024-03-22 14:13:01|totus|2019-02-02 14:18:54|suus
adamo|2017-02-05 09:14:57|thorax|2022-02-08 09:09:15|ex
surgo|2024-03-17 22:45:15|dedico|2021-03-28 17:55:17|vesco
creo|2017-04-16 17:15:12|pax|2026-04-22 16:39:17|aperio
reprehenderit|2019-03-15 20:28:52|angulus|2023-06-11 08:19:33|deduco
succurro|2020-05-22 16:40:41|voluptates|2019-06-06 13:34:36|sunt
vulnus|2020-07-04 03:13:21|in|2026-06-10 06:05:39|tui
substantia|2020-09-02 08:41:03|adiuvo|2023-05-27 03:50:21|videlicet
angustus|2016-12-16 23:24:09|delibero|2023-05-31 13:21:20|nisi
catena|2022-02-09 12:46:45|vulticulus|2023-11-19 09:13:42|tricesimus
esse|2022-12-26 21:15:04|cur|2017-05-08 19:32:57|usitas
sortitus|2017-01-10 21:16:14|volutabrum|2021-08-06 14:53:10|denuncio
cuppedia|2022-08-01 07:47:12|benevolentia|2023-11-17 19:43:05|dolores
abeo|2017-12-13 00:17:49|cado|2020-02-07 21:21:53|ultio
natus|2024-04-11 04:26:16|necessitatibus|2017-12-10 10:52:52|vulgaris
facere|2025-12-20 23:41:51|vestrum|2026-05-27 23:30:10|acceptus
subvenio|2017-09-22 10:47:21|provident|2026-02-17 06:11:57|tametsi
delinquo|2018-01-24 21:47:19|nemo|2022-09-18 12:51:13|adimpleo
acer|2025-06-23 11:51:48|sub|2023-02-18 08:04:54|aequitas
verecundia|2025-06-14 08:20:20|vestigium|2017-04-22 11:33:16|aegre
admiratio|2022-05-15 19:42:10|terror|2020-12-22 02:16:55|vicissitudo
aer|2025-01-05 03:58:42|vacuus|2025-07-11 08:25:02|sponte
baiulus|2023-01-01 18:17:50|aureus|2025-12-20 07:20:16|tersus
subnecto|2018-12-11 09:39:22|pel|2025-06-08 14:04:33|utor
solvo|2019-10-25 13:27:59|artificiose|2016-12-05 13:31:46|cuius
vilitas|2025-05-25 05:42:07|truculenter|2025-07-13 12:16:06|terror
tamquam|2025-11-18 20:21:55|recusandae|2024-07-28 07:43:24|approbo
tenax|2024-11-29 09:00:54|subvenio|2022-04-24 20:44:18|tenax
calcar|2025-02-28 15:46:50|curto|2023-08-16 13:13:01|accommodo
adinventitias|2025-06-11 21:00:59|vae|2022-11-15 10:59:18|adamo
sub|2025-10-26 22:19:16|defetiscor|2020-11-16 03:54:17|allatus
supplanto|2024-04-07 11:46:45|delinquo|2026-04-03 21:58:42|pariatur
video|2020-08-05 02:31:17|summa|2018-11-19 06:48:25|acervus
animus|2019-06-01 07:42:57|velum|2017-04-20 07:37:58|vulticulus
conventus|2021-04-01 18:57:18|demonstro|2024-12-05 01:53:24|cruciamentum
mollitia|2017-12-30 03:01:12|tracto|2025-03-23 12:46:18|aureus
vitae|2020-04-28 02:12:32|adnuo|2025-05-13 03:07:34|depereo
videlicet|2025-04-24 00:44:43|accendo|2019-08-06 02:02:46|vomica
doloremque|2019-10-13 16:59:52|nam|2019-02-22 05:39:34|suppono
administratio|2020-08-05 02:29:51|alo|2026-03-28 01:26:23|stabilis
capitulus|2025-08-02 09:08:50|cattus|2017-12-15 17:38:02|utilis
aureus|2020-05-17 04:02:17|suscipio|2020-01-05 16:29:12|ubi
theatrum|2018-10-28 10:32:45|animadverto|2022-05-10 11:13:57|amo
acervus|2026-05-29 06:57:23|vilitas|2017-12-13 21:35:14|casus
blandior|2017-08-02 06:44:46|valeo|2020-05-23 17:24:50|combibo
cursus|2019-08-19 01:02:25|derideo|2023-02-28 15:57:18|color
centum|2024-07-30 11:00:59|ratione|2022-02-12 03:02:11|amet
amiculum|2020-08-24 08:14:08|thymbra|2017-08-19 11:53:29|terminatio
vergo|2018-12-20 16:29:12|usus|2021-01-16 00:18:44|uterque
decens|2023-07-22 04:42:13|cattus|2023-07-24 05:22:02|tonsor
tutamen|2017-07-29 17:46:34|aedificium|2026-04-02 21:19:40|totidem
vestrum|2020-06-04 02:34:10|curatio|2023-06-08 13:35:59|victoria
basium|2017-04-14 20:32:07|sunt|2019-08-17 22:11:22|modi
deporto|2016-10-08 07:09:16|terra|2022-02-23 10:22:26|cui
claro|2017-12-07 05:16:39|expedita|2026-02-20 06:42:30|tibi
at|2018-08-10 05:33:36|valens|2020-04-02 03:24:19|certe
deporto|2024-12-25 05:31:22|tum|2017-07-30 21:09:48|vitium
curiositas|2018-12-20 18:05:55|decipio|2017-12-28 11:57:47|adinventitias
cunctatio|2020-04-14 13:50:32|caveo|2018-06-22 09:22:08|volaticus
cuius|2020-05-08 20:35:05|aggero|2020-05-14 18:27:45|sollers
ante|2020-04-16 17:19:09|ventosus|2025-02-06 23:18:35|capitulus
truculenter|2026-08-21 15:42:58|sollers|2025-11-18 11:20:26|tot
aut|2018-02-02 15:30:38|creo|2019-03-13 13:40:04|tempus
cernuus|2024-01-23 03:07:46|claro|2020-01-20 20:30:05|baiulus
patria|2026-03-02 15:30:48|vesco|2024-12-12 23:24:16|aurum
tepesco|2023-10-01 08:15:53|arguo|2019-03-23 13:35:15|subnecto
neque|2021-01-21 23:08:05|coaegresco|2020-12-29 21:52:33|vulticulus
minima|2019-08-31 07:09:19|pel|2024-01-25 19:38:10|beneficium
pauper|2018-12-18 00:44:02|volubilis|2019-07-19 00:25:40|crinis
theatrum|2020-11-08 17:55:50|sophismata|2024-05-23 01:53:37|cupiditate
numquam|2021-05-06 05:04:48|sonitus|2026-05-15 23:41:07|vulgaris
tantillus|2023-01-18 15:17:53|tunc|2026-08-15 21:03:53|porro
vis|2024-11-08 01:33:33|cenaculum|2019-10-16 03:08:50|defetiscor
vestigium|2019-08-30 04:43:44|cenaculum|2021-02-21 11:47:16|est
traho|2016-09-18 10:37:49|excepturi|2023-06-06 07:23:26|corroboro
tabgo|2018-11-21 04:39:33|aqua|2024-08-18 05:35:04|antiquus
caute|2024-12-22 15:53:16|astrum|2020-10-14 17:28:00|minus
advoco|2016-10-04 02:08:45|tumultus|2024-01-17 11:55:34|caries
capillus|2023-03-04 17:49:49|defetiscor|2024-12-30 04:22:56|cultura
cenaculum|2017-08-30 14:57:15|desino|2020-07-12 12:14:19|totidem
aut|2025-08-26 17:16:52|agnosco|2017-12-03 04:09:32|curtus
ulciscor|2020-07-24 16:38:11|animi|2021-07-03 00:17:03|astrum
sum|2024-03-19 06:07:58|cilicium|2024-10-20 19:51:01|dens
ciminatio|2026-03-23 16:13:21|valeo|2017-11-17 03:09:59|cur
uxor|2017-06-25 14:09:50|civitas|2021-06-25 01:32:33|amplexus
audacia|2017-03-04 06:41:24|volaticus|2016-12-30 02:59:05|varietas
accedo|2023-09-13 22:26:39|id|2019-09-20 14:43:20|constans
arcesso|2021-02-17 07:52:15|cavus|2024-07-24 09:51:30|quam
conatus|2020-07-13 21:09:27|corrumpo|2016-11-20 21:10:57|pauci
advenio|2020-09-12 00:58:09|clam|2023-10-13 10:11:18|temeritas
speciosus|2023-01-10 13:13:30|astrum|2026-03-02 08:30:46|patrocinor
tempora|2019-03-24 05:38:59|libero|2023-07-25 07:59:40|temeritas
praesentium|2025-09-27 22:59:42|voluptatum|2018-12-03 17:50:56|cattus
censura|2021-08-16 01:31:39|quam|2018-08-03 07:53:23|recusandae
amicitia|2025-04-29 02:34:58|maiores|2022-08-06 15:19:14|aegrus
tracto|2025-08-14 04:42:12|veritas|2019-06-18 03:05:21|vesper
absque|2024-05-08 03:13:27|volutabrum|2017-03-20 03:52:46|varietas
vinum|2023-07-25 05:39:52|sollers|2023-07-07 01:13:10|vociferor
truculenter|2025-06-02 23:18:33|decerno|2026-08-08 06:12:32|catena
cultellus|2017-04-03 03:51:01|ultio|2023-06-25 17:21:22|arma
celer|2024-06-10 04:46:38|delibero|2020-06-21 18:38:16|cattus
summa|2020-09-22 12:31:29|omnis|2021-07-25 02:44:58|voluptas
contra|2024-12-20 00:14:22|coniuratio|2024-02-07 09:22:13|patruus
arcus|2019-09-08 00:59:12|porro|2024-08-13 21:27:06|suffoco
congregatio|2018-03-01 22:34:42|celebrer|2018-10-10 16:22:51|defleo
amitto|2023-07-06 14:39:39|facere|2025-12-22 20:14:05|solus
adeo|2017-08-02 23:03:28|confugo|2020-03-24 22:44:51|dolorum
deorsum|2025-10-05 10:47:39|adfero|2018-06-28 05:11:21|crapula
summa|2023-10-16 02:46:40|nihil|2025-01-14 04:21:41|magni