paciente_id|med_cd|fechainicio_med_dt|fechafin_med_dt
beatus|tepesco|2023-11-21 18:35:50|2026-09-06 14:36:31
terga|video|2024-12-06 22:50:17|2020-06-07 21:38:15
tenus|sit|2018-03-11 08:59:29|2020-05-20 05:10:56
adnuo|vita|2020-02-24 04:17:32|2022-02-20 22:57:53
molestias|turba|2025-12-17 16:18:19|2019-09-08 11:06:36
aggredior|avaritia|2017-02-27 17:17:48|2020-06-01 00:31:14
theca|alo|2021-01-13 22:23:39|2016-10-27 23:22:26
chirographum|tergeo|2020-03-17 00:11:51|2020-04-14 05:09:36
abutor|cattus|2020-01-26 05:55:50|2024-05-08 08:32:28
vobis|agnitio|2018-01-29 12:11:34|2024-09-12 17:51:40
canis|umerus|2017-03-17 11:03:50|2024-11-28 05:00:36
quidem|temporibus|2018-03-22 21:35:48|2016-10-02 10:25:22
asporto|caveo|2021-04-18 09:56:28|2022-11-20 13:48:07
amplitudo|terreo|2019-12-17 05:28:29|2024-07-13 16:48:57
cito|placeat|2023-03-23 12:58:59|2023-03-28 20:42:24
vulnus|arto|2022-07-03 07:34:30|2022-09-12 01:31:29
culpo|comminor|2024-09-28 09:13:24|2023-08-26 21:33:56
magnam|abduco|2024-11-04 16:59:20|2025-02-07 02:34:43
despecto|succedo|2018-07-13 02:58:40|2018-09-20 23:23:15
carpo|vir|2018-04-20 00:08:32|2019-03-03 22:39:15
appono|varietas|2018-11-24 23:16:06|2019-05-19 23:57:31
sustineo|censura|2019-10-07 19:58:57|2017-12-04 16:31:11
dolor|delicate|2021-12-19 19:00:20|2017-06-27 21:19:39
summopere|minus|2019-06-23 11:52:41|2016-10-09 02:01:13
consuasor|aer|2020-04-22 21:55:12|2018-12-09 14:40:03
benevolentia|quia|2025-01-18 11:57:30|2018-07-14 19:23:03
tener|summisse|2019-11-14 22:29:53|2017-05-09 09:42:13
cunctatio|reprehenderit|2022-07-18 16:06:57|2023-03-24 04:59:10
vehemens|corporis|2018-11-19 07:36:31|2021-04-08 23:41:56
conforto|comburo|2017-09-23 01:15:05|2025-03-08 23:39:38
ullam|umerus|2022-01-13 23:24:31|2025-09-17 03:03:57
sonitus|apto|2023-04-20 18:22:09|2025-04-26 08:24:43
acceptus|tres|2021-10-23 09:36:21|2019-12-19 08:39:31
illum|cariosus|2026-08-10 14:32:36|2019-10-18 01:38:30
utique|tametsi|2026-04-04 17:24:12|2022-11-18 21:53:54
spoliatio|sum|2019-03-11 23:27:13|2019-08-28 23:24:33
conatus|creber|2018-12-11 03:20:33|2018-07-16 23:52:52
ventosus|circumvenio|2023-12-31 18:01:07|2021-04-11 15:11:38
dicta|teneo|2018-06-16 08:52:36|2020-02-17 00:34:51
demoror|decet|2019-10-09 05:24:51|2024-06-07 04:38:50
caelum|acceptus|2024-10-12 09:57:56|2018-12-08 08:22:05
bellum|conservo|2022-04-18 19:34:03|2021-08-20 05:56:43
cum|color|2019-01-05 19:26:01|2019-10-18 08:36:01
cribro|curvo|2024-09-06 20:00:05|2018-01-17 03:55:52
aetas|caelum|2022-05-09 00:47:48|2024-11-26 01:58:36
studio|uterque|2024-07-11 23:16:49|2024-06-25 18:28:53
tametsi|solitudo|2021-04-30 05:00:14|2025-04-20 07:27:18
aureus|tardus|2022-07-13 18:42:46|2018-05-09 18:27:35
capio|volaticus|2019-08-30 15:33:06|2025-08-30 06:34:26
vetus|denique|2021-08-17 01:59:01|2024-02-14 10:13:11
terebro|sperno|2025-06-06 19:21:46|2022-09-19 06:42:46
tener|tonsor|2017-05-16 08:24:38|2019-11-23 11:44:07
turbo|tunc|2024-11-22 15:24:16|2017-06-30 00:34:29
desparatus|artificiose|2020-05-01 07:36:06|2018-12-14 00:46:01
similique|nihil|2019-08-29 23:41:36|2021-08-01 19:21:47
corroboro|sum|2020-07-01 05:26:33|2019-04-11 22:52:11
aestus|vix|2021-10-24 07:42:01|2023-04-06 04:44:35
depono|caput|2017-06-28 00:03:05|2017-10-01 19:08:43
canto|cubo|2020-04-10 05:30:45|2022-03-19 09:17:16
causa|caritas|2018-12-31 04:18:00|2019-04-23 03:20:20
ara|autus|2017-09-06 12:27:49|2019-09-04 11:37:31
cur|veniam|2019-04-05 02:47:58|2017-05-05 00:03:08
patrocinor|vehemens|2025-09-18 20:09:02|2019-07-15 21:08:20
antiquus|ubi|2026-05-12 22:10:32|2025-03-30 14:55:13
umerus|administratio|2017-02-19 06:33:15|2020-10-18 05:05:07
itaque|vilitas|2020-02-29 04:44:01|2018-11-20 07:18:24
tot|sollers|2022-02-08 04:27:08|2017-08-12 02:18:47
deleo|totam|2022-08-02 15:20:40|2025-08-09 16:19:42
uter|attollo|2020-02-11 11:42:19|2018-07-02 20:39:44
utor|subnecto|2025-03-19 10:52:28|2023-05-30 13:19:33
abscido|virga|2018-04-26 05:14:12|2021-02-03 16:45:09
enim|deserunt|2021-07-27 12:51:46|2025-08-23 05:17:30
coruscus|custodia|2025-01-18 17:50:08|2022-11-24 08:50:27
adipisci|carus|2020-01-19 07:44:57|2020-10-29 08:47:00
bellicus|deporto|2019-12-05 22:37:20|2026-08-04 21:49:56
cui|pel|2022-10-27 14:32:35|2022-09-28 22:28:15
sollers|veritas|2024-05-25 11:45:49|2020-08-26 04:46:07
pecto|utrum|2026-08-31 10:36:18|2022-04-15 09:50:18
depulso|cibo|2021-09-04 21:26:52|2022-04-29 04:14:33
crepusculum|tabgo|2026-07-27 23:45:11|2019-07-05 05:41:44
amor|ultra|2017-04-07 07:23:52|2025-08-07 11:45:43
cunae|deludo|2024-06-25 17:50:26|2017-04-27 08:30:05
cibo|tredecim|2024-02-08 12:00:01|2016-12-29 05:18:53
valeo|abeo|2020-01-02 07:08:21|2017-05-30 07:06:18
carmen|velum|2019-12-22 07:42:47|2025-01-30 23:11:05
vacuus|aeneus|2020-06-14 07:07:52|2020-02-12 11:32:55
subvenio|anser|2019-05-01 07:51:32|2022-04-27 20:46:06
socius|tabesco|2024-08-14 09:15:56|2025-04-03 23:56:18
spiritus|corrigo|2018-11-29 18:05:07|2025-02-12 02:04:11
adstringo|tamquam|2026-01-18 15:04:21|2023-02-12 11:34:36
conduco|adduco|2021-04-22 22:56:03|2022-06-14 05:28:29
accendo|amoveo|2020-09-23 11:02:15|2026-08-08 10:57:21
convoco|calculus|2018-06-08 00:49:20|2020-06-02 10:07:07
cruentus|denego|2024-09-11 10:33:03|2020-03-11 13:35:16
thalassinus|cervus|2021-06-28 10:23:38|2018-07-24 11:13:00
alioqui|sumo|2019-06-12 13:51:12|2025-06-07 19:29:46
voveo|vesco|2019-08-13 01:12:48|2020-10-26 08:06:20
conor|tunc|2025-11-07 05:36:49|2022-11-08 13:46:33
tonsor|usitas|2026-06-23 16:15:15|2022-04-19 19:04:38
tum|soluta|2022-09-20 12:51:01|2023-09-30 03:16:03
suffoco|templum|2020-06-07 14:21:26|2019-02-19 17:20:25
tenuis|vulticulus|2018-08-05 07:02:25|2018-05-15 11:31:55
delibero|summa|2018-10-05 09:32:50|2019-05-10 12:08:16
curia|bellicus|2024-07-02 13:54:09|2020-10-06 09:22:38
victoria|suffragium|2019-03-30 22:52:18|2018-03-28 00:08:15
cogito|abutor|2022-01-05 02:15:42|2019-07-23 01:34:31
conventus|ventus|2025-01-14 06:21:24|2021-03-21 22:42:26
tandem|candidus|2019-05-11 20:32:17|2025-01-24 03:11:59
torqueo|spiritus|2019-05-01 03:58:16|2017-05-22 13:29:51
demoror|contigo|2023-02-26 20:41:38|2017-07-29 03:50:14
cursus|tempora|2018-06-05 04:40:03|2019-02-18 17:40:41
vomito|deprecator|2022-11-10 19:02:17|2023-12-31 03:14:59
caries|doloribus|2021-06-07 06:48:53|2018-06-16 20:15:30
vitium|tendo|2020-03-17 17:54:38|2020-02-10 18:13:13
accusamus|culpa|2024-10-18 16:03:23|2017-07-30 14:59:51
conduco|copiose|2025-09-06 21:52:46|2021-05-11 08:06:56
cunabula|reprehenderit|2023-02-19 19:07:10|2025-11-13 16:44:27
vesper|territo|2020-10-26 20:03:36|2016-12-06 05:13:28
antiquus|audentia|2023-12-15 18:12:51|2022-04-10 16:00:21
alius|verus|2025-01-04 03:01:20|2018-07-29 20:25:38
admitto|admoveo|2023-05-19 22:29:05|2026-06-27 16:10:50
succurro|valeo|2019-03-02 02:09:39|2022-08-31 08:29:04
constans|enim|2024-12-15 11:49:13|2018-05-03 00:52:28
cometes|adsum|2019-05-24 19:03:22|2016-12-27 17:11:59
textus|verto|2017-12-06 19:18:39|2023-11-09 04:22:10
deserunt|suasoria|2020-01-11 07:59:14|2025-04-03 01:37:45
subnecto|solium|2023-08-06 20:01:10|2017-11-25 15:47:49
absum|caelestis|2026-08-16 00:24:32|2024-12-23 22:39:41
territo|curtus|2022-04-01 18:17:17|2017-02-25 21:39:29
cubo|labore|2026-08-10 07:35:54|2018-12-09 22:14:03
solum|contigo|2026-02-28 13:10:05|2026-05-24 15:30:54
terra|celebrer|2021-03-01 03:29:05|2026-02-27 07:40:24
demoror|tero|2020-05-07 03:36:17|2020-09-02 05:19:38
volaticus|cauda|2017-10-15 04:33:46|2023-02-20 23:48:33
demens|substantia|2017-08-12 22:48:32|2022-09-17 18:15:32
totam|ducimus|2017-06-10 06:22:50|2017-01-16 11:49:28
artificiose|caries|2023-10-07 10:22:40|2025-09-05 16:21:08
defendo|cum|2021-04-16 01:05:00|2022-04-20 12:24:39
videlicet|vetus|2017-01-25 14:45:23|2018-09-22 00:11:42
minus|colligo|2025-03-01 07:24:39|2026-05-26 22:09:22
amicitia|congregatio|2023-10-31 18:09:39|2020-04-08 06:29:44
audentia|porro|2019-07-24 16:04:36|2020-11-12 04:33:08
curvo|balbus|2024-11-21 10:33:29|2020-04-02 20:02:12
veritas|tertius|2020-03-06 15:27:28|2026-01-22 19:37:42
nam|vulgo|2018-12-14 05:03:18|2021-04-06 01:14:33
communis|varietas|2024-08-08 14:13:09|2018-08-18 07:35:52
verbum|demitto|2022-11-25 23:30:08|2025-08-16 07:44:39
cumque|cupiditas|2020-08-06 19:33:23|2022-10-22 09:45:18
aspernatur|peccatus|2017-04-10 23:24:17|2019-06-20 21:50:23
triduana|degenero|2018-06-26 11:13:00|2023-05-07 00:24:37
vaco|accendo|2021-08-23 10:07:58|2020-01-20 06:35:38
aestivus|stabilis|2017-11-29 15:53:23|2021-12-09 09:26:32
vero|modi|2026-08-01 00:27:03|2020-07-20 19:27:44
tredecim|vaco|2017-03-27 08:31:13|2022-05-27 23:37:18
pel|volutabrum|2022-03-09 10:07:14|2022-05-18 21:17:06
arma|delectatio|2024-12-14 11:27:07|2023-04-12 13:44:16
aequitas|vitiosus|2024-03-13 18:08:01|2018-10-03 11:54:12
arto|optio|2025-06-17 05:25:03|2019-07-07 00:59:04
annus|explicabo|2016-11-08 01:03:09|2018-03-22 17:35:40
cohors|crinis|2023-05-07 20:10:35|2024-10-26 13:05:53
accusator|curo|2019-03-08 21:44:43|2022-12-02 15:07:03
trans|usus|2023-08-29 08:53:57|2023-12-17 03:51:27
creptio|cribro|2023-02-05 16:21:12|2016-10-21 03:56:54
adamo|eligendi|2019-02-24 09:11:35|2021-04-28 05:23:39
arcesso|uredo|2024-04-10 16:29:24|2017-11-17 21:43:51
degusto|stella|2022-04-19 20:05:50|2019-03-29 04:39:02
xiphias|confido|2022-07-19 02:49:41|2026-08-26 13:09:59
atrox|voluptatibus|2023-07-25 06:13:19|2023-10-13 20:43:40
vinculum|velut|2017-07-14 11:10:39|2016-10-29 01:27:35
advenio|ambitus|2021-10-11 10:50:09|2025-06-28 06:21:23
colo|adsuesco|2022-10-06 22:41:41|2023-01-03 19:46:11
attollo|suscipit|2020-03-07 21:47:54|2019-03-12 11:55:47
altus|suffragium|2025-08-23 11:21:19|2018-12-13 19:48:37
architecto|sumptus|2025-04-01 19:49:53|2018-06-23 03:38:55
aedificium|ambitus|2021-09-12 04:41:28|2022-06-12 18:35:55
utrum|xiphias|2019-03-21 14:15:55|2026-07-15 02:05:58
videlicet|cultellus|2021-11-25 04:43:38|2026-01-21 08:00:26
caput|tendo|2020-10-29 21:54:41|2020-10-13 01:12:11
tantum|defero|2019-12-31 16:20:23|2026-02-18 10:30:25
thesaurus|spes|2020-12-09 17:24:58|2024-03-24 11:33:50
tremo|ventus|2022-05-30 04:00:35|2025-08-01 06:56:12
demitto|voluptas|2023-06-10 16:19:26|2026-09-07 23:33:50
coepi|tergeo|2023-01-08 09:01:35|2022-01-02 22:30:08
tabernus|contra|2025-04-27 04:05:59|2021-12-05 13:48:10
altus|aggero|2021-05-05 18:08:36|2019-05-16 15:38:01
sollers|adhuc|2025-01-15 13:37:52|2019-04-06 22:53:54
subseco|conturbo|2022-11-12 21:00:39|2016-10-02 08:04:30
ab|laboriosam|2021-12-20 12:28:12|2019-09-12 05:08:50
dicta|deporto|2026-06-11 00:40:23|2021-09-23 10:50:53
venia|tamen|2022-09-28 02:21:15|2019-05-21 03:34:39
cura|abbas|2019-06-18 03:24:28|2021-07-08 01:03:56
velum|clam|2020-10-01 19:52:51|2018-12-14 03:11:18
deserunt|ars|2025-07-23 14:35:49|2018-07-01 04:30:30
eius|deinde|2020-11-14 09:56:31|2021-01-08 10:17:57
vitae|bellum|2018-03-11 09:58:23|2017-10-10 13:53:47
congregatio|vulgo|2016-10-31 23:15:22|2023-09-15 03:47:48
voco|vobis|2022-08-10 19:37:33|2025-04-05 04:23:01
acidus|assumenda|2018-09-26 22:43:08|2020-08-25 21:33:10
agnitio|conduco|2025-12-12 20:04:36|2025-07-05 18:26:16
antea|subiungo|2018-04-27 01:06:40|2024-06-06 00:18:00
aggero|ventito|2018-08-26 09:35:25|2017-12-24 00:29:52
crudelis|cetera|2023-03-11 08:31:04|2025-08-22 11:58:38
decimus|amplexus|2023-02-18 08:17:16|2025-08-15 18:47:31
voveo|sum|2018-10-29 10:03:46|2021-07-03 06:15:41
adamo|architecto|2019-01-02 02:36:42|2019-04-29 18:01:19
denique|uredo|2024-07-22 09:42:40|2018-08-14 19:18:20
triduana|ultra|2016-12-27 20:29:47|2019-12-05 05:07:30
admitto|aestus|2022-07-26 02:42:26|2022-01-21 20:13:02
corroboro|dolorum|2019-04-16 06:44:55|2023-06-19 23:59:22
vigilo|molestias|2022-11-07 16:05:43|2019-04-08 01:36:42
urbanus|abundans|2026-03-26 20:10:05|2025-01-11 04:55:25
conturbo|coaegresco|2025-01-15 15:25:44|2020-12-26 15:55:10
deleniti|deorsum|2017-01-20 12:40:15|2024-04-03 02:39:42
arca|illo|2017-06-10 17:22:39|2022-05-04 16:59:24
benigne|facilis|2021-07-28 20:10:06|2017-05-17 00:59:47
terebro|uterque|2025-06-26 05:12:17|2024-03-29 18:24:49
vorax|delicate|2025-04-16 17:51:43|2017-01-14 16:28:20
vae|basium|2023-03-02 09:39:36|2024-08-08 18:12:58
ver|sed|2025-06-29 12:24:12|2022-07-27 00:15:42
sordeo|vilis|2019-02-22 11:34:40|2021-05-05 11:35:07
tabella|subito|2025-08-27 00:24:01|2018-09-25 01:54:13
suspendo|cito|2016-12-12 14:04:07|2023-04-04 00:27:59
officiis|admoneo|2022-11-08 05:58:05|2024-06-21 09:14:32
soluta|apparatus|2016-12-17 06:36:23|2025-01-12 18:16:19
trado|subvenio|2018-09-17 07:22:38|2026-08-02 10:12:06
adamo|aqua|2018-01-11 21:20:47|2018-05-07 10:54:51
patria|temporibus|2018-04-21 15:21:54|2023-06-17 07:17:30
volup|cui|2025-10-25 21:57:00|2021-06-13 15:26:40
tabella|veritas|2018-11-26 02:20:52|2017-04-30 09:36:01
cum|somniculosus|2019-11-02 17:38:43|2023-09-28 00:02:16
cuius|ara|2018-11-18 01:11:05|2019-04-21 22:06:05
delibero|tergiversatio|2026-07-15 11:14:15|2020-10-24 18:01:10
asperiores|defaeco|2020-09-11 01:22:01|2018-11-24 09:09:14
arcus|blanditiis|2022-05-14 07:21:37|2021-08-16 17:30:03
quod|commodi|2023-03-25 14:26:53|2019-09-11 23:10:08
nobis|vilitas|2026-01-22 02:28:59|2023-01-08 06:42:15
suggero|vero|2024-08-04 05:22:34|2025-08-04 20:48:11
abutor|congregatio|2026-05-21 22:50:45|2019-12-25 12:33:01
aptus|viscus|2017-10-30 17:39:01|2018-11-02 03:08:52
video|uter|2018-08-27 05:49:55|2021-01-14 06:30:06
vilicus|mollitia|2017-02-27 02:59:21|2020-06-03 17:28:59
contabesco|aliqua|2017-03-24 18:50:43|2017-03-30 00:34:40
stultus|bestia|2024-06-16 12:03:33|2019-11-29 21:52:35
utrum|decens|2018-07-25 07:06:59|2022-03-07 01:25:13
caecus|abstergo|2021-01-10 12:29:31|2025-06-23 00:12:07
valde|solum|2025-06-27 10:44:52|2020-04-30 04:14:00
atque|contra|2019-03-11 12:56:10|2018-07-02 12:40:31
cresco|calcar|2021-12-21 00:19:41|2026-02-12 09:48:08
patria|curto|2019-07-02 22:58:02|2018-10-22 06:28:56
vomer|est|2020-03-01 07:10:17|2020-02-09 00:27:01
denuo|summa|2025-12-17 10:42:21|2018-06-25 14:33:41
mollitia|cumque|2023-05-29 10:34:36|2018-09-07 15:00:51
quisquam|utilis|2024-08-22 08:49:56|2025-09-16 20:45:14
peior|vetus|2025-04-06 18:05:31|2020-06-19 23:15:25
ultio|assumenda|2023-09-25 15:26:05|2024-02-25 12:04:03
utor|terebro|2024-02-10 14:57:34|2017-01-22 03:36:28
curto|conqueror|2019-10-04 00:10:44|2018-10-02 23:44:59
perferendis|nisi|2019-09-20 22:20:44|2017-06-08 00:51:04
atrocitas|pauper|2019-07-11 19:30:13|2020-08-06 23:15:08
amoveo|vicinus|2019-05-24 13:18:12|2018-01-09 06:07:33
quibusdam|fuga|2023-02-20 18:44:18|2023-09-10 13:21:00
auxilium|trado|2016-12-07 05:02:32|2017-07-17 18:48:48
conventus|comminor|2022-05-14 08:01:48|2026-07-16 20:01:57
quas|ater|2021-12-03 08:36:18|2026-03-10 04:59:14
aestus|ventus|2023-11-11 05:09:35|2025-07-24 16:24:06
denique|repudiandae|2021-11-22 09:16:31|2018-03-20 23:37:46
thalassinus|derelinquo|2017-02-21 23:19:26|2024-10-20 01:38:52
degusto|ciminatio|2016-10-14 04:18:16|2019-06-02 05:07:56
claudeo|virga|2017-11-01 20:37:04|2022-03-09 03:51:56
theca|vomica|2016-09-29 04:56:47|2018-02-02 20:00:33
caelum|adficio|2020-07-03 05:43:00|2017-09-08 23:36:05
quibusdam|tepesco|2019-09-24 18:56:29|2017-04-16 15:22:10
coma|tantum|2023-08-17 02:10:01|2021-04-09 23:11:31
utilis|verus|2025-12-27 16:29:45|2026-04-05 20:28:27
tantum|tandem|2018-11-27 07:30:46|2023-02-07 14:06:51
coadunatio|placeat|2023-08-21 20:08:11|2025-09-09 19:53:59
uterque|vicissitudo|2025-07-28 03:52:08|2016-10-04 18:06:37
eaque|cariosus|2025-06-01 07:26:34|2022-02-19 07:12:49
impedit|cura|2017-08-01 00:04:53|2025-01-31 01:50:26
contigo|vulgivagus|2017-06-28 00:55:21|2020-12-28 19:11:56
dolorum|conculco|2021-02-21 21:01:29|2025-06-04 10:20:37
debitis|talis|2024-10-10 14:08:06|2026-02-25 15:48:10
demoror|auditor|2024-02-13 19:19:21|2022-03-15 02:53:23
carmen|consectetur|2017-07-28 00:36:31|2021-07-02 09:27:53
conspergo|cruentus|2026-03-04 04:45:53|2019-07-21 16:36:29
curriculum|cubicularis|2026-06-18 14:53:03|2022-10-18 12:41:54
speciosus|thesaurus|2018-04-05 05:29:53|2022-05-27 01:38:51
cimentarius|victus|2017-02-17 06:30:08|2021-03-05 13:28:58
deputo|alienus|2024-01-14 07:37:05|2024-10-18 09:32:01
aliquid|defaeco|2018-10-20 20:43:32|2024-09-15 18:14:36
conscendo|cauda|2024-02-13 10:12:42|2019-09-14 03:30:52
comis|corrigo|2020-04-11 00:39:23|2021-04-03 15:33:45
cena|nam|2020-08-13 14:42:46|2019-11-12 15:10:19
uter|aetas|2023-05-14 00:40:02|2017-07-28 17:59:59
tenuis|patrocinor|2019-12-29 13:13:44|2016-09-27 01:00:02
arbustum|victus|2021-04-03 05:36:17|2017-07-25 00:38:41
audio|a|2017-12-12 04:44:31|2017-06-11 23:38:42
uter|tracto|2025-11-15 23:56:54|2016-12-03 12:03:00
acsi|virga|2021-11-23 03:57:22|2023-04-16 22:27:51
supellex|amplitudo|2023-08-08 14:58:01|2020-05-04 03:21:05
thymbra|cerno|2025-10-02 10:33:14|2024-05-18 16:49:57
crebro|valetudo|2020-02-12 13:51:12|2018-10-07 12:57:20
crux|arcesso|2026-08-06 07:09:47|2017-01-04 10:09:45
uberrime|aegrotatio|2021-02-05 11:25:33|2018-08-18 18:52:54
cado|recusandae|2026-06-16 07:23:53|2022-11-15 07:10:23
apto|patria|2021-06-15 13:44:17|2023-08-06 15:29:06
deorsum|accendo|2021-09-28 05:33:23|2019-06-28 02:55:30
aperte|ultra|2018-02-09 08:03:01|2022-03-06 10:21:41
cupio|carpo|2024-09-21 10:58:13|2019-01-20 00:45:25
adicio|appono|2019-12-25 14:53:15|2019-06-13 11:25:29
clementia|bos|2025-07-13 17:27:46|2022-11-03 18:48:05
conservo|stips|2026-08-27 02:08:07|2023-02-11 17:05:15
delectatio|comburo|2026-04-11 03:21:35|2021-08-22 13:58:05
absorbeo|videlicet|2021-08-04 11:19:56|2016-09-14 08:57:47
decor|aer|2017-08-27 03:05:06|2017-04-23 10:56:04
iure|tui|2018-05-26 19:54:36|2026-03-05 22:00:06
cupiditate|quos|2022-10-09 15:11:22|2018-12-03 08:20:00
verbum|temeritas|2024-08-27 05:19:22|2021-09-30 19:56:06
ambulo|amiculum|2024-07-27 12:25:42|2024-10-25 18:03:24
decens|surgo|2019-05-31 00:32:15|2018-03-12 02:18:08
vergo|ducimus|2026-04-16 13:05:22|2026-03-21 03:57:49
umquam|corona|2024-03-17 22:00:37|2024-06-13 22:31:25
harum|balbus|2018-02-23 06:10:25|2024-02-13 21:55:21
auctor|pax|2018-03-14 18:01:54|2024-08-20 09:32:59
cubicularis|deficio|2024-04-17 09:43:06|2024-12-27 19:37:49
statua|libero|2022-06-20 22:33:58|2018-11-27 09:19:43
conventus|territo|2017-11-03 13:46:30|2018-06-30 14:09:24
velut|tres|2025-06-25 03:56:19|2024-01-14 22:40:41
porro|caute|2019-04-24 20:39:18|2021-09-11 18:02:05
consequuntur|aliquid|2020-03-02 16:37:37|2025-02-18 11:20:56
vester|dolorem|2021-05-24 00:10:33|2026-06-24 15:21:31
creber|coma|2019-06-06 17:56:11|2023-12-12 20:48:21
nulla|tricesimus|2026-05-05 07:50:25|2017-02-24 11:54:58
solium|ater|2018-03-22 02:00:08|2017-04-19 04:40:09
verbera|auxilium|2024-08-11 18:24:50|2026-01-31 15:43:28
succedo|aurum|2023-03-22 03:39:07|2026-07-07 20:41:32
viduo|veniam|2023-08-01 12:16:34|2018-09-15 10:39:39
textus|degenero|2026-07-27 14:11:45|2020-08-04 10:16:18
adaugeo|amplus|2022-02-04 21:07:27|2025-04-22 06:12:11
corroboro|uterque|2020-11-12 06:42:42|2021-10-27 07:40:58
coepi|adipiscor|2026-05-06 05:47:56|2020-11-27 21:32:30
casso|aro|2019-08-12 03:57:13|2017-02-04 05:25:30
desipio|sonitus|2025-11-25 13:40:19|2024-02-26 12:25:51
odit|terminatio|2021-10-20 07:56:28|2018-08-04 11:02:46
canto|creo|2023-10-22 01:36:40|2026-08-22 04:14:26
aggredior|celebrer|2026-08-15 21:14:48|2022-02-03 14:17:46
autem|sollicito|2026-05-07 02:12:10|2023-01-23 16:25:36
crur|vestigium|2026-02-13 01:09:57|2023-10-15 19:54:05
in|defaeco|2022-03-06 20:44:40|2020-07-03 20:10:24
demitto|damnatio|2019-11-20 21:09:14|2024-10-21 06:33:43
callide|bibo|2016-12-11 03:00:31|2026-02-13 21:05:45
trucido|auditor|2020-03-15 16:57:45|2023-01-14 22:26:14
ante|colligo|2020-05-30 05:01:33|2022-04-14 05:04:58
tamen|aveho|2026-07-08 00:35:04|2018-11-19 10:19:33
conculco|viscus|2021-08-02 07:31:01|2018-04-09 03:29:04
sapiente|atrocitas|2019-03-06 08:53:23|2022-10-22 22:47:04
nulla|talus|2026-07-04 02:21:03|2025-04-27 09:28:26
thymbra|terga|2019-12-12 05:45:13|2018-07-18 20:13:24
terreo|celebrer|2016-10-07 13:40:05|2020-10-31 03:07:20
usque|appello|2018-06-02 03:48:44|2025-03-16 09:26:23
repudiandae|coma|2020-05-15 01:36:25|2025-12-31 13:28:26
validus|omnis|2022-05-15 22:24:29|2021-12-16 00:34:47
animadverto|ager|2019-05-26 02:35:30|2019-11-05 11:38:55
utilis|causa|2021-07-25 10:53:52|2025-09-20 11:21:39
ullam|creber|2023-03-01 09:49:54|2018-03-23 10:17:44
aranea|cursim|2019-01-02 13:29:42|2023-01-20 01:10:12
statim|uter|2022-01-24 18:21:50|2021-01-09 12:54:53
sollers|aggredior|2024-10-16 00:33:08|2019-06-18 06:50:00
una|pecus|2017-10-21 02:44:37|2020-06-09 19:12:55
neque|bardus|2022-07-10 05:42:25|2022-03-25 04:55:36
studio|curtus|2020-10-12 21:01:47|2026-06-10 13:24:15
id|ceno|2020-07-05 07:49:30|2022-11-06 17:19:25
astrum|crebro|2022-12-19 05:02:32|2024-12-08 03:09:37
cupressus|video|2021-09-05 10:45:44|2025-06-13 19:42:56
victus|cometes|2020-08-14 18:38:44|2021-02-03 19:10:16
cuppedia|aegrotatio|2025-09-30 01:52:14|2025-04-09 02:51:52
cubicularis|aliquam|2018-07-14 16:53:41|2025-08-02 06:59:54
tamquam|certe|2018-11-06 05:19:48|2024-11-18 03:01:20
crur|sodalitas|2024-12-09 03:27:42|2019-06-12 03:21:03
virgo|modi|2017-08-07 06:08:24|2025-07-19 01:14:57
curso|venio|2021-05-14 07:06:16|2017-09-21 00:10:17
vivo|spero|2018-06-26 22:04:07|2022-12-22 13:35:41
audio|sonitus|2023-10-11 11:35:11|2024-10-26 02:54:39
bene|vallum|2020-09-15 05:05:36|2026-01-01 14:49:24
assumenda|caries|2022-01-22 21:48:38|2022-08-10 06:13:40
aptus|certe|2020-06-22 18:34:50|2021-09-23 14:18:30
demoror|consectetur|2025-02-27 20:45:29|2017-07-27 14:21:10
modi|ultra|2022-04-02 09:51:07|2026-08-06 00:13:32
commemoro|quos|2024-08-24 14:14:17|2022-10-17 08:03:43
nam|compello|2024-02-13 05:26:31|2026-06-01 08:36:39
capto|umerus|2022-11-16 01:26:50|2024-05-15 17:41:16
territo|asporto|2021-10-21 03:21:08|2021-12-20 21:10:58
sustineo|amet|2025-01-27 17:15:31|2018-07-08 16:35:00
arto|derideo|2025-10-08 03:13:02|2023-08-16 10:45:12
mollitia|advoco|2026-09-06 06:59:14|2018-07-10 02:32:40
civitas|canto|2019-03-03 17:53:34|2019-03-16 22:26:21
arguo|synagoga|2018-01-29 01:02:31|2020-08-18 16:10:02
similique|arcesso|2017-12-25 15:03:19|2019-11-17 19:00:59
vir|velit|2021-08-14 06:26:07|2018-09-03 15:55:02
argumentum|amo|2025-12-23 20:40:51|2024-06-04 02:57:23
terminatio|suspendo|2017-09-26 11:23:25|2024-01-23 01:06:41
mollitia|nobis|2022-02-11 21:58:45|2016-09-19 10:21:44
stillicidium|cavus|2022-07-01 12:03:19|2024-09-07 08:13:38
strues|porro|2024-01-04 22:55:47|2023-01-16 09:58:04
confido|clamo|2018-04-04 15:11:21|2022-10-26 09:36:18
uberrime|convoco|2018-10-04 15:53:35|2026-06-16 21:31:28
cura|approbo|2022-04-04 01:18:09|2023-02-10 04:28:01
tantum|claro|2022-06-02 20:14:59|2020-03-26 03:06:15
pecco|terra|2022-11-20 15:56:47|2017-10-19 01:31:56
comedo|appono|2023-05-09 15:41:01|2018-08-01 23:49:57
curo|eligendi|2018-09-01 15:22:03|2021-01-26 12:30:51
adstringo|crur|2017-05-15 01:40:04|2026-08-08 08:36:20
contego|tricesimus|2016-11-30 06:19:20|2018-10-06 03:14:59
aspernatur|non|2020-03-11 06:21:11|2018-08-19 13:39:34
vindico|decimus|2019-08-31 19:04:55|2021-11-25 07:56:38
vinitor|ustulo|2025-08-14 09:55:29|2019-05-26 01:25:34
vere|comes|2025-10-19 00:44:48|2017-10-08 05:44:33
aliqua|cum|2017-08-12 21:10:17|2022-01-15 05:38:53
asperiores|solio|2016-10-13 07:40:47|2024-01-18 21:19:35
ager|aro|2019-08-31 15:00:45|2024-11-25 15:51:58
asporto|modi|2025-11-23 17:02:42|2024-04-27 21:22:19
summisse|civis|2025-07-10 23:48:06|2017-01-24 21:52:32
crux|spiculum|2025-09-03 17:58:20|2018-01-31 05:38:52
amitto|dedecor|2020-07-22 01:30:35|2022-04-27 14:54:54
tam|torrens|2018-02-10 10:22:11|2021-04-18 15:21:48
cena|asperiores|2024-07-28 00:30:10|2026-06-24 16:08:13
cui|clementia|2019-05-27 09:53:21|2024-04-17 13:35:43
aeger|adimpleo|2019-11-09 02:29:01|2025-08-15 18:01:53
ulciscor|degero|2017-05-20 08:48:14|2020-02-21 02:57:09
odit|arbitro|2024-06-24 06:43:56|2023-05-29 14:04:20
repudiandae|viridis|2026-04-15 01:09:48|2019-07-24 00:37:07
sustineo|antepono|2021-08-11 16:05:46|2023-06-07 14:38:01
coniuratio|conculco|2022-05-08 23:09:06|2020-11-24 21:45:30
vester|coadunatio|2017-02-24 10:34:52|2020-03-25 04:49:56
cohaero|denego|2023-10-14 06:37:14|2020-12-09 09:17:50
confugo|vorax|2026-01-19 13:43:06|2019-03-31 12:34:32
usque|cogito|2018-09-04 13:58:36|2019-01-08 03:28:54
solutio|amoveo|2025-01-05 09:02:36|2025-04-20 17:19:09
architecto|comitatus|2018-07-31 03:05:04|2025-03-10 04:08:38
succedo|suspendo|2018-10-24 10:50:57|2025-10-27 05:14:28
recusandae|toties|2021-05-10 07:27:35|2024-06-07 02:30:23
ipsum|asporto|2017-01-12 10:00:12|2019-07-17 23:57:36
aranea|urbs|2023-10-31 16:40:43|2018-04-11 23:44:39
comis|aiunt|2018-04-29 14:29:23|2024-05-02 07:02:52
avarus|benigne|2020-01-15 20:58:36|2026-06-13 04:46:00
textus|crapula|2019-08-19 07:17:32|2022-05-12 22:39:51
volo|nam|2025-05-25 07:21:54|2024-08-30 15:40:39
taceo|adeptio|2023-12-12 10:57:12|2021-09-15 09:38:03
pectus|umerus|2021-05-13 15:04:43|2017-04-28 08:52:46
verbera|valde|2022-08-12 22:45:09|2018-10-09 08:57:59
articulus|argumentum|2022-01-31 00:41:57|2024-12-30 02:04:51
contabesco|vociferor|2017-01-27 21:53:19|2017-11-10 20:19:23
qui|conicio|2023-04-05 05:47:42|2021-02-08 11:54:23
velut|crur|2024-09-03 09:54:47|2017-08-17 03:22:37
utrimque|tubineus|2023-03-09 02:27:25|2024-12-22 14:04:08
brevis|assumenda|2019-02-05 09:59:50|2019-04-18 11:42:15
eum|dapifer|2017-12-24 04:07:06|2016-12-11 20:03:24
astrum|debeo|2021-04-03 21:03:39|2018-07-15 09:20:55
reprehenderit|tristis|2025-10-28 12:23:08|2018-05-21 08:38:40
tondeo|tenetur|2018-01-04 04:11:58|2021-11-27 10:25:11
eveniet|valeo|2025-01-20 00:23:23|2016-12-11 16:35:13
tribuo|arto|2025-05-03 05:16:52|2018-06-26 21:57:43
aeternus|sub|2017-10-24 20:40:00|2026-03-02 07:01:40
tergiversatio|territo|2022-10-09 09:34:02|2020-08-14 03:05:57
tendo|universe|2025-12-27 06:14:14|2018-05-16 06:17:40
repudiandae|libero|2016-10-28 14:24:48|2017-02-07 05:57:21
cito|demo|2019-11-24 13:48:51|2019-06-07 11:39:35
quidem|cattus|2026-05-04 08:48:09|2022-02-04 13:21:00
adhuc|peccatus|2024-12-31 16:34:11|2021-07-17 16:22:44
quis|vilis|2022-02-28 05:43:41|2021-08-08 23:57:23
tremo|culpo|2024-06-21 20:38:59|2022-08-19 16:33:45
careo|custodia|2024-01-24 19:59:33|2025-01-17 00:38:32
arbitro|fugiat|2023-08-04 05:05:49|2025-08-24 21:48:07
cursus|vix|2024-04-07 02:46:53|2020-10-18 03:39:33
temptatio|vinco|2017-06-27 04:11:52|2023-02-22 02:27:20
aperte|viriliter|2020-08-23 01:03:24|2021-03-05 13:42:39
alveus|conforto|2024-11-21 02:47:04|2020-01-31 17:30:51
peior|eligendi|2018-04-28 17:45:29|2020-12-30 11:04:10
magnam|brevis|2018-10-21 05:45:28|2020-08-04 23:16:33
urbs|cotidie|2026-03-16 00:42:06|2024-08-19 11:27:00
tabgo|modi|2023-12-23 06:15:53|2017-01-19 17:28:28
bonus|copiose|2019-11-14 01:46:23|2016-12-24 13:09:15
cupiditate|autus|2026-08-05 03:36:48|2020-09-26 04:02:10
cras|vigilo|2022-05-15 13:51:11|2020-12-02 06:50:39
sodalitas|aranea|2022-09-06 17:32:40|2018-02-17 20:27:22
corona|viridis|2022-01-18 15:55:06|2018-02-20 13:33:37
arcus|adnuo|2020-02-09 20:47:47|2025-02-10 09:19:38
curso|conforto|2020-02-12 08:31:51|2022-02-18 10:20:46
suscipit|temperantia|2023-04-11 02:26:18|2021-10-02 22:03:30
vel|utrimque|2025-12-09 12:58:25|2026-01-27 09:32:05
cognatus|antea|2021-06-06 06:35:42|2018-07-24 09:51:58
desolo|itaque|2026-03-05 14:04:36|2024-02-17 03:19:34
concido|desino|2018-04-21 03:38:50|2025-12-16 03:58:10
antea|fuga|2022-11-15 20:47:49|2023-07-03 09:57:50
cupressus|coaegresco|2017-12-04 09:16:49|2017-12-29 10:53:35
tepesco|sumo|2022-04-07 03:56:24|2022-02-12 00:57:31
tempore|conspergo|2017-11-29 17:07:36|2020-04-18 05:30:38
cura|vomica|2024-05-29 08:31:22|2019-07-11 19:04:44
ulciscor|pecto|2022-08-05 00:03:37|2024-11-08 10:19:02
adinventitias|cunctatio|2025-04-21 21:42:37|2018-12-10 20:26:57
auditor|tantillus|2022-02-05 19:11:19|2024-04-13 19:31:09
tabernus|titulus|2023-01-08 04:51:19|2019-09-14 14:00:36
somnus|cilicium|2020-06-20 01:24:02|2025-12-03 07:25:45
non|corona|2020-05-07 10:09:00|2016-11-03 18:04:05
virgo|auctor|2019-03-06 21:19:20|2018-05-05 22:07:37
attonbitus|argentum|2022-03-04 04:54:28|2023-03-03 14:59:34
sortitus|enim|2020-04-20 22:09:05|2016-11-12 13:40:13
earum|summisse|2021-04-12 07:04:54|2021-09-27 09:54:05
vobis|cunctatio|2020-07-31 08:26:48|2022-12-21 21:12:26
tonsor|cernuus|2022-03-05 23:01:48|2021-04-17 00:12:43
denique|vociferor|2016-12-01 13:54:10|2021-09-03 07:37:15
creta|cerno|2024-09-25 17:22:34|2026-05-25 19:34:46
patrocinor|titulus|2019-11-28 14:11:57|2022-08-21 17:07:30
copiose|adhaero|2020-10-07 19:57:47|2023-01-24 15:47:21
cunae|sed|2020-03-21 23:27:03|2020-02-02 03:15:31
iure|accendo|2019-03-04 05:18:04|2018-11-24 13:27:38
bibo|verecundia|2022-09-23 04:36:08|2024-08-29 16:06:51
fugiat|consectetur|2019-05-18 13:47:15|2017-07-16 08:27:37
adhuc|color|2022-02-24 16:42:47|2022-12-02 15:13:08
aeneus|thymum|2022-09-08 19:22:15|2025-08-22 16:48:18
decens|vehemens|2023-11-19 09:49:37|2025-07-12 17:54:22
casso|uredo|2025-06-12 04:01:09|2019-12-18 17:19:20
carus|viriliter|2024-07-29 11:54:59|2020-01-27 08:26:23
absum|suppono|2026-07-25 03:38:51|2019-06-10 03:02:16
tendo|alius|2018-05-21 12:29:07|2021-12-11 10:04:32
callide|admiratio|2019-10-18 17:19:29|2025-02-21 21:56:43
minima|conventus|2016-11-04 01:08:49|2019-10-13 19:02:14
cohaero|textus|2024-11-10 11:32:38|2020-12-23 17:11:38
maxime|torrens|2020-10-06 13:08:07|2023-06-08 22:40:53
deficio|thorax|2023-10-09 11:44:23|2025-09-24 01:02:38
vulticulus|utroque|2018-08-12 02:54:17|2021-09-07 21:43:34
valetudo|altus|2022-08-20 10:11:45|2017-07-13 02:14:47
corona|vulgo|2021-06-07 08:34:31|2018-07-11 22:26:25
territo|ceno|2023-01-30 02:57:29|2020-11-14 14:15:15
currus|admoveo|2026-08-12 04:16:05|2018-12-06 06:57:58
ventus|coepi|2018-02-05 16:23:41|2024-11-22 05:41:59
thesaurus|ocer|2021-03-20 11:50:35|2026-05-28 00:31:20
comptus|consuasor|2023-07-20 23:26:32|2026-09-03 06:16:59
cibus|atrocitas|2021-12-19 18:53:23|2021-06-24 23:06:02
pauci|consuasor|2017-12-24 19:44:49|2025-01-23 13:00:40
dicta|sublime|2018-09-23 19:09:43|2024-08-21 11:21:37
casso|constans|2019-05-25 15:36:02|2019-05-16 21:15:24
campana|alioqui|2016-10-21 19:09:01|2020-10-09 15:50:37
adfectus|adversus|2026-02-16 19:25:49|2021-01-07 11:17:40
curo|volubilis|2018-05-30 08:25:10|2018-10-22 13:48:06
aspernatur|uxor|2019-05-25 11:45:51|2016-09-24 03:10:30
aranea|cervus|2024-08-08 04:01:38|2019-01-24 19:24:46
demo|curatio|2022-05-27 17:28:43|2023-03-04 13:29:39
arguo|deinde|2022-02-06 16:03:13|2017-04-21 17:11:33
sollers|soluta|2023-12-31 15:40:32|2026-04-22 22:17:55
decimus|textilis|2024-12-19 02:50:13|2017-12-26 21:00:19
averto|caries|2023-11-16 00:27:06|2018-07-06 00:56:39
tepidus|tamdiu|2022-05-04 23:12:20|2025-04-22 15:24:33
temeritas|tricesimus|2018-10-16 12:00:59|2025-04-04 20:57:14
tempus|dolorem|2021-05-18 15:48:17|2020-04-29 13:02:22
sui|sit|2022-12-06 08:08:57|2017-05-29 01:38:37
viduo|creo|2018-07-13 01:19:26|2019-09-10 15:49:53
soleo|voluptas|2022-06-02 19:06:30|2018-04-25 05:02:16
supplanto|libero|2021-08-22 12:10:56|2019-10-21 15:07:23
audeo|alveus|2023-06-28 11:50:59|2016-10-12 17:09:04
tempora|at|2024-10-20 10:15:48|2025-05-09 04:22:33
color|decumbo|2019-12-23 12:36:19|2020-04-05 19:23:49
confugo|acidus|2020-10-21 11:44:26|2018-07-31 18:07:22
quia|tot|2017-08-12 00:02:31|2022-12-18 18:59:11
audio|vel|2024-05-04 08:12:22|2020-04-28 21:25:33
textor|carbo|2019-10-24 11:04:11|2025-09-23 07:38:21
toties|charisma|2025-04-05 02:17:19|2024-10-22 20:20:15
deputo|sortitus|2023-02-21 04:26:11|2017-02-11 08:56:03
valde|deripio|2025-08-11 23:36:28|2025-11-20 03:11:59
caput|talio|2019-05-24 17:49:06|2022-04-13 07:11:46
contabesco|sunt|2018-09-19 19:20:25|2021-02-19 20:38:32
basium|assentator|2019-11-22 05:08:10|2018-08-15 17:13:13
autem|quam|2017-04-01 00:54:58|2023-08-07 05:31:54
theca|possimus|2020-03-29 06:17:55|2025-08-21 10:48:30
nihil|volutabrum|2025-01-05 04:31:02|2025-02-18 01:04:31
utilis|expedita|2022-03-18 12:42:55|2026-03-30 09:04:29
caterva|coniuratio|2025-08-24 15:50:52|2023-01-12 11:32:23
contra|volo|2019-07-19 05:47:19|2026-04-14 08:44:01
auctus|subiungo|2017-12-29 01:39:05|2019-12-23 17:47:11
timor|ullam|2023-06-12 20:40:34|2018-11-08 00:08:54
pariatur|truculenter|2022-10-30 11:15:52|2019-08-21 04:24:17
terminatio|theca|2017-12-01 01:42:45|2016-10-12 03:10:03
vestrum|suppellex|2022-02-25 20:46:28|2019-08-24 04:58:18
umerus|praesentium|2020-11-30 23:03:59|2025-07-11 13:46:53
consectetur|vapulus|2018-11-05 10:01:41|2021-01-30 03:46:50
conduco|ante|2022-08-06 09:37:23|2023-04-26 03:45:55
accommodo|demonstro|2017-08-09 23:06:28|2017-12-10 00:05:08
demitto|eos|2018-10-10 21:00:14|2018-12-06 03:00:20
utor|cogito|2020-01-08 14:44:29|2025-04-10 03:41:24
carus|aspicio|2018-12-06 08:47:22|2021-01-29 07:43:31
tutis|confido|2026-03-11 02:14:25|2021-12-04 02:17:05
enim|velut|2017-04-18 13:00:19|2021-08-06 17:49:43
baiulus|corona|2025-11-26 05:35:33|2017-10-14 22:29:14
asporto|aliquam|2024-10-07 11:15:36|2023-02-21 12:43:45
vilicus|curis|2018-05-16 09:18:23|2024-02-18 23:03:09
commodi|vita|2020-04-11 13:26:18|2017-10-10 09:59:27
possimus|aut|2023-09-18 00:32:59|2022-11-22 04:13:27
repudiandae|terga|2026-09-05 22:26:52|2021-06-01 15:17:19
deporto|eos|2019-01-04 23:06:39|2023-07-30 05:56:50
succedo|demitto|2022-05-27 14:59:53|2020-01-22 15:30:06
cultellus|cito|2017-12-27 20:25:26|2025-10-24 05:03:48
claro|cavus|2020-03-28 18:04:31|2017-11-06 17:28:03
comburo|antea|2019-10-21 12:51:22|2023-04-04 13:31:54
placeat|numquam|2022-06-11 20:08:46|2020-05-17 03:32:51
tremo|cultellus|2023-05-04 16:43:47|2017-07-08 08:04:24
aequitas|defluo|2023-09-14 20:21:47|2018-07-29 21:49:34
uter|tandem|2023-12-06 04:14:27|2021-12-20 07:05:51
cito|aiunt|2018-06-03 23:30:56|2025-07-26 11:50:12
vociferor|temperantia|2019-11-22 04:56:40|2022-02-03 10:10:27
uxor|eum|2026-03-13 17:31:43|2021-07-13 10:10:48
cito|cicuta|2023-07-10 05:04:16|2024-05-17 06:36:13
unde|acer|2019-11-02 01:54:47|2017-01-25 15:22:51
saepe|carus|2017-03-20 04:05:05|2019-04-06 02:34:09
administratio|verecundia|2017-05-06 14:35:28|2022-11-13 15:27:20
animus|arbitro|2019-04-29 07:53:00|2022-01-08 07:41:23
custodia|damnatio|2023-02-27 16:44:53|2022-12-21 22:06:26
curatio|pectus|2017-11-16 02:27:03|2019-07-05 22:51:30
colo|conventus|2019-05-31 12:16:15|2021-06-20 06:49:39
capto|ait|2019-12-29 20:24:25|2017-11-27 06:54:25
vaco|audax|2021-11-04 16:26:28|2025-12-04 03:04:01
delectatio|vesica|2019-12-21 00:32:08|2017-10-12 22:37:00
sodalitas|candidus|2021-09-26 18:59:57|2017-03-23 15:31:25
consectetur|texo|2026-03-13 10:04:11|2021-09-16 04:40:41
eveniet|aro|2022-07-04 07:03:35|2021-01-08 21:26:31
dicta|vado|2018-07-22 16:33:57|2017-04-28 20:49:34
convoco|aequus|2016-10-10 14:29:22|2019-06-14 18:21:43
stabilis|spectaculum|2026-08-17 22:53:06|2026-01-05 10:18:53
studio|abutor|2024-07-20 23:40:33|2022-07-25 17:44:06
vitiosus|demergo|2026-05-08 11:24:28|2024-02-10 21:10:12
aliquam|delinquo|2022-01-11 18:03:30|2017-08-27 16:58:49
totus|civis|2018-08-23 14:48:37|2022-12-07 13:15:30
umerus|administratio|2018-11-26 05:03:00|2021-07-08 14:31:59
cavus|ut|2017-06-28 01:07:21|2020-05-20 02:28:09
trepide|temperantia|2022-04-12 18:01:24|2021-05-22 05:09:51
careo|vito|2026-06-03 12:51:06|2020-08-19 01:52:47
theologus|tego|2017-10-08 14:04:54|2025-10-10 21:30:23
subvenio|ulciscor|2024-12-23 22:47:11|2020-01-29 20:42:16
apto|commemoro|2026-06-09 05:40:38|2022-02-08 07:19:51
canis|nesciunt|2023-12-15 08:02:14|2017-01-08 23:30:34
timor|vetus|2021-10-16 09:20:04|2020-07-19 00:35:42
sequi|tantum|2026-06-06 15:05:37|2023-08-29 19:15:00
canto|cognatus|2023-12-20 01:55:43|2018-06-23 20:15:19
ademptio|corrigo|2025-09-19 14:31:59|2022-11-08 09:00:36
omnis|dapifer|2026-04-24 00:26:59|2021-03-13 18:36:07
canto|defungo|2025-06-12 14:54:48|2024-06-10 23:43:01
tepesco|sumptus|2018-08-30 03:27:03|2020-11-07 04:57:58
infit|aperio|2017-02-25 03:40:47|2023-08-12 16:07:56
currus|nam|2021-12-25 17:07:49|2021-11-21 12:17:23
barba|aedificium|2024-08-07 11:05:45|2021-10-08 00:57:37
theca|deleniti|2023-10-04 08:28:48|2025-09-23 14:45:26
defessus|vulticulus|2023-05-31 21:05:18|2020-04-28 07:16:16
ducimus|qui|2018-05-26 15:55:23|2021-01-27 17:41:23
averto|atrocitas|2021-09-18 12:21:12|2021-12-21 04:30:57
sum|quidem|2020-08-09 21:29:11|2026-05-09 18:08:52
veniam|tardus|2020-10-17 20:25:24|2026-08-23 09:02:15
desolo|recusandae|2023-10-11 14:48:34|2016-11-14 10:06:13
caelum|auctus|2018-02-01 21:19:44|2023-05-25 00:29:29
compono|tener|2025-12-27 13:33:59|2024-01-07 04:31:11
nihil|super|2026-08-06 03:39:19|2024-09-06 12:51:50
testimonium|vinum|2021-05-27 13:23:20|2020-09-26 15:23:13
suscipio|consequatur|2021-05-21 17:19:07|2026-01-19 23:51:07
aegre|vociferor|2019-11-06 05:01:43|2023-04-11 09:11:21
alter|articulus|2021-10-11 05:36:47|2021-12-02 23:02:21
bardus|suspendo|2019-08-25 00:39:59|2022-05-26 13:10:26
calcar|talio|2024-01-09 16:42:16|2025-07-18 16:40:31
neque|demens|2018-06-26 02:13:35|2017-09-26 01:13:31
acer|templum|2019-05-13 18:31:44|2016-12-17 22:15:29
tero|corrupti|2024-08-28 20:20:35|2025-10-07 07:30:24
amplus|brevis|2018-10-30 00:15:28|2024-10-10 08:33:34
acquiro|urbanus|2021-07-30 13:56:13|2021-03-14 06:56:57
solus|delibero|2023-09-13 11:52:41|2017-01-10 21:43:05
sustineo|cattus|2023-01-08 10:12:11|2020-11-21 17:19:56
utrum|laudantium|2016-12-06 22:46:51|2017-08-29 12:20:05
vita|colligo|2017-10-05 06:07:24|2025-09-30 07:37:10
acceptus|libero|2023-09-20 05:33:33|2017-05-31 15:37:33
commodo|officia|2017-05-25 14:19:16|2022-04-12 13:25:56
tui|admiratio|2023-05-27 03:23:29|2019-01-29 21:32:09
vis|civis|2019-12-31 14:17:44|2023-01-13 21:21:49
urbs|in|2021-07-23 03:22:21|2024-06-23 00:09:46
verumtamen|calculus|2023-02-08 07:12:35|2024-10-02 03:38:12
sumptus|solitudo|2021-05-06 01:37:05|2020-05-08 19:31:50
provident|debilito|2018-11-08 03:27:44|2019-07-22 08:19:53
consectetur|tempora|2019-12-14 02:13:30|2021-07-10 09:53:39
accusator|audacia|2020-05-17 00:55:16|2017-10-08 07:10:04
corrigo|thermae|2018-03-29 06:01:55|2018-10-15 14:17:05
libero|labore|2026-03-02 13:21:20|2024-12-11 05:24:29
tantillus|corrumpo|2018-09-08 21:40:48|2022-09-21 10:40:41
decerno|ventito|2020-12-01 19:59:55|2021-12-18 14:13:07
uter|caste|2024-11-19 14:44:17|2024-05-09 06:52:33
demergo|vester|2024-06-11 17:53:29|2021-07-23 15:00:17
veritatis|altus|2023-06-06 19:11:21|2021-02-26 00:19:37
venio|aut|2018-11-21 14:55:04|2026-02-04 06:34:27
auctor|usitas|2017-06-03 20:10:08|2024-11-24 09:01:16
ex|vinculum|2023-08-22 09:41:25|2018-06-24 10:31:46
speciosus|triduana|2024-06-29 00:23:10|2019-10-03 22:07:37
condico|cribro|2020-01-10 16:36:23|2016-11-06 08:25:39
texo|suppono|2021-01-28 00:08:26|2024-08-09 00:35:19
dolore|aequus|2016-10-09 15:43:51|2020-05-04 10:43:19
vulgaris|accendo|2024-06-04 00:30:50|2024-11-10 22:16:43
tunc|sustineo|2022-06-07 20:54:22|2020-08-05 10:03:57
tabesco|accusator|2022-01-31 03:24:22|2019-09-10 20:28:38
curia|vilitas|2024-03-22 18:31:58|2024-04-30 18:04:01
arcesso|ascit|2019-02-28 18:32:00|2024-05-30 10:39:16
illum|apparatus|2018-02-22 19:11:19|2023-04-11 23:04:28
causa|fugiat|2025-11-06 19:38:03|2019-04-13 20:22:49
beatae|aurum|2024-01-12 09:27:40|2021-05-04 09:04:54
ratione|cunae|2025-07-17 07:34:31|2018-07-05 01:11:05
utpote|nihil|2017-05-09 03:58:40|2025-05-12 16:33:22
asporto|alienus|2017-01-08 17:42:49|2016-12-08 23:09:39
suus|curia|2018-05-26 18:58:29|2019-01-05 17:11:58
adipiscor|crur|2022-03-14 17:29:45|2023-07-20 10:38:08
cupressus|coepi|2017-06-22 23:53:21|2026-03-18 15:06:21
amita|arceo|2017-02-17 11:57:51|2024-10-18 19:46:38
suffoco|vindico|2019-11-19 06:13:44|2018-09-17 14:22:52
cunctatio|urbanus|2025-03-22 23:48:37|2024-09-28 02:49:33
cinis|succedo|2021-05-25 20:23:32|2022-04-08 18:07:19
deprecator|iusto|2021-01-01 20:53:42|2022-02-21 20:30:26
thorax|ulterius|2017-02-04 17:58:25|2026-05-30 21:13:03
aliquam|solium|2025-03-17 20:27:36|2021-01-21 13:19:22
turba|varietas|2019-03-16 22:28:20|2024-10-15 01:20:54
tabella|copia|2017-02-06 19:04:27|2024-05-25 13:20:16
acsi|cubo|2026-05-08 17:07:17|2020-09-07 07:30:31
dolorem|at|2021-03-10 00:02:50|2024-12-11 23:04:02
patrocinor|aequus|2024-07-05 05:43:46|2026-01-30 13:14:31
succurro|cogo|2020-04-01 18:34:53|2026-05-05 07:29:40
tenus|tego|2025-07-16 18:50:39|2021-01-27 08:50:18
defleo|eveniet|2024-07-25 14:15:19|2023-12-24 04:26:46
somnus|creta|2026-07-19 03:53:57|2021-06-08 09:03:19
dolor|caries|2022-04-21 15:38:11|2020-08-24 15:16:00
charisma|casus|2019-07-28 05:52:35|2016-10-31 06:48:38
curtus|peior|2021-05-06 10:48:57|2019-09-13 09:24:51
dolore|aequus|2023-09-11 00:48:15|2021-02-16 10:49:30
calculus|debitis|2020-02-04 17:42:24|2026-04-24 04:50:59
arma|dolorum|2023-03-04 16:56:55|2017-10-23 00:18:56
apparatus|curso|2022-10-28 20:32:20|2025-11-15 23:57:03
expedita|contabesco|2017-06-27 07:13:17|2023-09-02 17:35:29
est|vesica|2023-10-02 11:18:43|2025-07-22 15:49:37
arca|caelestis|2024-01-27 00:14:43|2018-12-19 02:04:19
vociferor|claro|2017-04-09 03:57:05|2020-02-29 23:02:33
vulariter|colligo|2019-10-14 02:56:02|2017-07-30 21:16:58
ago|spoliatio|2022-12-06 07:41:19|2020-04-01 20:05:14
vergo|consectetur|2017-09-15 02:56:35|2018-05-06 19:58:04
animi|defendo|2024-09-10 07:45:21|2019-03-07 22:01:16
speculum|conqueror|2018-03-14 06:59:25|2025-02-19 03:59:01
appono|calco|2024-10-24 00:54:49|2019-07-28 12:30:10
spes|tenax|2023-11-16 05:56:03|2017-12-16 21:06:36
sperno|spectaculum|2026-07-31 12:40:15|2025-01-13 04:12:47
eius|cornu|2021-04-10 16:36:45|2022-09-16 06:10:29
versus|voluptatibus|2020-09-21 07:09:37|2024-03-26 20:51:45
beatus|volva|2025-07-03 13:28:43|2020-12-30 13:17:32
caveo|cervus|2020-06-01 22:58:33|2017-04-26 13:30:28
demoror|accendo|2026-06-06 21:04:32|2017-06-23 02:04:40
totus|officiis|2018-03-09 19:16:07|2019-11-16 18:14:00
civis|acidus|2019-03-04 05:56:32|2023-05-31 17:21:39
ver|derideo|2017-10-28 18:47:10|2022-06-02 13:26:44
aurum|patrocinor|2025-08-28 03:34:35|2023-06-30 20:33:00
antiquus|coepi|2021-05-24 03:12:47|2021-01-26 12:30:54
ager|desolo|2021-04-21 01:44:04|2016-09-17 17:11:56
astrum|torrens|2023-03-26 23:33:13|2025-05-16 20:46:01
viridis|stella|2023-12-25 03:13:11|2018-12-23 23:06:03
quis|curvo|2021-03-02 22:14:44|2018-04-10 14:12:11
arguo|approbo|2025-04-03 00:05:55|2025-06-20 00:01:09
carmen|cavus|2021-09-11 06:52:07|2023-02-01 05:48:57
bibo|cultellus|2024-02-12 19:06:01|2022-03-13 13:24:51
compello|ceno|2025-10-03 21:48:20|2026-07-07 13:16:23
demo|nulla|2021-11-17 23:45:15|2025-05-12 10:23:51
territo|admoveo|2022-08-27 05:14:09|2017-04-13 18:59:04
utroque|vix|2025-12-08 01:16:35|2017-04-07 14:22:58
trepide|corpus|2018-08-03 11:20:33|2026-08-27 15:47:35
canonicus|coaegresco|2025-02-13 22:04:08|2018-10-08 09:53:54
comparo|adsidue|2022-06-16 23:48:27|2018-04-14 16:50:19
amplus|cura|2016-12-05 15:54:19|2018-12-11 00:26:54
cinis|voluptate|2025-05-26 05:09:26|2025-05-29 14:09:45
averto|bis|2018-11-03 03:35:19|2024-11-08 20:58:23
quae|certe|2025-12-01 14:03:16|2018-11-25 17:24:28
contigo|decor|2019-12-08 07:39:33|2022-02-11 20:37:24
una|tum|2023-06-12 23:15:15|2021-03-21 17:42:00
arceo|clam|2021-06-23 11:15:42|2019-07-02 00:11:44
fugit|umerus|2021-03-04 05:50:12|2020-07-22 04:56:45
solio|defaeco|2019-03-07 08:58:03|2021-07-23 00:36:18
vinco|ea|2017-08-20 20:43:06|2026-02-03 11:26:42
solus|urbanus|2024-03-21 03:15:54|2019-10-08 20:51:43
patior|defaeco|2016-11-07 14:20:52|2022-06-26 22:28:36
ipsum|carus|2018-05-12 16:40:56|2017-09-30 03:40:22
aegrus|ater|2024-10-08 19:53:27|2024-02-24 18:56:29
dolorem|amaritudo|2021-08-24 08:47:45|2023-11-13 08:38:07
sortitus|currus|2020-03-25 10:39:59|2018-12-09 00:34:37
in|trucido|2020-07-04 22:10:31|2020-07-05 20:55:52
benevolentia|volubilis|2017-03-26 12:08:19|2017-04-22 21:18:20
trucido|cilicium|2018-07-07 04:53:28|2021-12-16 02:11:41
attero|deduco|2020-06-22 21:53:26|2018-11-04 07:21:09
calculus|adflicto|2020-07-05 08:06:36|2021-06-24 10:53:11
ante|degenero|2019-05-04 00:14:37|2022-05-17 09:48:03
alius|basium|2022-01-29 15:11:49|2026-05-21 16:14:02
adipiscor|tempora|2025-10-30 06:32:37|2020-05-27 22:33:17
ultra|sum|2020-11-12 01:38:07|2021-05-10 01:55:30
aspernatur|sordeo|2025-01-10 13:09:06|2025-08-14 16:52:52
terminatio|ex|2025-09-20 06:49:30|2026-07-30 20:31:57
argentum|acerbitas|2023-08-14 09:42:10|2019-10-24 17:58:10
soluta|tibi|2025-01-04 13:07:02|2025-09-28 05:10:49
cedo|varietas|2022-10-28 12:29:28|2020-06-14 10:20:27
suadeo|ademptio|2023-09-26 09:40:52|2023-09-23 00:17:35
canto|suscipit|2024-09-19 02:59:20|2021-01-03 08:28:41
conicio|sophismata|2019-02-25 20:03:38|2024-03-29 07:56:03
molestiae|texo|2025-02-26 21:38:00|2019-03-20 03:43:46
sub|cito|2020-09-13 21:20:23|2025-06-21 17:20:58
decimus|delibero|2024-05-01 18:38:24|2022-05-19 04:34:13
casso|tolero|2025-09-29 07:12:15|2020-09-29 04:16:39
turbo|temperantia|2024-04-29 15:35:21|2016-09-29 17:31:46
ambulo|combibo|2026-02-26 07:49:43|2020-09-05 12:45:30
contra|stabilis|2019-07-31 03:52:58|2020-11-30 15:52:56
animus|suffragium|2023-03-05 21:36:50|2019-10-30 23:04:23
thesis|sortitus|2026-04-18 23:38:02|2022-10-14 15:00:27
cerno|defero|2022-02-01 01:55:08|2022-06-29 05:54:27
comes|cito|2020-09-25 08:42:51|2021-01-27 00:29:33
natus|tutis|2018-10-17 23:24:56|2017-09-27 17:52:41
tres|ubi|2018-03-06 22:14:01|2025-07-31 00:34:17
video|comprehendo|2020-10-29 06:40:59|2021-03-07 18:29:50
ab|subvenio|2024-04-07 03:55:07|2023-02-20 03:51:59
appositus|cauda|2022-07-23 05:50:29|2021-03-16 14:57:52
armarium|vomer|2019-10-14 16:49:53|2023-12-01 08:54:10
admoveo|conforto|2022-07-30 03:57:27|2017-08-30 22:35:14
talus|conduco|2020-02-29 21:06:25|2023-08-25 15:56:04
delectus|comis|2022-09-01 07:46:34|2017-03-25 14:30:40
speculum|verbum|2022-04-22 22:21:07|2019-02-24 10:39:05
collum|decens|2024-05-18 19:46:13|2019-04-15 16:03:00
tardus|contego|2025-12-19 22:53:24|2017-06-13 04:42:07
dapifer|repellendus|2021-01-24 17:00:25|2021-11-05 09:51:18
ancilla|auctus|2025-06-13 07:49:22|2024-05-26 21:33:54
tandem|cur|2017-03-13 09:13:32|2025-05-18 22:40:07
bos|curto|2021-03-22 14:38:11|2018-04-25 02:14:10
omnis|angustus|2018-05-31 17:51:44|2019-01-27 19:41:17
sumo|tamdiu|2026-04-16 04:02:29|2023-03-01 16:38:37
adopto|tutis|2022-10-06 02:00:48|2026-03-07 10:45:25
synagoga|damnatio|2019-10-20 00:41:25|2023-07-11 03:47:18
turba|cupressus|2020-06-03 03:45:06|2021-03-06 15:16:25
acceptus|textus|2023-08-17 06:15:17|2016-09-23 05:01:57
ambitus|spoliatio|2021-12-20 11:27:46|2025-11-06 00:32:37
comitatus|thorax|2024-04-06 11:06:31|2018-10-28 21:48:40
corpus|exercitationem|2025-12-09 02:46:44|2026-07-08 11:05:56
theca|alter|2020-09-21 06:44:55|2022-06-06 12:53:58
socius|amet|2025-03-03 01:42:26|2019-11-29 15:48:31
ipsam|chirographum|2021-09-18 03:29:57|2018-03-15 23:41:50
bos|vomito|2022-05-14 03:47:13|2017-06-05 02:58:52
harum|tamdiu|2025-05-22 12:35:41|2025-07-22 10:08:59
coniuratio|aperte|2016-12-09 18:29:27|2023-03-09 19:16:10
necessitatibus|demoror|2026-04-23 00:01:40|2016-12-17 10:46:58
comparo|trucido|2022-12-25 05:37:45|2020-04-06 11:42:34
pel|curtus|2024-11-09 19:24:02|2016-09-22 21:29:07
ventosus|decimus|2021-10-07 20:29:50|2017-08-12 04:49:24
adficio|aduro|2017-09-05 19:14:24|2021-03-30 20:09:34
thesis|in|2026-04-24 04:52:38|2017-02-04 03:45:26
cupiditate|studio|2024-02-08 08:22:16|2022-04-01 10:30:48
arbor|speciosus|2019-07-15 21:13:39|2020-05-23 20:40:51
conforto|theatrum|2025-01-30 17:55:50|2019-03-07 16:34:27
curia|canto|2016-09-30 08:45:23|2021-11-20 20:32:58
tredecim|omnis|2026-08-12 18:00:57|2017-12-18 19:02:24
vinculum|cometes|2018-04-11 01:23:51|2024-06-20 04:59:28
pauper|curia|2022-04-18 01:40:15|2020-11-02 15:44:58
celo|vitium|2018-08-24 21:23:39|2024-07-10 05:43:47
fuga|tredecim|2025-02-08 01:41:48|2020-08-19 18:52:54
deporto|aegre|2022-02-01 17:32:05|2025-09-27 07:29:50
subseco|sustineo|2017-04-12 07:50:46|2025-03-22 17:21:33
alveus|repudiandae|2025-12-02 00:29:01|2023-01-04 17:45:15
sonitus|clam|2019-04-25 18:38:42|2021-08-15 09:42:07
crudelis|claro|2019-05-26 14:08:04|2017-10-04 19:00:37
optio|aeneus|2026-06-19 21:23:15|2025-07-11 03:18:04
tempore|defungo|2025-02-18 21:23:56|2017-08-08 15:55:58
ventus|ait|2022-06-05 02:52:01|2023-05-22 03:52:17
succedo|sapiente|2026-05-09 00:32:26|2021-08-12 04:18:59
anser|absens|2024-06-13 07:28:26|2026-05-06 00:07:25
expedita|tamisium|2026-08-29 22:41:02|2019-05-25 00:44:43
vinum|thesis|2025-02-20 20:48:18|2019-12-10 13:59:41
victoria|deserunt|2024-08-15 10:00:13|2025-09-23 11:01:40
sulum|angulus|2025-06-11 12:19:29|2017-08-29 22:21:34
cogito|cito|2017-12-17 16:44:31|2022-02-10 16:10:36
curtus|laborum|2026-07-15 13:00:29|2019-09-05 19:50:32
corporis|communis|2024-02-14 11:46:23|2025-05-21 18:02:20
alii|conturbo|2016-12-23 17:13:03|2024-11-15 00:23:26
cupressus|nisi|2018-03-20 01:35:10|2026-07-27 13:40:37
nesciunt|arguo|2020-08-02 20:32:21|2022-03-06 14:57:00
synagoga|acidus|2020-05-01 17:45:56|2021-09-26 21:44:25
crudelis|tergeo|2019-04-11 12:16:39|2022-11-22 00:16:59
illum|stips|2022-09-27 11:24:17|2026-01-19 04:24:45
commodo|coma|2024-11-19 03:44:39|2019-06-06 18:05:27
adnuo|adeptio|2024-10-03 08:47:59|2024-04-29 03:41:22
ad|videlicet|2017-03-23 02:34:15|2017-04-14 22:15:17
paulatim|vomer|2020-11-28 23:16:22|2019-11-14 16:14:42
usus|pariatur|2019-09-26 18:20:28|2023-06-03 21:07:48
creator|decet|2018-02-26 22:50:46|2023-11-25 15:39:47
catena|quibusdam|2025-05-12 04:28:34|2017-09-06 15:12:44
in|iure|2026-09-05 20:05:44|2024-06-23 02:02:31
cogo|harum|2017-02-06 08:43:46|2019-03-22 17:29:28
sufficio|alii|2026-06-10 06:03:08|2020-07-19 02:02:18
concido|argumentum|2017-12-08 11:37:49|2020-01-26 23:47:13
aqua|socius|2022-10-02 00:50:30|2016-10-01 16:24:22
sursum|commodi|2023-04-15 22:58:13|2025-02-16 00:43:41
demum|subvenio|2025-12-10 05:29:21|2020-01-18 14:40:59
vester|peior|2017-04-25 13:34:17|2025-05-09 04:25:25
quibusdam|sollers|2021-10-01 12:21:46|2021-02-06 06:01:01
contra|vaco|2019-11-27 11:30:08|2020-12-19 05:37:55
conspergo|deorsum|2024-11-03 17:50:16|2017-01-29 05:36:32
attero|coerceo|2017-12-23 23:06:08|2024-09-02 18:36:01
laudantium|comparo|2023-12-01 12:01:39|2019-12-29 19:01:53
conspergo|conscendo|2026-05-14 18:07:42|2020-10-14 08:06:49
cito|accommodo|2019-06-16 13:53:49|2022-11-22 03:35:31
curis|numquam|2022-10-29 21:26:02|2021-10-21 00:10:30
stabilis|sufficio|2020-01-29 18:28:54|2024-04-01 00:41:41
deleo|sed|2017-10-10 05:04:37|2017-11-22 23:52:55
cibo|desipio|2017-12-06 15:03:39|2026-01-13 13:34:03
succurro|videlicet|2026-05-23 13:50:18|2018-03-25 03:13:20
appello|caste|2019-03-28 20:41:44|2019-01-20 23:05:47
curis|adduco|2022-09-10 21:58:48|2019-11-27 14:06:09
adopto|victus|2020-08-10 11:24:42|2025-02-14 18:39:57
ea|celo|2017-01-20 06:34:34|2017-10-09 14:25:58
stillicidium|demum|2023-01-27 09:23:03|2020-02-06 18:09:56
vomica|vestigium|2024-12-31 02:39:33|2023-12-20 10:41:46
aro|turpis|2022-12-31 06:29:57|2018-06-09 08:00:23
defendo|possimus|2020-08-17 23:38:51|2026-07-12 23:19:47
attonbitus|quod|2019-09-30 18:50:40|2019-06-20 02:26:47
tunc|sono|2017-12-14 08:24:19|2019-03-07 05:13:13
vehemens|angelus|2020-07-09 13:11:38|2022-03-10 08:47:20
campana|videlicet|2021-11-17 22:29:07|2024-06-11 02:29:46
amiculum|peccatus|2018-06-25 16:49:56|2023-03-16 03:49:09
tergum|surgo|2025-11-20 20:17:48|2022-07-03 22:51:28
adfectus|quae|2018-08-10 02:34:55|2025-08-04 17:41:51
placeat|teres|2026-03-12 03:16:52|2021-02-04 17:57:07
repellendus|consequatur|2021-03-12 23:43:50|2019-11-21 13:15:45
traho|cometes|2018-12-31 20:54:17|2024-07-21 16:58:40
admiratio|volo|2022-01-08 17:31:22|2018-03-19 16:49:43
cohors|depono|2025-07-18 13:10:37|2019-05-08 15:36:22
summa|adduco|2021-03-15 04:26:56|2024-11-17 00:17:54
video|ultio|2026-01-16 10:09:55|2019-11-13 06:34:25
deorsum|calculus|2026-09-04 18:06:26|2025-04-03 11:19:14
coniecto|carus|2024-01-05 01:21:30|2023-05-09 22:43:39
conor|aestivus|2025-08-19 08:25:29|2021-08-06 12:12:41
tubineus|cito|2024-12-05 06:44:36|2025-11-20 04:40:58
cultellus|aggredior|2022-02-07 11:32:50|2019-02-14 05:04:24
condico|reprehenderit|2016-10-29 23:39:19|2025-10-14 14:32:39
sodalitas|villa|2017-06-18 02:11:30|2025-08-12 22:31:18
verecundia|calculus|2022-08-23 18:06:25|2024-09-02 06:01:30
minus|tabula|2022-07-20 22:47:36|2017-03-12 01:40:17
creator|arguo|2024-06-19 03:19:55|2025-03-23 08:11:26
uter|accusantium|2026-05-16 03:04:58|2023-04-26 22:23:40
cogito|vulgivagus|2026-08-18 20:42:32|2019-06-16 15:33:33
tertius|convoco|2026-05-22 22:02:40|2018-09-06 09:21:57
audio|amoveo|2023-02-11 11:44:11|2018-08-03 22:06:56
volup|bene|2020-09-06 21:45:09|2018-01-12 08:05:09
necessitatibus|facilis|2021-01-29 20:10:07|2021-03-15 06:04:15
sequi|canis|2023-08-21 21:25:32|2026-03-09 00:14:03
defetiscor|varius|2024-07-18 15:07:00|2020-11-14 04:27:22
aureus|delinquo|2018-11-24 22:47:51|2024-09-15 14:21:34
venustas|aeger|2026-04-08 18:44:35|2020-01-23 04:13:20
vulgivagus|maiores|2018-10-12 16:08:06|2020-04-15 23:42:32
cursus|tristis|2018-02-24 01:07:36|2024-07-09 04:35:03
vere|currus|2023-06-26 17:42:50|2018-09-02 01:12:48
curriculum|vitiosus|2022-07-30 20:32:12|2020-02-22 23:04:26
aperiam|defaeco|2022-07-05 15:54:12|2018-05-16 06:40:19
temperantia|apostolus|2023-07-17 18:42:55|2018-01-31 15:39:32
quaerat|vilitas|2018-11-08 21:50:08|2017-02-18 23:28:56
tamisium|aequus|2024-11-23 16:26:39|2022-05-02 01:23:49
facere|talus|2026-05-08 16:01:39|2025-04-01 11:46:16
laudantium|valde|2025-05-21 15:33:10|2019-09-16 22:14:11
verbera|alii|2019-06-14 14:28:39|2019-08-15 04:33:05
adicio|cui|2020-08-29 22:28:26|2019-01-12 15:04:05
cresco|cibo|2021-06-25 10:19:15|2017-11-01 20:31:25
abbas|voluptatem|2019-04-24 02:05:55|2024-12-10 11:49:57
vae|constans|2021-10-20 18:03:52|2023-11-02 01:55:44
aegre|tenuis|2018-12-10 18:20:30|2024-03-09 03:01:37
conculco|avarus|2017-01-03 03:06:05|2024-06-10 14:17:28
adfero|strues|2024-08-24 01:23:22|2018-11-20 00:16:50
speciosus|circumvenio|2020-02-24 13:06:30|2023-12-08 17:59:06
vacuus|conspergo|2025-01-08 13:08:49|2026-08-01 18:43:24
utroque|denique|2022-08-01 18:47:35|2022-11-23 19:39:36
attonbitus|textilis|2023-11-05 02:27:03|2022-03-05 07:01:15
verecundia|statua|2021-09-19 16:03:34|2023-02-10 18:15:04
architecto|vulpes|2023-09-20 22:39:04|2019-12-10 17:03:39
talus|comitatus|2025-06-11 01:06:08|2023-03-04 02:07:52
alias|velut|2017-11-04 01:43:07|2020-07-23 17:52:23
tolero|error|2020-12-26 13:58:45|2023-05-28 18:50:37
theologus|provident|2019-05-26 22:38:40|2017-05-02 03:43:32
balbus|stipes|2018-01-09 18:55:21|2018-10-24 10:15:11
vir|considero|2020-07-21 00:58:05|2025-02-27 14:20:52
textilis|alias|2022-02-15 01:28:25|2023-12-04 05:37:33
praesentium|sponte|2024-05-23 20:15:21|2016-11-28 14:46:05
teres|aufero|2026-08-07 00:26:26|2021-04-06 10:02:20
attonbitus|comes|2021-01-06 21:14:10|2021-09-01 17:18:34
casso|sol|2017-09-24 10:05:19|2021-09-06 17:30:57
condico|allatus|2019-03-05 12:17:49|2016-12-15 03:09:10
aqua|quaerat|2023-10-01 11:11:41|2025-04-04 00:13:13
asper|utrum|2021-01-02 14:43:24|2023-08-20 12:31:31
conatus|coaegresco|2025-11-19 11:16:01|2019-10-16 16:31:41
defluo|demulceo|2017-02-10 11:27:48|2023-06-17 10:43:14
vehemens|fugit|2025-11-17 03:16:41|2021-01-03 06:35:20
ago|strenuus|2025-03-15 07:23:58|2025-04-22 20:20:39
adipiscor|tergeo|2016-12-14 20:22:57|2017-06-17 03:51:04
occaecati|argumentum|2018-09-16 23:09:43|2020-10-04 17:59:00
cresco|terreo|2025-01-25 15:57:58|2023-07-12 01:52:41
conspergo|vito|2026-07-29 14:04:46|2016-10-20 05:53:35
adhaero|magnam|2019-03-22 04:02:43|2016-11-28 04:53:00