paciente_id|cnh_cd|fechaimagen_dt|imagen_cd|fecharesultadoimagen_dt
tot|concedo|2020-10-14 09:15:58|patruus|2025-11-12 21:22:06
patior|articulus|2017-10-28 18:28:04|minima|2017-02-26 21:47:02
coaegresco|aro|2018-02-01 23:03:43|usque|2018-08-10 04:32:21
statim|pauper|2022-04-17 01:41:37|avarus|2016-12-23 12:59:26
decens|caterva|2025-12-27 12:17:57|sonitus|2023-02-06 20:47:15
animus|vaco|2024-09-24 19:37:43|compono|2017-10-09 20:56:44
centum|numquam|2020-01-26 09:24:58|in|2026-06-25 06:33:09
thymbra|ante|2021-07-26 14:22:33|explicabo|2018-06-21 03:04:31
ater|civis|2021-09-08 11:09:01|aegre|2022-10-09 14:08:31
ter|optio|2017-11-16 23:44:17|paulatim|2017-03-19 17:10:23
iure|xiphias|2021-12-06 14:37:05|bestia|2020-11-19 04:54:48
natus|cohaero|2021-02-10 04:29:38|non|2026-07-13 17:24:05
aqua|allatus|2019-06-02 06:07:16|argentum|2021-01-28 09:07:24
perspiciatis|arx|2019-09-15 00:41:48|valeo|2022-04-25 14:59:14
suffoco|caelestis|2025-05-13 22:16:37|est|2024-09-03 08:37:43
veritatis|aeneus|2023-12-10 00:15:26|adimpleo|2025-12-16 09:21:18
adeo|defaeco|2022-06-07 22:51:31|cultellus|2021-06-10 05:17:33
cimentarius|unus|2020-11-17 17:18:17|atqui|2018-01-28 08:19:50
vigor|cui|2022-10-16 07:20:37|ocer|2021-10-26 09:37:18
alii|caute|2021-08-26 22:37:15|sordeo|2026-04-15 05:09:15
corona|theologus|2025-05-10 23:58:49|vere|2021-04-23 06:28:54
solvo|decretum|2018-09-03 04:43:02|decumbo|2023-07-01 04:46:38
delibero|cilicium|2024-10-02 22:53:34|curo|2023-10-20 14:44:05
vita|canto|2019-11-11 04:56:11|officia|2018-07-26 13:27:45
adhuc|vel|2022-08-22 23:46:37|causa|2018-05-30 23:12:57
civitas|corona|2019-05-24 11:27:17|succurro|2023-08-04 21:17:20
comburo|adamo|2020-05-10 02:43:58|arbor|2025-02-05 12:48:49
capto|supellex|2026-08-09 07:02:39|terminatio|2023-09-05 12:16:25
titulus|demulceo|2026-03-15 21:49:48|sed|2025-02-18 13:06:18
aeneus|alius|2026-09-08 01:08:35|vetus|2017-11-07 08:26:30
theca|adversus|2021-12-29 05:32:06|viridis|2025-03-11 22:24:40
cogito|repellat|2022-06-13 05:19:00|quidem|2021-12-18 23:24:13
autus|ex|2017-02-09 16:53:31|demergo|2018-05-30 19:38:01
creo|summopere|2019-02-19 16:10:31|subvenio|2024-02-28 15:12:49
concedo|tibi|2024-12-27 08:56:54|consectetur|2024-09-16 18:42:14
voco|desipio|2025-10-27 17:58:55|creator|2023-04-20 00:43:33
aggero|doloribus|2018-02-16 16:56:22|tametsi|2024-12-25 17:09:13
valeo|atrocitas|2017-11-09 14:34:13|audentia|2025-04-27 20:29:59
nisi|cuius|2021-04-09 12:16:06|ago|2022-11-18 07:32:23
verecundia|accendo|2022-02-21 07:08:57|celebrer|2025-03-29 22:11:40
ara|cruciamentum|2019-08-24 23:59:10|tenax|2024-02-21 13:54:35
defendo|adversus|2017-11-23 11:37:32|sui|2020-04-04 23:50:44
totidem|tremo|2024-11-18 05:01:17|temeritas|2022-01-07 23:09:50
cubitum|arbitro|2017-04-14 02:54:39|magni|2025-11-29 14:02:31
sublime|crudelis|2017-12-30 16:08:43|certe|2025-07-28 21:46:27
bos|cupio|2017-12-22 08:19:35|substantia|2024-05-31 18:21:12
concedo|arbor|2022-12-21 16:39:32|amiculum|2025-12-26 23:12:02
ver|cruentus|2023-12-11 21:02:03|nobis|2025-06-08 22:26:24
animadverto|via|2026-06-20 19:18:56|demergo|2024-09-09 16:36:09
sub|ulciscor|2021-09-18 07:28:48|tricesimus|2017-07-21 22:21:31
cernuus|considero|2025-12-20 19:09:02|vigor|2020-05-05 12:53:07
peccatus|aegre|2025-07-24 16:55:41|saepe|2017-08-27 21:37:16
clementia|vestrum|2019-10-26 15:48:19|vivo|2017-12-19 05:49:06
aptus|minima|2022-10-24 06:35:23|crapula|2020-03-16 16:18:22
curriculum|patior|2019-06-13 17:04:10|catena|2018-02-15 07:38:50
arbustum|conqueror|2016-11-17 05:16:45|arma|2023-02-28 15:36:36
inventore|vero|2020-03-07 21:39:16|demoror|2024-06-04 16:10:40
ter|facilis|2024-06-08 07:59:33|aperiam|2017-09-06 02:07:28
adinventitias|vilis|2023-03-22 10:27:56|tego|2024-11-08 19:02:56
conitor|deserunt|2017-12-24 09:54:09|crepusculum|2023-11-03 21:06:53
tutamen|somniculosus|2026-02-23 11:41:21|brevis|2017-11-02 10:14:36
acer|xiphias|2022-07-12 06:01:38|sortitus|2024-07-21 09:34:28
tabernus|culpo|2017-01-21 14:38:42|provident|2023-01-27 00:51:51
molestias|claro|2019-06-11 21:45:12|vero|2018-12-31 04:22:57
dolorem|cupiditas|2023-10-17 23:56:11|amitto|2025-12-19 00:00:33
demitto|aqua|2026-08-03 23:44:43|copia|2024-06-10 02:50:55
vado|communis|2022-08-20 01:42:29|conspergo|2024-02-07 21:36:58
calco|adulatio|2017-02-09 02:47:33|voluptates|2021-08-12 23:44:57
cui|sophismata|2016-10-15 07:18:38|calco|2024-03-18 05:45:50
aegrus|turpis|2021-06-29 15:00:58|asperiores|2026-03-30 20:51:18
calamitas|beatus|2026-08-29 11:22:48|molestias|2016-11-11 08:27:39
dedecor|apparatus|2024-02-11 21:19:45|curia|2018-12-23 16:03:49
aer|bene|2023-11-18 10:46:47|cariosus|2026-08-22 11:06:36
communis|voluptate|2017-02-19 09:03:39|absens|2022-06-28 06:07:01
atavus|demitto|2021-12-25 02:44:23|quae|2017-03-30 08:34:06
pauci|ambulo|2022-04-28 08:59:53|dolores|2018-12-21 10:27:16
aeneus|vulticulus|2022-08-15 06:05:00|distinctio|2026-03-10 13:37:20
ademptio|antea|2025-03-19 09:48:34|error|2024-07-17 02:19:29
suppellex|alveus|2020-07-26 18:44:01|audio|2018-10-21 11:53:31
acerbitas|creator|2021-01-07 23:49:12|quos|2024-08-09 16:53:21
suadeo|numquam|2018-12-12 05:49:14|cursim|2019-02-17 01:31:47
coniuratio|supra|2017-05-13 13:48:37|uxor|2020-09-26 19:25:18
ab|despecto|2026-01-17 02:30:43|causa|2016-12-25 06:22:59
tempore|defessus|2019-12-06 23:28:36|vociferor|2022-07-06 05:00:33
unus|umerus|2021-09-25 23:31:07|tandem|2017-11-15 21:21:45
cupiditate|carmen|2024-04-14 13:02:36|varius|2017-02-04 09:33:20
inventore|civitas|2022-12-15 00:57:13|contigo|2025-01-03 19:59:47
textor|subnecto|2022-07-23 13:29:14|utpote|2021-09-17 08:48:46
aegrotatio|aliquid|2018-04-13 23:10:21|defluo|2021-05-08 07:35:28
cursus|varietas|2022-10-22 02:29:34|coruscus|2025-01-24 09:00:19
tergiversatio|repellendus|2022-03-12 22:12:08|varius|2020-08-12 05:23:19
basium|tonsor|2026-07-15 06:53:37|debeo|2018-09-09 06:03:18
audax|sodalitas|2018-11-14 01:42:35|demitto|2019-09-26 06:46:48
amplitudo|doloribus|2017-02-09 01:44:48|stabilis|2024-03-02 05:47:02
amoveo|conspergo|2023-02-02 01:09:43|adicio|2016-10-06 19:15:15
soleo|tibi|2023-09-02 16:30:38|aggredior|2020-07-23 05:40:46
apparatus|decor|2023-03-24 14:02:06|cribro|2016-12-19 22:46:17
placeat|debitis|2022-10-13 12:21:33|caput|2018-04-05 11:28:38
demulceo|vulnero|2017-01-24 15:17:50|repudiandae|2019-02-23 00:29:08
perferendis|bellum|2020-06-01 19:42:45|ars|2025-08-29 16:27:43
comedo|comis|2023-07-09 15:22:56|desolo|2022-12-11 15:44:01
candidus|tener|2019-03-21 21:48:12|ratione|2021-06-21 21:43:19
asporto|quisquam|2018-01-28 16:39:46|verumtamen|2024-12-29 18:36:43
deprimo|capio|2017-11-19 07:07:13|apparatus|2025-12-05 09:03:46
voluptatibus|damnatio|2022-05-20 15:54:36|ulciscor|2019-01-01 09:04:57
blandior|adsum|2017-02-04 01:43:27|cuppedia|2020-05-28 21:59:18
strenuus|vado|2024-03-13 22:19:03|viriliter|2019-03-23 18:24:28
valde|brevis|2023-01-27 00:43:00|blanditiis|2017-03-02 07:44:55
conculco|tero|2023-08-21 17:54:27|odit|2021-12-02 07:23:09
admoveo|stipes|2022-01-14 18:07:29|benevolentia|2024-01-20 21:04:02
vos|usus|2022-09-09 16:53:55|super|2019-08-01 07:09:47
natus|basium|2026-07-30 22:18:36|claro|2019-05-04 11:16:06
consuasor|atque|2018-10-29 07:01:53|tolero|2021-10-02 03:26:17
vorago|desino|2020-02-13 16:49:22|speciosus|2021-07-08 21:11:23
textilis|templum|2017-04-12 13:01:19|virgo|2017-12-08 16:27:50
vomer|vero|2017-02-06 13:09:16|vir|2021-03-18 19:12:04
verumtamen|tandem|2017-06-14 16:59:55|clibanus|2017-08-22 18:00:40
antea|vomica|2021-02-09 18:25:11|veritatis|2025-07-12 20:53:40
abundans|carbo|2019-05-16 05:22:18|admoneo|2016-10-04 11:31:53
usque|administratio|2016-10-19 17:33:43|xiphias|2021-01-27 05:42:14
quo|tunc|2016-12-29 19:20:53|undique|2022-03-13 15:27:42
suggero|capitulus|2025-09-30 15:31:04|triumphus|2018-12-03 21:36:45
tracto|caterva|2018-02-17 08:18:48|curatio|2022-04-07 07:23:44
calamitas|temperantia|2025-06-20 14:01:35|amitto|2026-08-27 11:03:45
incidunt|cotidie|2026-04-06 18:19:21|perspiciatis|2025-04-25 08:02:12
umquam|cupiditate|2019-03-01 08:21:30|crudelis|2022-07-23 05:19:51
aegrus|tum|2021-09-17 04:17:56|beatae|2020-08-21 23:01:18
conspergo|cupiditate|2021-07-10 09:33:19|amissio|2025-05-21 04:37:31
rerum|demulceo|2022-09-25 02:19:41|via|2023-09-18 09:30:25
defessus|vere|2018-08-23 04:49:00|comprehendo|2018-09-25 02:32:31
communis|curatio|2017-06-05 10:21:38|conor|2018-06-05 23:53:39
arca|tui|2024-07-04 17:50:35|sufficio|2018-05-04 23:45:14
aspernatur|clam|2024-02-04 14:07:45|curo|2022-01-12 17:06:14
crepusculum|taceo|2018-10-20 19:26:34|itaque|2022-12-26 03:58:42
teneo|depraedor|2023-07-24 16:12:00|vicinus|2021-04-03 15:52:53
blanditiis|sumptus|2026-01-02 04:22:31|ubi|2018-06-29 11:00:23
convoco|venustas|2019-05-23 04:44:10|compello|2023-11-07 00:08:34
ratione|spes|2019-08-17 02:40:24|qui|2017-08-12 01:42:16
vobis|audax|2021-07-14 14:45:53|desparatus|2024-05-19 19:30:15
aiunt|casus|2026-01-23 02:11:27|abutor|2022-02-26 00:21:03
tot|est|2023-12-07 15:51:53|aggero|2019-02-25 21:59:57
cogo|antiquus|2026-06-05 18:05:19|vilicus|2017-01-08 08:41:58
pecus|laboriosam|2019-08-23 16:10:47|corona|2017-11-16 12:51:18
triumphus|commodo|2019-08-08 16:52:25|venustas|2022-08-24 03:13:45
spiculum|carcer|2026-05-18 15:30:54|curtus|2022-05-05 19:06:41
decor|virga|2018-08-16 14:15:49|vis|2026-01-18 20:27:10
caute|conitor|2019-11-25 20:18:33|suppono|2019-04-06 14:41:54
asporto|volva|2026-05-03 00:52:46|vulgivagus|2019-08-12 15:40:39
ceno|occaecati|2024-08-06 01:19:45|constans|2022-10-30 10:35:57
conqueror|tenetur|2019-06-11 17:21:38|patior|2021-05-07 22:23:41
adfectus|synagoga|2023-10-19 11:59:11|laudantium|2019-02-17 20:56:47
damno|voluptas|2021-03-15 03:20:41|illum|2024-03-23 18:02:36
cursim|socius|2022-07-26 12:04:07|claro|2026-02-16 08:09:42
voluptas|subseco|2024-04-16 02:43:27|assumenda|2017-04-27 19:04:59
pauci|nihil|2023-01-18 09:20:30|cruentus|2017-03-20 18:49:01
cauda|audacia|2024-07-15 13:30:19|alo|2023-11-30 00:54:40
tametsi|conicio|2022-07-11 01:27:57|praesentium|2018-08-26 22:12:29
vesco|velum|2022-05-06 23:48:43|argumentum|2023-01-22 09:56:11
labore|civis|2021-05-30 08:07:13|stella|2020-12-30 15:39:21
iure|amitto|2020-06-14 10:37:04|virga|2021-06-02 22:52:26
terminatio|suspendo|2020-02-18 04:48:42|abscido|2025-09-10 12:21:58
subito|carpo|2018-04-28 03:21:04|solitudo|2017-03-26 08:07:09
votum|bardus|2017-08-16 15:06:19|ubi|2021-02-17 15:50:00
capto|curiositas|2025-03-14 03:48:07|credo|2025-03-08 08:30:53
adsum|derideo|2016-10-31 05:36:07|colligo|2016-11-22 20:03:27
arguo|nesciunt|2024-06-08 02:39:27|complectus|2021-10-22 10:50:35
varius|clementia|2024-01-01 18:10:43|patria|2021-07-25 10:25:33
teneo|aegrotatio|2017-12-02 03:33:23|caecus|2026-02-24 08:02:36
asperiores|decumbo|2025-08-23 02:09:54|vindico|2023-08-04 23:34:48
suppellex|explicabo|2022-08-27 03:02:42|beatae|2019-11-07 04:08:38
vehemens|acceptus|2020-01-30 03:56:24|atque|2025-10-16 05:53:55
consequatur|titulus|2021-04-22 19:40:52|sui|2021-06-21 23:43:27
suscipit|corrumpo|2024-03-01 05:30:45|apparatus|2022-03-26 22:35:19
considero|succurro|2019-07-25 13:36:05|sophismata|2024-11-10 21:06:23
cohibeo|vero|2019-02-18 14:38:52|cunabula|2023-06-20 04:32:43
numquam|crebro|2024-04-30 04:49:47|dedico|2016-12-14 13:27:50
curto|vulariter|2018-11-20 09:19:40|sapiente|2024-08-06 10:37:17
celer|abbas|2019-02-24 10:11:43|bonus|2017-01-02 20:41:49
apostolus|vaco|2025-05-22 23:17:45|bis|2026-04-28 20:44:46
a|cohaero|2018-03-15 06:39:00|tam|2020-09-03 10:01:30
cerno|demo|2023-05-02 00:32:31|spiritus|2021-07-29 03:36:08
sumptus|voluntarius|2025-10-29 09:07:42|cuppedia|2025-04-25 10:18:46
adulatio|in|2022-10-22 06:26:07|cribro|2017-03-17 05:24:41
speciosus|audax|2025-09-02 01:01:03|tardus|2026-01-13 18:34:00
error|cauda|2018-01-01 02:39:33|acquiro|2023-09-27 10:38:56
coaegresco|cognomen|2025-09-15 01:55:50|libero|2021-02-11 07:33:32
volo|triduana|2023-07-26 06:48:13|tabula|2025-10-30 17:07:56
vicinus|optio|2024-03-01 17:55:42|virgo|2023-11-23 08:08:27
pectus|cedo|2020-04-29 22:03:00|degusto|2018-07-15 08:34:53
atrox|stips|2021-03-04 11:35:02|conservo|2024-04-10 16:55:52
tantillus|ipsa|2017-05-29 19:31:30|ex|2022-11-04 18:33:59
cupio|rerum|2022-09-19 21:19:01|torrens|2018-11-13 08:14:54
adsuesco|villa|2023-04-29 20:51:51|acceptus|2023-09-03 12:51:32
carpo|capto|2024-05-14 12:54:30|eius|2022-09-20 17:31:02
anser|asper|2025-06-17 16:27:27|vorago|2018-04-24 07:57:13
defluo|subvenio|2018-08-21 17:34:01|velum|2018-04-09 08:27:52
utpote|arguo|2019-09-22 13:32:02|calco|2024-12-01 09:00:08
tres|carpo|2025-08-08 19:41:28|facere|2025-09-16 23:10:38
adamo|aut|2017-11-17 21:12:16|deleniti|2022-07-06 04:55:30
temeritas|tum|2024-02-03 11:04:01|stillicidium|2024-10-23 17:10:18
cunctatio|depono|2021-09-26 02:26:46|custodia|2023-12-11 18:12:08
illum|umerus|2020-12-11 13:08:28|dolorem|2016-11-07 12:33:02
canonicus|claudeo|2025-07-19 00:58:13|itaque|2019-08-11 16:40:58
venio|aro|2025-02-24 06:11:57|porro|2023-04-11 22:56:43
corpus|pectus|2021-12-24 00:58:01|venia|2018-10-17 07:36:57
sodalitas|umerus|2017-04-28 23:47:26|delicate|2022-03-19 22:27:50
ocer|conventus|2017-03-01 15:02:19|eum|2019-11-24 16:05:23
terra|virga|2023-02-15 20:23:08|benigne|2025-12-09 08:13:15
contigo|utroque|2024-06-02 06:37:50|cauda|2020-07-26 14:48:45
caterva|tibi|2020-04-19 00:13:55|velociter|2018-06-13 00:19:48
adamo|adinventitias|2026-01-03 16:28:01|terreo|2016-09-22 06:18:57
dolores|suppellex|2021-09-05 09:22:57|versus|2020-11-22 07:39:16
attonbitus|pecco|2018-07-04 12:02:48|tutamen|2020-04-24 03:02:24
stips|pauci|2020-12-08 19:49:37|asperiores|2025-01-02 17:04:32
officia|teneo|2018-06-17 16:19:09|statim|2024-07-09 03:04:35
virtus|nam|2021-06-17 15:39:11|deleniti|2020-05-30 21:33:25
pel|apostolus|2024-03-22 23:01:41|accedo|2024-08-18 23:41:51
laboriosam|avarus|2025-12-25 15:00:24|animi|2026-06-10 18:26:14
ago|sollers|2019-10-02 11:13:48|templum|2024-05-06 21:03:41
nihil|harum|2020-08-19 17:15:16|dens|2020-04-24 21:03:25
ventosus|iusto|2017-03-09 23:00:21|eos|2024-07-10 11:22:04
antiquus|velociter|2023-05-21 22:30:31|cunabula|2021-10-03 17:13:05
clam|pecto|2022-11-26 17:19:34|sui|2026-03-18 21:02:29
turba|patria|2017-02-14 16:13:04|ocer|2022-04-20 01:20:09
teres|cotidie|2025-07-13 18:09:04|ater|2019-04-06 01:45:48
molestias|ipsum|2018-12-08 06:35:22|earum|2023-12-31 18:09:48
cultura|cognatus|2017-10-17 00:57:11|praesentium|2024-05-07 19:02:58
capitulus|tricesimus|2017-11-10 03:34:16|sumptus|2017-08-15 06:38:33
eligendi|est|2022-04-13 23:48:59|vita|2019-02-02 19:41:33
magnam|ulterius|2018-05-14 13:33:30|cognatus|2020-03-08 03:54:01
armarium|umquam|2019-12-15 06:11:38|deporto|2022-10-11 17:55:56
vito|illum|2020-07-09 06:10:13|angulus|2017-03-27 04:53:12
votum|tandem|2022-08-29 08:11:20|sono|2017-11-14 17:01:37
fugit|coepi|2018-08-21 17:13:34|clamo|2024-03-15 11:51:03
cenaculum|perspiciatis|2022-10-23 03:24:05|consuasor|2026-02-23 22:33:20
voco|damno|2017-10-30 20:11:48|solitudo|2019-06-18 18:13:26
bis|cupiditas|2018-08-10 16:39:45|adsum|2023-08-19 15:53:29
suadeo|ciminatio|2024-11-02 12:32:43|aeneus|2020-08-04 11:16:10
ustulo|tergo|2018-03-20 10:28:29|contego|2026-05-19 20:18:22
nulla|terga|2025-02-01 03:25:26|odit|2018-04-10 10:31:52
derideo|suscipit|2024-04-27 05:30:06|uredo|2025-03-03 13:15:56
conitor|defero|2025-03-15 14:56:51|vix|2021-02-11 18:51:14
comminor|angustus|2016-12-30 14:47:13|et|2019-04-17 17:54:34
sint|tristis|2018-10-30 17:10:09|votum|2019-08-18 14:40:41
video|concido|2018-03-16 09:12:55|comparo|2024-11-02 09:28:15
callide|cruciamentum|2024-09-23 16:20:21|texo|2018-07-23 17:27:01
aggero|colligo|2017-05-24 23:39:13|vitae|2017-09-29 15:31:37
desipio|ultra|2016-12-19 19:06:41|amplitudo|2020-07-17 23:48:16
conscendo|subito|2017-11-18 20:36:26|subvenio|2018-06-04 05:21:53
usitas|aranea|2022-07-07 17:22:22|adipisci|2020-10-18 15:06:59
appello|pauper|2019-01-15 23:46:59|censura|2023-10-27 15:27:27
aspernatur|atrox|2024-10-20 13:27:11|nostrum|2018-10-06 19:39:02
tutamen|facilis|2024-01-20 16:24:02|tripudio|2016-11-27 20:52:17
arguo|crur|2016-10-28 19:53:38|triduana|2024-10-25 07:10:19
degenero|succedo|2017-02-19 06:48:52|decor|2017-11-23 22:47:17
atrocitas|audax|2018-06-08 22:37:58|tubineus|2022-06-20 03:43:16
corrumpo|spoliatio|2016-09-21 01:14:18|umerus|2024-08-22 09:16:53
via|adipisci|2020-08-29 17:05:54|vehemens|2024-12-06 04:50:19
decimus|sui|2024-07-25 10:54:17|calamitas|2026-05-15 13:00:04
ab|depereo|2017-04-21 06:09:17|aequitas|2019-03-13 04:09:34
magni|aedificium|2024-08-17 06:36:50|solus|2021-12-28 07:53:17
caveo|spiculum|2025-05-27 10:06:13|atque|2019-03-29 05:14:46
administratio|curso|2019-03-22 12:46:11|spargo|2020-11-21 21:08:01
patrocinor|adulescens|2019-08-11 02:41:55|adfero|2018-06-10 04:08:06
centum|dicta|2024-08-28 11:42:57|terebro|2020-08-17 06:43:19
cetera|error|2020-02-13 19:59:34|voluptatibus|2022-10-01 02:14:48
deficio|aggredior|2026-03-21 03:45:14|abundans|2018-09-14 06:08:03
usus|clementia|2018-01-17 07:59:34|adsuesco|2017-07-14 13:51:42
tergiversatio|audentia|2017-05-05 09:55:39|vorago|2022-01-26 14:10:33
admoneo|corrumpo|2025-11-21 03:30:37|currus|2021-09-26 18:06:48
umerus|aestas|2017-09-17 04:14:40|urbanus|2023-03-07 01:37:52
defungo|acerbitas|2023-01-26 00:17:30|unus|2018-08-01 16:51:45
tempora|accedo|2022-05-11 08:30:20|consectetur|2021-11-18 19:18:24
comedo|adhuc|2025-05-20 18:56:43|cunabula|2026-04-29 10:36:53
corona|veritas|2017-04-29 18:29:35|tutamen|2019-11-01 18:42:23
totus|animus|2019-04-19 15:53:45|vomica|2017-05-05 15:39:01
decimus|laborum|2017-03-17 08:43:42|conicio|2026-02-17 02:55:36
aufero|casso|2024-12-24 22:06:28|collum|2020-11-14 05:17:18
uterque|tumultus|2016-10-25 16:19:44|thymbra|2023-05-15 12:29:17
cunctatio|creta|2020-05-01 12:31:23|thymbra|2020-12-20 22:49:49
vacuus|sonitus|2023-08-18 12:30:24|avaritia|2020-05-05 10:11:42
voveo|ipsum|2017-04-11 10:50:41|varius|2026-03-26 03:08:15
aperio|credo|2017-05-25 00:17:56|trucido|2017-09-01 09:35:44
averto|sperno|2023-04-30 18:53:16|cunae|2022-09-10 02:13:39
civis|turbo|2021-11-01 08:33:48|decipio|2016-11-18 02:01:18
aro|in|2018-01-26 04:21:52|cubo|2023-07-14 17:20:39
comparo|ustulo|2026-03-08 01:36:26|sponte|2018-03-18 04:20:32
civis|creo|2017-07-01 00:31:15|architecto|2023-02-17 00:28:00
adsidue|alioqui|2018-12-03 22:35:38|celo|2025-11-02 03:30:21
umbra|surculus|2025-01-04 02:14:28|utrum|2026-03-05 06:38:29
terga|tremo|2023-05-06 08:24:59|cribro|2025-12-27 06:17:37
denique|utrum|2019-11-29 05:41:23|pectus|2016-12-09 22:03:39
custodia|quaerat|2022-05-04 04:19:00|eum|2021-03-29 04:31:43
speciosus|decet|2019-07-26 12:54:44|deripio|2016-11-14 18:19:50
accusator|avaritia|2022-06-03 13:26:03|tubineus|2022-12-14 13:16:45
pel|asporto|2022-05-31 06:02:37|earum|2019-10-02 05:17:48
tutamen|optio|2020-03-05 11:47:27|adhaero|2017-03-13 01:17:04
depereo|despecto|2018-04-03 22:54:38|tutamen|2024-11-18 12:16:34
accedo|triumphus|2020-01-18 07:26:34|asperiores|2021-08-11 14:58:49
cubo|depromo|2021-08-23 07:51:17|perspiciatis|2020-01-03 17:48:41
clarus|convoco|2019-09-27 22:18:49|ullus|2017-03-25 21:45:18
aggredior|appositus|2021-10-07 05:38:07|temperantia|2017-12-30 05:10:36
causa|decimus|2021-04-11 09:01:27|venia|2022-03-31 22:44:19
communis|aetas|2023-11-18 18:25:24|tempora|2024-07-09 20:46:53
tergiversatio|cultura|2026-03-12 09:35:13|auctor|2026-05-06 03:58:03
quod|suspendo|2023-02-27 19:29:59|voluntarius|2024-09-15 08:09:17
aspicio|tabula|2021-12-27 20:12:54|somniculosus|2020-09-25 17:25:52
reiciendis|accusantium|2018-06-04 19:49:30|comedo|2020-12-12 18:56:30
vapulus|voluptas|2020-01-10 07:00:02|addo|2026-06-18 20:30:55
verbum|talio|2018-11-26 22:49:09|aliquid|2024-04-05 01:53:05
dedecor|adhaero|2021-02-05 18:57:42|tribuo|2022-03-14 19:56:52
curto|tamquam|2018-06-11 10:42:15|uterque|2022-03-26 16:35:12
sunt|cras|2020-04-22 08:51:51|denique|2019-10-21 01:16:12
angelus|defleo|2018-01-03 20:52:21|nisi|2025-11-19 14:06:58
currus|eum|2025-03-03 12:53:25|mollitia|2024-10-08 07:31:37
adulatio|aeger|2020-07-04 17:54:50|thorax|2024-06-26 23:42:16
spectaculum|substantia|2019-09-18 03:17:01|charisma|2019-02-05 03:04:32
civitas|cavus|2020-03-26 00:00:52|vetus|2020-11-11 21:29:40
vindico|ambitus|2021-05-02 23:54:06|vinco|2017-08-04 10:04:00
uxor|ancilla|2025-02-15 20:30:34|caecus|2019-12-03 02:17:13
temeritas|asporto|2023-01-07 06:17:48|ancilla|2024-12-21 04:51:36
vicissitudo|volo|2016-11-02 23:37:56|tergeo|2022-12-02 13:57:52
veritatis|tutis|2018-12-20 21:57:14|strues|2021-11-14 18:49:31
acidus|nesciunt|2024-05-06 01:04:11|suffragium|2018-03-28 13:17:34
ceno|facere|2025-01-16 01:54:30|adimpleo|2026-01-26 22:11:37
usque|beatus|2024-08-05 18:52:21|sophismata|2024-10-22 06:46:19
vulgo|coaegresco|2023-04-24 11:33:27|tandem|2018-12-20 19:15:34
velum|ullam|2019-10-03 07:41:48|decor|2019-02-28 16:14:41
admitto|appositus|2018-03-12 15:14:21|ater|2020-02-08 12:33:25
conservo|talus|2017-08-27 02:21:59|demergo|2020-04-09 12:07:51
adopto|charisma|2017-01-23 04:52:10|dicta|2021-07-20 20:17:39
ulterius|color|2021-01-19 20:27:06|arca|2022-11-22 07:10:30
vehemens|defungo|2020-02-22 15:59:59|culpo|2024-01-25 01:49:32
est|crudelis|2025-03-28 10:35:23|adhaero|2024-06-15 07:05:03
advenio|verumtamen|2018-05-21 00:27:54|animadverto|2019-01-17 17:15:13
bellum|creator|2019-07-14 19:40:40|veritatis|2021-07-13 04:40:42
deputo|defendo|2025-04-27 03:35:51|arguo|2025-05-02 20:57:50
verus|cognomen|2016-09-22 23:41:20|territo|2020-04-07 13:33:48
damnatio|tepesco|2020-11-08 14:49:16|ara|2020-10-31 19:38:59
vesica|deorsum|2025-04-21 09:17:51|curvo|2020-03-06 23:16:19
attonbitus|timidus|2023-08-17 06:44:13|ustulo|2025-09-20 21:35:56
decumbo|agnosco|2023-05-19 04:10:32|ante|2026-08-15 04:24:01
turbo|consuasor|2022-12-31 00:43:33|supplanto|2017-06-25 00:22:51
adnuo|thesis|2017-03-05 14:33:42|solitudo|2021-02-10 10:04:47
vigor|ulterius|2026-03-05 23:04:04|bos|2025-03-21 17:56:35
pecto|timidus|2017-01-11 06:04:46|via|2025-12-15 04:16:05
ratione|aperiam|2017-02-12 23:28:00|campana|2025-06-18 22:30:38
thesaurus|absum|2023-04-30 18:54:05|undique|2025-06-02 05:37:27
compello|admiratio|2026-04-27 15:10:17|laboriosam|2016-11-20 10:21:41
casus|paulatim|2018-07-28 10:20:18|clementia|2026-06-17 03:19:36
virgo|deputo|2026-02-16 22:59:16|voluptatum|2024-04-09 09:50:49
comis|consectetur|2025-09-05 21:25:54|cognomen|2022-09-27 14:12:38
cursus|recusandae|2026-04-15 01:27:27|amaritudo|2020-07-31 05:55:12
approbo|desidero|2018-08-09 12:55:34|aestus|2023-12-26 20:11:54
arbustum|adeo|2018-01-17 05:49:04|coniuratio|2026-04-07 00:59:58
suspendo|conventus|2017-05-20 09:36:23|abduco|2019-12-30 12:45:49
aro|molestias|2024-04-05 06:13:56|depereo|2019-09-29 18:43:51
taedium|aliqua|2017-04-15 14:55:32|ad|2019-10-18 00:26:13
vester|sufficio|2018-12-12 00:11:27|excepturi|2019-09-11 10:48:13
calculus|ars|2023-04-22 03:51:22|amo|2023-10-10 18:02:15
teneo|vulticulus|2022-05-28 13:57:55|cuppedia|2026-04-10 18:26:13
cohors|cauda|2018-02-15 11:27:30|spero|2022-01-30 03:58:39
socius|charisma|2025-07-02 01:52:02|ascit|2018-08-25 19:53:22
spectaculum|alioqui|2024-08-29 08:59:57|utpote|2024-10-22 09:10:36
corrupti|cernuus|2017-09-07 06:20:50|volutabrum|2022-09-21 04:31:07
aliquid|apud|2021-01-31 22:38:10|cumque|2020-04-01 08:35:50
coniecto|commodo|2024-12-01 10:11:05|quasi|2024-06-28 13:28:31
arguo|tres|2024-11-27 07:52:25|approbo|2019-05-27 20:02:55
adficio|aliquid|2018-11-21 20:03:08|non|2023-10-18 19:23:48
sonitus|labore|2020-12-26 21:40:31|tyrannus|2025-02-25 15:15:46
supplanto|civitas|2024-03-13 11:58:00|brevis|2020-04-04 06:08:12
adipiscor|consuasor|2017-05-29 03:44:27|aliqua|2021-05-26 03:21:38
cupio|utrum|2018-01-11 02:40:00|adsidue|2017-05-30 22:50:14
triduana|condico|2019-05-18 20:43:10|alo|2021-01-03 11:18:05
voro|ciminatio|2026-04-21 06:11:02|vilicus|2023-01-13 02:53:00
possimus|vestigium|2021-10-04 16:20:48|ad|2025-08-15 04:29:28
caritas|abbas|2024-10-09 10:49:57|occaecati|2018-03-11 02:13:12
benevolentia|vos|2026-08-03 10:43:15|vir|2019-08-19 20:25:05
ipsum|theatrum|2017-05-29 01:50:56|acsi|2022-08-07 14:31:51
sustineo|calamitas|2022-07-11 04:45:30|sublime|2022-11-21 16:59:40
tollo|statim|2025-07-28 18:24:01|tibi|2026-08-04 05:46:53
deludo|tandem|2020-06-14 04:08:07|textus|2024-07-02 15:55:56
verumtamen|agnosco|2022-11-09 22:52:03|sperno|2025-10-02 07:32:32
appono|tabula|2022-12-28 10:11:44|carmen|2016-10-21 03:51:17
vulgivagus|crudelis|2018-12-26 12:00:48|vigilo|2016-11-17 04:34:16
cognomen|tristis|2026-07-07 02:52:43|laboriosam|2026-07-14 12:40:03
conor|sodalitas|2016-11-27 10:30:29|barba|2018-08-18 19:46:04
defluo|vindico|2020-01-03 08:47:56|universe|2020-07-15 13:02:51
deludo|architecto|2021-02-05 23:39:56|accendo|2024-05-02 19:09:24
terreo|adsidue|2024-07-11 08:32:22|temperantia|2016-11-07 00:56:47
succedo|atrocitas|2023-02-18 17:53:34|suppono|2022-03-27 18:00:14
deleo|similique|2021-08-04 13:05:03|desparatus|2019-02-17 18:04:44
vester|cras|2023-03-05 03:22:35|auxilium|2021-12-25 09:15:18
deleo|adnuo|2022-04-06 14:39:40|conatus|2020-03-10 14:02:30
quisquam|tubineus|2023-09-18 06:15:20|ad|2024-09-28 03:46:50
tutamen|capto|2018-12-13 05:49:08|sollers|2023-07-05 04:15:58
corporis|dignissimos|2026-03-06 00:50:39|velociter|2021-05-12 20:36:41
dapifer|labore|2017-05-14 04:21:40|careo|2017-05-27 00:39:33
concido|cuppedia|2020-11-27 20:49:34|taceo|2018-03-05 00:44:34
concido|cuppedia|2017-03-31 21:19:28|copia|2025-12-06 21:12:13
ciminatio|accusamus|2017-12-10 18:22:48|tener|2022-04-04 04:39:18
aranea|tabernus|2020-09-07 09:05:13|vulnero|2021-12-02 09:04:48
desino|numquam|2026-08-04 02:05:01|beatus|2025-03-03 10:35:24
nisi|cuius|2022-02-22 09:02:33|deleo|2016-09-18 15:53:50
fuga|curto|2023-12-12 07:51:42|dolorem|2018-09-14 22:19:33
adiuvo|approbo|2026-07-10 12:46:59|adnuo|2021-10-08 17:12:26
nulla|cumque|2017-05-28 00:42:51|necessitatibus|2024-11-07 07:53:07
stillicidium|centum|2021-01-17 00:41:30|atqui|2022-07-08 15:07:44
iure|talio|2022-05-16 00:30:54|votum|2021-11-11 21:45:17
aspicio|nobis|2017-02-27 05:06:42|perspiciatis|2026-08-03 08:03:26
vilitas|arcesso|2024-01-29 06:00:49|sui|2026-05-11 00:52:08
quia|substantia|2024-05-25 04:00:26|volutabrum|2022-08-10 03:39:26
cubicularis|verus|2018-11-29 05:54:07|strues|2017-06-05 13:34:25
tero|suppono|2019-03-04 22:19:57|adsuesco|2020-01-18 19:11:47
deorsum|torrens|2016-11-18 04:26:49|convoco|2018-12-14 14:13:41
calamitas|tempus|2022-01-22 09:05:09|adsuesco|2021-02-22 22:21:59
avarus|tondeo|2025-11-06 21:53:09|veritas|2023-02-07 15:11:21
constans|adeo|2023-02-25 00:39:36|tres|2025-01-28 06:26:40
alioqui|arcus|2022-03-30 03:10:38|quaerat|2022-11-12 20:00:10
aptus|voluptates|2026-01-26 17:30:50|tergum|2023-05-03 22:52:30
ago|ullus|2019-03-30 19:47:47|tot|2016-11-23 02:16:41
cuppedia|iste|2020-07-30 22:57:06|campana|2019-02-11 11:06:24
subnecto|abundans|2023-08-05 02:38:49|artificiose|2017-12-03 12:32:32
articulus|voro|2016-10-26 17:17:22|eius|2019-05-25 10:30:56
deludo|aeternus|2022-01-18 05:05:24|doloribus|2023-10-12 04:32:03
deinde|celo|2026-06-25 02:38:49|denique|2021-06-15 16:55:52
calamitas|copiose|2017-03-10 11:09:22|crur|2022-01-26 18:57:01
baiulus|viridis|2021-05-15 00:17:27|xiphias|2025-11-03 00:55:34
comptus|odio|2024-09-15 17:49:22|decimus|2021-11-19 03:33:47
adsum|titulus|2022-05-02 01:26:27|rerum|2023-09-13 08:50:38
asporto|condico|2019-06-18 04:49:49|alienus|2024-02-10 04:47:11
corporis|decet|2022-05-22 01:31:39|collum|2024-04-01 17:24:40
decerno|bene|2024-04-25 18:57:49|pauci|2024-07-30 17:45:55
corrigo|dolor|2017-12-05 02:08:28|nisi|2021-06-05 08:44:51
alienus|communis|2020-05-24 22:30:39|averto|2023-04-09 05:02:19
crux|apud|2023-02-13 21:42:28|cursim|2024-01-29 02:30:16
agnosco|tres|2017-12-30 18:36:29|impedit|2026-07-12 03:45:49
apostolus|adfectus|2023-11-23 18:55:37|virgo|2019-09-12 16:17:18
arbor|vero|2021-12-06 02:42:05|amaritudo|2025-08-15 16:44:00
calco|pax|2019-09-11 00:08:30|voluptas|2024-07-15 17:25:36
demulceo|tunc|2023-01-14 16:36:30|talis|2025-03-02 15:51:02
ait|a|2026-01-11 05:32:24|decor|2017-04-20 22:32:42
vix|vindico|2020-05-12 09:45:00|ubi|2017-06-13 02:23:53
accommodo|thermae|2017-07-09 03:57:49|debeo|2019-12-12 12:52:24
conventus|spes|2023-02-04 08:50:42|conculco|2021-11-13 05:14:49
capillus|assumenda|2023-01-19 20:21:17|doloribus|2020-04-18 16:37:10
comburo|cattus|2026-05-15 11:11:35|corona|2016-09-22 12:44:50
arbor|quibusdam|2022-10-25 19:10:26|vomer|2022-12-22 04:32:03
tres|conservo|2026-03-20 18:26:01|abundans|2023-06-05 17:28:55
sortitus|cupiditate|2018-10-23 06:26:44|sublime|2017-12-05 04:35:33
decipio|appositus|2024-06-16 23:12:29|cometes|2017-04-11 00:52:25
ars|uxor|2017-04-23 07:34:09|infit|2017-11-10 17:19:57
aut|praesentium|2026-01-13 13:33:22|bonus|2020-09-21 15:11:41
at|comminor|2024-11-26 20:03:00|caries|2023-04-29 20:24:20
magni|ventito|2023-05-12 04:50:29|comburo|2018-09-07 03:50:46
architecto|angulus|2024-02-07 04:41:04|suspendo|2024-06-17 10:22:26
amicitia|textus|2025-11-06 17:13:39|sumo|2018-04-17 19:56:40
despecto|tamen|2017-05-08 20:37:10|demens|2022-07-06 06:43:17
ait|delinquo|2020-11-07 20:25:35|collum|2019-07-26 05:54:33
civis|consequuntur|2025-02-28 05:16:06|solus|2017-04-27 18:52:13
sumptus|cumque|2021-12-11 15:38:25|accusamus|2025-10-20 00:07:43
convoco|arbor|2023-08-31 22:42:11|pauci|2024-02-28 14:07:07
celo|cuppedia|2025-01-13 00:09:18|cilicium|2020-05-21 13:19:48
adipisci|conturbo|2020-04-03 06:17:36|tabernus|2020-06-17 23:57:08
desidero|tutamen|2019-02-18 14:12:28|decor|2021-08-21 04:35:32
depromo|vulgus|2019-06-30 17:10:51|cogito|2021-08-08 02:58:53
degenero|torqueo|2020-11-05 14:05:30|valens|2026-07-18 04:56:50
vinco|depopulo|2022-05-12 20:00:03|ullus|2023-03-06 20:44:34
arcesso|derelinquo|2021-01-07 23:02:15|succurro|2019-02-02 19:03:35
clementia|dolor|2025-05-08 15:41:18|cito|2018-08-11 18:08:55
cursim|thesaurus|2020-11-28 17:06:23|alienus|2021-04-22 20:47:59
coniuratio|stella|2020-06-03 06:04:22|sperno|2017-12-24 08:53:37
adstringo|creptio|2025-07-07 10:47:52|curriculum|2023-04-02 10:20:46
civitas|amicitia|2021-01-12 11:46:35|armarium|2021-02-01 15:36:56
depromo|conatus|2023-02-07 09:48:26|odio|2025-05-12 19:37:12
audax|vigor|2019-06-13 10:57:47|magni|2018-07-30 15:08:28
dens|somniculosus|2025-05-08 01:03:07|varietas|2023-08-30 20:21:11
stips|commemoro|2021-04-28 05:55:26|baiulus|2023-04-23 11:03:53
velut|cedo|2018-03-23 13:25:34|suppellex|2016-12-11 04:36:39
coruscus|tamdiu|2025-07-28 01:31:55|anser|2022-12-23 06:50:07
sponte|tantillus|2018-11-15 00:22:05|deprimo|2017-04-21 17:21:27
arbor|thema|2026-09-05 11:14:58|adhuc|2026-04-28 20:51:01
benigne|defessus|2025-10-15 05:14:42|acerbitas|2018-12-15 14:59:40
vicinus|ager|2019-09-21 05:46:28|dedecor|2021-07-06 10:38:26
veritatis|vita|2023-01-18 18:44:58|toties|2017-04-15 00:56:23
damno|patrocinor|2022-06-10 02:49:50|error|2025-01-21 21:28:42
amplus|ceno|2022-05-16 00:02:47|cubitum|2022-03-03 19:24:15
esse|adamo|2018-07-03 14:59:28|apud|2022-12-09 14:40:47
creo|caries|2022-10-25 19:31:54|verecundia|2020-11-13 15:47:13
benevolentia|acies|2020-03-12 00:19:03|ait|2022-10-09 16:58:57
corrupti|canis|2022-07-27 22:25:22|tantum|2019-11-27 06:48:14
somnus|ciminatio|2025-12-04 17:12:09|succedo|2024-08-30 21:44:19
denique|culpo|2025-09-25 19:33:26|aspernatur|2020-02-07 09:51:11
stabilis|amitto|2022-04-21 04:21:56|triduana|2021-11-10 09:37:33
vado|vulgaris|2017-05-07 15:06:58|conitor|2022-03-18 15:59:43
aspernatur|tepesco|2019-02-10 15:52:33|curriculum|2025-06-20 19:20:59
excepturi|deserunt|2021-03-16 16:38:22|adeo|2026-07-23 22:09:48
inventore|sufficio|2019-09-17 04:17:43|adiuvo|2016-11-15 14:59:07
socius|aegrus|2020-04-21 07:30:20|comburo|2020-06-03 11:55:42
videlicet|blandior|2020-01-30 08:05:55|balbus|2017-08-22 21:12:16
tres|usitas|2018-10-18 02:11:23|adipisci|2021-07-07 23:01:09
confugo|solvo|2026-07-10 01:28:25|tantum|2026-08-28 19:39:30
valde|demoror|2019-11-19 19:16:45|sortitus|2025-01-06 22:25:50
possimus|acer|2018-08-18 02:58:34|cumque|2022-02-25 05:40:07
sollers|cernuus|2024-10-12 21:52:42|auctor|2024-07-03 21:56:19
ver|absens|2020-10-06 14:29:03|adversus|2019-06-24 10:29:03
vehemens|ullam|2025-02-13 16:44:07|cedo|2020-08-02 11:47:02
cursus|pax|2019-12-04 04:13:45|animadverto|2024-01-01 05:24:05
traho|suppono|2018-11-07 02:44:44|accommodo|2017-06-06 04:54:21
libero|videlicet|2020-06-18 14:35:04|umerus|2020-01-31 00:50:44
tremo|nam|2022-01-26 07:50:42|uxor|2022-06-08 20:47:14
adflicto|delicate|2023-10-14 00:27:41|aveho|2019-12-15 20:45:40
iusto|admitto|2022-12-02 03:30:00|amita|2025-08-11 10:12:35
culpo|amplus|2019-12-19 16:58:50|depopulo|2019-12-30 08:30:26
conservo|molestias|2020-07-28 14:37:33|dens|2019-09-20 01:59:17
facere|collum|2024-05-03 22:52:23|cubicularis|2026-01-29 13:32:28
vulticulus|vere|2020-05-26 05:51:55|carmen|2024-01-06 09:49:44
denuo|summopere|2018-12-14 08:22:37|calcar|2017-08-22 22:03:03
damnatio|solium|2021-07-11 00:02:08|sperno|2024-09-15 04:04:57
chirographum|triduana|2025-10-28 21:46:00|charisma|2017-03-29 17:37:49
solio|quam|2024-03-21 14:52:51|universe|2019-11-27 18:20:39
vilis|acquiro|2022-12-01 21:34:34|dignissimos|2019-01-17 11:19:14
solium|animus|2020-10-19 04:32:44|vergo|2021-11-20 12:05:11
ustulo|labore|2026-06-08 15:33:44|tenus|2023-10-10 17:57:29
adeo|ad|2025-07-02 01:27:06|cultellus|2016-10-07 16:23:12
defendo|triumphus|2021-03-24 08:30:33|ulciscor|2019-12-23 12:57:13
caste|caste|2023-04-02 15:58:49|acceptus|2025-04-03 03:30:45
aequus|consequatur|2022-10-17 17:04:48|stabilis|2018-09-08 20:47:36
autus|ait|2023-03-19 07:13:09|pecto|2020-05-12 17:11:34
balbus|officia|2023-11-20 04:34:37|comburo|2022-11-17 08:52:07
absque|animi|2022-12-04 00:04:31|videlicet|2017-06-04 07:16:52
sulum|agnitio|2019-06-03 20:53:58|curto|2020-10-03 06:06:55
stillicidium|vero|2019-04-01 11:29:40|molestias|2020-12-15 05:59:06
dicta|comprehendo|2021-05-12 21:57:44|sui|2019-05-23 00:16:44
denego|depopulo|2018-07-06 01:50:02|adhaero|2017-08-30 23:37:16
colo|dolores|2019-01-24 23:27:13|substantia|2020-06-15 05:32:18
voluptatum|tum|2020-04-15 07:53:03|aqua|2026-04-01 07:33:43
claustrum|denego|2024-10-18 22:38:07|colligo|2020-03-30 18:33:18
speculum|quos|2026-01-23 05:04:07|coniuratio|2024-01-06 01:44:39
vester|adhaero|2025-08-01 13:23:17|sodalitas|2022-04-28 07:36:01
eaque|celo|2026-01-07 16:07:56|voluptates|2020-10-11 19:53:31
turba|cibo|2023-09-12 03:51:37|adinventitias|2023-05-31 23:28:11
victoria|peccatus|2018-08-25 13:14:46|amet|2024-11-04 20:41:14
aqua|vicinus|2023-11-25 13:44:36|vado|2021-02-12 07:19:25
cariosus|texo|2019-11-22 14:00:22|eaque|2022-08-09 22:50:48
debilito|vapulus|2017-11-20 08:10:10|casso|2017-10-22 12:44:03
alveus|tabesco|2026-04-17 06:58:22|concedo|2018-06-10 12:11:04
considero|sum|2022-07-26 17:36:04|blanditiis|2019-02-07 17:45:46
dolore|suppono|2018-03-22 13:24:39|spiculum|2025-03-22 17:47:16
facilis|acceptus|2023-09-21 20:12:47|vinitor|2023-01-24 09:27:59
candidus|blanditiis|2024-05-16 19:40:21|torqueo|2022-07-14 20:39:41
excepturi|porro|2020-09-16 11:30:03|spiritus|2021-09-04 22:48:22
deripio|cubo|2021-01-31 01:28:48|asper|2025-11-08 09:19:45
soluta|argentum|2023-11-16 23:13:28|adstringo|2025-05-18 04:26:32
conculco|voluptas|2019-01-24 15:43:10|utpote|2016-11-25 23:16:13
nulla|balbus|2019-06-23 15:28:52|supellex|2020-10-04 08:59:34
theca|stipes|2021-01-23 13:01:31|color|2021-08-21 01:15:30
terebro|vix|2023-12-01 00:05:44|suffoco|2020-03-30 13:13:59
vesica|trepide|2020-05-27 18:07:38|demitto|2023-05-30 14:01:49
vilitas|arma|2017-12-28 23:12:08|desparatus|2025-07-16 04:57:43
testimonium|accusantium|2026-08-21 10:31:24|solutio|2023-01-14 05:58:10
ab|apto|2021-08-05 03:33:39|subvenio|2024-07-24 12:07:56
terebro|succurro|2025-07-21 06:10:38|tricesimus|2017-02-03 22:25:47
vis|vero|2025-03-11 12:56:02|via|2026-04-27 00:01:13
cruciamentum|recusandae|2021-12-24 20:52:11|aegrotatio|2020-06-09 06:58:45
torqueo|error|2019-04-29 10:41:23|virga|2018-07-04 20:42:00
dens|aestas|2023-11-13 03:50:20|cresco|2025-02-16 00:08:29
vapulus|ancilla|2024-05-26 21:27:41|decumbo|2023-12-30 13:45:11
odit|aeger|2022-03-21 21:04:42|beatus|2026-03-11 02:24:21
cedo|tui|2020-04-20 20:15:02|carus|2023-07-09 12:18:39
alter|adopto|2024-10-06 23:23:42|varius|2019-02-13 14:01:06
strues|vaco|2025-03-26 04:16:19|vulgivagus|2024-04-23 05:12:13
amplitudo|vorago|2020-05-18 08:04:08|vel|2026-05-05 01:37:39
amor|ambitus|2019-07-07 01:27:26|paulatim|2019-05-17 13:48:50
creta|video|2021-10-27 03:40:16|tametsi|2023-02-25 22:20:16
canto|spiculum|2021-09-05 10:14:08|dolore|2024-08-10 16:31:45
audax|beneficium|2022-02-14 10:03:36|curvo|2022-01-03 16:00:17
cunabula|civitas|2019-06-29 09:37:39|fugit|2020-07-30 10:18:38
paulatim|admitto|2023-07-26 01:51:36|vomer|2019-07-05 07:54:49
adflicto|depopulo|2018-07-12 11:30:11|voluptas|2026-03-26 13:50:47
eligendi|depereo|2026-04-22 23:04:54|adsum|2017-12-14 05:44:35
tricesimus|delectatio|2024-12-31 12:45:35|sapiente|2022-09-21 01:17:06
caries|atavus|2020-09-22 07:39:16|contego|2018-03-28 21:31:54
adficio|necessitatibus|2023-06-28 06:47:23|appono|2025-05-13 13:45:40
vigor|conculco|2024-04-25 14:47:33|socius|2024-02-17 04:32:58
super|adicio|2017-03-10 19:00:17|angustus|2025-11-28 15:58:28
cinis|sodalitas|2018-04-10 17:13:07|vinco|2018-03-17 10:20:55
caste|sufficio|2021-10-08 10:44:22|natus|2019-06-15 18:54:01
sumptus|aro|2022-01-21 14:51:43|culpo|2023-03-04 12:04:13
peior|facilis|2022-05-06 15:00:36|apostolus|2018-10-23 08:48:33
velum|ait|2020-01-13 04:22:44|tertius|2024-02-27 09:31:14
in|volup|2022-09-03 15:19:38|carbo|2018-11-11 06:18:02
ullam|claustrum|2020-06-17 16:49:14|coniecto|2023-06-17 22:50:00
bellum|demulceo|2021-04-14 05:17:17|tollo|2023-05-12 05:31:07
auxilium|uterque|2025-04-13 03:20:34|voluptas|2021-03-12 04:45:46
voluptas|adipisci|2022-11-14 09:35:24|adficio|2022-12-02 17:30:27
conatus|demergo|2018-06-16 05:37:22|desparatus|2021-03-12 13:31:48
celebrer|terreo|2017-09-12 04:15:20|tollo|2025-05-14 00:46:46
quod|cado|2023-02-19 07:29:35|coma|2017-11-24 00:37:18
sustineo|supellex|2020-12-11 16:31:22|trans|2023-02-25 19:01:27
argumentum|cattus|2017-01-13 01:44:06|comedo|2026-01-24 18:56:07
angulus|causa|2020-12-08 21:55:43|ustilo|2022-11-23 22:31:24
advenio|temeritas|2023-03-16 05:10:05|summa|2021-01-22 17:25:17
patior|tego|2022-05-25 03:47:04|vomica|2026-09-04 08:27:22
capio|vulgo|2021-03-21 05:03:12|dignissimos|2017-03-14 13:12:40
arbustum|suffoco|2018-08-21 08:37:44|quo|2020-12-17 11:50:50
altus|corrigo|2018-09-16 18:04:09|sopor|2017-10-15 22:37:38
soleo|uxor|2018-01-30 12:23:52|solium|2021-02-20 16:06:37
commodo|volutabrum|2019-10-01 17:20:59|claudeo|2026-07-21 10:30:41
bellum|vel|2019-02-09 16:10:30|praesentium|2023-02-16 15:21:20
ventosus|decerno|2023-08-27 07:19:00|comburo|2017-07-09 17:31:09
strenuus|incidunt|2020-02-26 16:19:35|talus|2021-12-05 13:48:52
aestivus|decet|2018-12-31 03:26:02|triumphus|2025-05-11 20:38:30
cunctatio|pecto|2022-08-31 16:09:05|uberrime|2026-07-25 06:15:01
decens|sub|2024-07-20 05:22:36|abeo|2023-12-30 06:32:48
volubilis|cinis|2022-10-26 22:59:49|administratio|2019-10-21 16:17:19
arcus|quaerat|2018-03-18 12:19:45|velut|2019-10-03 05:17:02
reprehenderit|caries|2021-01-10 08:13:52|tristis|2025-05-24 20:03:59
adflicto|curatio|2018-03-17 16:16:21|trans|2019-11-26 19:53:04
anser|truculenter|2022-07-30 22:37:23|adsidue|2018-11-08 12:44:59
tantum|at|2026-04-16 06:16:03|sollicito|2018-09-26 22:52:03
pecus|aqua|2022-11-05 20:02:20|armarium|2019-04-13 14:00:32
combibo|stipes|2024-01-21 02:24:22|supra|2022-08-07 23:39:40
statua|perferendis|2021-04-21 21:31:06|arbitro|2019-05-30 13:22:12
quibusdam|id|2020-08-31 19:26:47|supra|2017-12-22 11:03:45
denuo|aeger|2021-05-06 20:40:43|antiquus|2019-04-14 13:12:06
curtus|cultellus|2019-10-10 07:56:22|cubicularis|2021-10-26 00:50:04
vomito|ullus|2025-02-02 00:17:23|collum|2018-02-02 15:03:46
suffoco|tero|2019-07-06 03:37:31|audeo|2026-07-19 03:19:40
conor|vitae|2020-12-08 17:03:18|video|2017-11-06 12:32:28
ancilla|decor|2018-10-21 15:01:08|tergum|2024-04-15 13:49:43
caste|vado|2023-02-14 11:31:38|ceno|2024-04-26 01:04:44
congregatio|curvo|2023-04-07 17:30:13|defessus|2016-11-15 15:04:26
exercitationem|ducimus|2026-02-11 21:01:22|corpus|2019-01-08 13:08:32
velum|nobis|2026-07-03 04:38:04|illum|2020-09-16 15:04:35
pax|fuga|2023-04-01 19:42:57|ait|2016-10-01 16:43:30
trucido|velut|2024-10-19 08:03:39|spiritus|2021-07-18 07:45:10
coniuratio|tersus|2022-11-22 20:06:56|defleo|2025-04-25 07:22:51
defetiscor|consectetur|2016-12-11 23:36:04|eaque|2018-08-15 05:01:18
decimus|vaco|2017-07-14 03:09:27|deleniti|2019-07-01 07:03:18
aequus|commemoro|2022-12-10 21:34:18|degenero|2023-07-24 08:29:32
apud|absens|2026-05-12 05:30:47|tabesco|2018-08-26 16:27:59
deludo|cavus|2024-03-18 14:26:00|at|2019-10-19 08:13:08
cognatus|nihil|2026-01-13 07:51:13|contigo|2025-05-11 12:17:35
sed|varius|2021-02-28 00:31:04|vaco|2019-08-17 21:56:43
amaritudo|stabilis|2023-04-25 09:35:05|curis|2021-01-20 14:48:25
clamo|terga|2025-05-24 07:11:00|tero|2019-08-12 02:02:35
tero|aperiam|2025-09-13 05:01:57|caecus|2016-12-01 16:52:28
denuo|appono|2018-08-14 13:47:47|depopulo|2020-08-22 22:54:38
debilito|comprehendo|2022-01-01 22:36:11|tolero|2025-09-08 20:17:04
fugit|corrupti|2017-06-22 15:35:07|cohors|2023-05-06 13:45:00
demergo|aperte|2019-07-09 18:53:45|centum|2021-07-27 03:54:20
vinculum|valetudo|2026-04-06 16:19:47|agnosco|2017-06-02 00:52:53
angelus|supellex|2021-06-30 11:03:20|animus|2022-12-11 07:20:26
admiratio|vomer|2017-01-12 04:40:29|tutamen|2021-08-11 22:02:58
molestias|corona|2017-08-01 03:24:41|vobis|2023-12-31 14:46:23
necessitatibus|trans|2022-03-07 11:21:38|administratio|2018-08-26 13:18:53
verbera|vae|2020-06-03 12:10:30|nemo|2024-01-06 02:01:00
ullam|cunctatio|2024-10-10 22:41:44|desolo|2026-06-17 11:00:15
thema|impedit|2026-08-28 17:43:09|tot|2024-08-09 04:03:43
laboriosam|tripudio|2018-09-24 13:38:28|vomito|2022-07-16 07:12:27
quia|armarium|2020-11-24 06:05:44|vigilo|2020-10-04 03:17:52
possimus|denego|2019-04-03 09:08:24|triumphus|2022-10-15 09:30:36
cunabula|bene|2024-10-14 19:42:35|tenuis|2018-11-28 06:55:38
verus|valeo|2017-06-27 22:45:58|damno|2020-08-07 15:13:52
virgo|infit|2022-06-15 07:17:42|eveniet|2025-01-14 15:26:07
vel|dedecor|2016-10-11 07:44:41|vergo|2026-05-02 06:12:58
facilis|totus|2020-12-11 20:17:54|desolo|2025-12-12 20:59:25
amicitia|aequus|2025-01-20 01:38:19|arceo|2019-11-16 04:48:38
vereor|aspicio|2023-06-25 22:31:10|cervus|2020-12-04 11:09:46
cornu|avaritia|2025-05-13 14:58:27|amet|2026-06-10 13:32:48
quaerat|aeneus|2024-03-29 07:36:22|laborum|2021-02-11 15:55:45
quo|thesaurus|2024-02-11 00:28:40|adhuc|2018-04-15 13:16:44
chirographum|civis|2023-02-24 02:43:58|careo|2018-03-15 00:14:49
delectus|calcar|2016-09-22 21:17:41|subiungo|2022-04-24 14:36:23
thermae|veritatis|2020-08-16 09:48:26|caste|2025-02-26 08:31:46
architecto|undique|2022-08-11 18:14:31|conscendo|2019-02-02 20:47:06
spiculum|curvo|2022-12-14 03:48:04|vetus|2018-11-29 03:16:52
venia|voluntarius|2018-04-23 16:51:45|vespillo|2023-09-12 18:22:24
curso|commodo|2018-08-26 02:00:46|candidus|2023-06-10 19:16:28
nesciunt|quibusdam|2022-01-27 00:00:43|vero|2022-02-24 15:36:13
sapiente|una|2017-07-14 21:51:01|quis|2026-08-19 15:53:39
ultio|vestigium|2020-01-23 02:12:50|subito|2017-10-11 16:09:57
tribuo|tero|2023-07-21 04:02:41|amoveo|2022-10-26 05:26:31
volo|vilitas|2021-07-02 22:44:50|causa|2021-12-28 15:23:37
bonus|aequus|2021-04-18 08:53:09|accusantium|2020-04-30 00:22:24
cado|vulgus|2018-03-15 05:29:37|varius|2022-06-09 12:27:17
suppono|desipio|2020-09-06 11:45:03|possimus|2026-01-12 04:28:15
comparo|ter|2017-08-19 08:48:41|exercitationem|2018-05-07 18:09:29
laborum|ustilo|2026-01-17 20:39:32|copiose|2025-12-11 10:52:37
tego|vester|2019-07-18 00:13:26|soluta|2017-03-09 05:44:48
urbs|terminatio|2019-09-26 03:29:50|vester|2017-09-28 06:15:21
uxor|aiunt|2025-11-07 13:31:53|patruus|2026-01-04 00:39:25
labore|defaeco|2018-12-29 06:03:24|ciminatio|2018-12-21 15:05:59
spes|coaegresco|2019-04-02 12:58:44|centum|2022-07-26 14:34:47
condico|umbra|2017-06-16 05:58:39|volutabrum|2023-05-18 15:31:07
tametsi|confugo|2025-10-06 23:50:44|audax|2018-06-08 17:02:23
crur|agnitio|2020-02-24 09:09:49|aetas|2025-04-09 11:23:56
itaque|deleniti|2026-03-20 00:51:17|vulgo|2017-07-04 05:47:31
ambulo|anser|2020-01-28 21:14:35|aeger|2026-02-15 23:09:35
tempora|tum|2024-11-19 10:22:31|bonus|2022-10-03 19:47:40
veritas|urbs|2018-10-27 22:52:43|candidus|2019-06-24 21:56:52
canis|utrum|2019-05-28 11:08:01|copiose|2020-09-08 17:24:14
repellendus|adaugeo|2019-08-11 22:25:11|nemo|2023-10-26 23:34:21
expedita|quaerat|2017-12-26 00:28:44|tersus|2025-02-26 22:35:08
accommodo|communis|2024-05-11 21:41:48|velociter|2017-09-20 00:46:42
decerno|caecus|2018-02-02 07:38:12|auditor|2017-03-29 10:01:28
terreo|tepesco|2019-04-05 11:24:56|arcesso|2024-02-12 00:20:00
verto|facere|2019-08-01 03:12:38|derideo|2021-01-18 23:59:15
ducimus|utroque|2024-11-27 16:24:32|calco|2021-12-07 08:59:27
tribuo|beatus|2023-11-12 10:06:34|coniecto|2026-05-21 14:44:29
curiositas|vulgo|2026-05-08 01:07:53|depulso|2025-03-21 20:22:37
adipisci|venio|2024-09-20 08:10:54|vilitas|2026-08-25 08:36:29
bos|carus|2021-08-07 22:25:45|deputo|2024-11-16 19:34:11
utpote|vestigium|2019-04-10 04:49:37|cognatus|2019-08-21 16:23:22
sed|comminor|2021-07-20 11:42:51|degusto|2026-01-16 15:22:25
adimpleo|omnis|2024-07-09 22:29:10|tutis|2019-11-25 08:03:57
adduco|vesco|2020-03-19 18:54:41|thymum|2019-10-04 12:27:34
trado|architecto|2023-10-24 17:05:36|autem|2024-03-29 06:24:08
absorbeo|aliqua|2026-02-11 11:45:54|verto|2018-02-17 18:52:34
virgo|cresco|2018-10-21 20:55:40|supplanto|2022-03-26 07:56:49
deripio|sublime|2023-01-05 03:12:14|carbo|2019-06-11 01:05:43
contigo|exercitationem|2025-02-24 14:37:26|testimonium|2019-10-16 05:45:56
adimpleo|balbus|2020-06-20 01:27:23|cibus|2021-07-06 21:36:19
demonstro|damno|2018-11-02 02:37:49|strues|2023-10-01 08:19:59
adsuesco|patrocinor|2016-10-13 21:06:12|acidus|2024-02-05 15:55:54
defleo|compello|2019-07-28 15:21:47|paens|2019-09-22 05:49:27
spectaculum|conitor|2020-01-18 12:11:04|sollicito|2023-07-03 11:02:34
dolores|dolores|2017-05-07 14:39:14|alius|2024-09-21 14:20:00
cado|atque|2024-12-11 11:35:39|impedit|2018-11-17 00:14:36
dapifer|solum|2018-01-19 22:26:04|laudantium|2019-10-17 04:01:20
conatus|cunctatio|2021-10-25 03:36:41|corrupti|2021-08-17 00:30:35
cupiditate|tempore|2026-05-25 03:53:07|virgo|2023-07-17 23:00:19
video|collum|2018-12-09 04:55:28|aeger|2025-09-15 02:31:55
somniculosus|utilis|2023-07-23 00:13:00|tertius|2017-06-24 12:55:49
peior|nesciunt|2016-10-02 06:14:17|bis|2024-08-29 23:43:52
denuncio|adsidue|2021-09-11 10:18:32|celer|2021-08-04 12:13:02
sumptus|bibo|2022-11-20 10:39:45|deleniti|2021-10-24 16:46:52
cohaero|vulnus|2021-01-19 04:42:16|angulus|2020-08-15 13:08:58
sustineo|eius|2023-11-21 19:35:02|tot|2023-02-08 02:16:14
corona|dolorem|2018-04-03 00:09:06|thymum|2019-02-12 22:39:41
ambitus|terga|2017-04-23 01:47:08|cubicularis|2017-07-10 17:09:42
thema|confido|2020-02-28 09:26:03|suffoco|2019-10-15 22:54:15
summopere|attonbitus|2020-12-31 23:19:10|iure|2025-03-08 15:17:43
capillus|denuncio|2022-02-13 11:34:33|ea|2018-07-13 09:06:16
vero|arguo|2017-02-01 18:51:38|facilis|2021-07-26 15:28:16
accendo|benigne|2016-10-09 13:57:07|iure|2023-12-14 11:04:18
tutamen|amplitudo|2020-06-01 00:50:59|vesper|2021-12-06 12:51:55
eum|peccatus|2025-07-30 03:39:32|speciosus|2023-07-11 03:43:31
cur|vomito|2017-05-03 06:48:20|corrumpo|2026-01-29 16:57:27
turpis|cresco|2023-07-23 04:54:15|tepesco|2017-12-30 01:40:49
aperiam|laborum|2023-03-12 06:01:57|titulus|2019-09-21 08:28:32
tristis|cetera|2025-09-28 01:12:27|colligo|2020-07-27 18:00:40
veritas|patruus|2019-03-08 19:43:48|suggero|2022-08-13 23:36:38
vado|absque|2025-12-02 19:02:15|suppellex|2022-03-19 15:53:00
desidero|peccatus|2026-05-27 17:15:06|sunt|2023-05-06 23:16:09
vinum|nulla|2022-01-18 14:03:43|adipisci|2025-06-29 17:42:04
curvo|tumultus|2024-11-02 10:31:58|avaritia|2022-07-20 16:08:45
voco|advoco|2017-11-25 09:32:23|ex|2022-10-11 17:53:10
confido|claro|2023-04-30 17:32:21|varius|2024-05-06 08:18:10
trans|suscipit|2020-08-13 20:53:51|sint|2017-01-14 21:38:49
certus|quae|2021-01-28 16:17:36|tabella|2022-09-25 05:03:50
cruciamentum|spes|2022-09-16 20:33:25|pariatur|2021-11-23 18:54:27
trans|admiratio|2018-06-13 19:44:41|temperantia|2018-01-01 08:29:21
ustulo|tonsor|2022-07-11 22:38:35|coruscus|2019-11-18 09:14:25
creo|pectus|2020-01-06 22:52:19|corrumpo|2020-04-23 12:20:30
magnam|aptus|2017-12-16 16:11:56|blandior|2026-03-05 11:45:52
absens|cibo|2025-09-09 09:39:17|sublime|2021-08-15 21:14:34
armarium|comptus|2017-11-17 10:12:27|cumque|2022-12-23 12:33:58
vindico|demoror|2021-07-06 16:58:07|tam|2022-12-08 01:07:26
alias|accusantium|2016-09-26 08:45:27|claro|2019-03-18 15:36:43
viscus|ab|2020-02-09 22:05:54|sub|2024-11-19 16:45:29
demoror|suggero|2026-06-15 18:05:56|tactus|2023-06-23 00:27:07
tumultus|cubo|2026-04-22 18:44:23|copiose|2019-11-29 09:12:01
vinitor|crapula|2025-05-27 09:06:28|sollers|2016-12-27 00:03:19
aestus|amaritudo|2022-12-20 04:00:17|vapulus|2025-08-19 00:37:56
theatrum|tremo|2025-06-30 00:51:24|armarium|2021-12-19 15:15:13
reiciendis|tergiversatio|2022-01-29 20:08:17|iste|2025-07-31 16:29:47
clementia|testimonium|2016-10-03 03:50:00|advenio|2022-12-11 11:03:47
bardus|vado|2023-03-26 11:51:46|carbo|2017-11-02 12:19:57
officiis|spes|2023-06-11 19:15:33|adsidue|2026-03-01 00:42:47
stultus|deleniti|2022-05-18 08:33:50|tonsor|2021-10-29 18:49:09
vulnus|acsi|2016-12-31 00:04:40|eligendi|2022-08-05 10:40:10
texo|venio|2018-02-12 23:52:45|deludo|2020-03-04 04:23:38
odio|timidus|2018-04-12 03:32:18|celebrer|2024-10-14 17:38:08
addo|depulso|2017-11-11 08:28:02|addo|2020-04-03 18:05:32
temporibus|studio|2016-10-05 15:33:42|aeger|2026-03-17 21:52:08
vesper|apud|2025-01-04 19:40:56|cilicium|2019-01-09 17:33:31
audeo|demergo|2023-06-13 22:42:30|subiungo|2023-03-24 10:36:29
peccatus|consectetur|2026-07-06 01:26:01|tamen|2024-02-26 02:53:10
cornu|virgo|2020-09-03 11:34:30|trucido|2017-07-24 14:14:41
contego|alius|2018-01-14 06:33:45|suscipit|2018-08-22 21:09:10
curatio|appositus|2019-02-23 07:36:47|modi|2022-07-13 19:59:30
constans|deorsum|2018-09-13 17:15:44|vomer|2024-06-15 19:25:09
aro|spiritus|2025-08-16 02:47:29|aeneus|2024-02-01 04:43:39
deleo|ex|2019-04-16 09:10:34|vespillo|2023-07-15 12:49:58
carmen|arca|2018-03-16 15:18:12|canonicus|2024-03-22 16:09:07
acervus|vehemens|2017-02-05 00:40:33|doloremque|2023-04-23 13:04:08
ciminatio|aliqua|2021-06-15 18:14:57|aveho|2022-01-03 03:14:02
cohors|addo|2024-02-23 15:08:58|benigne|2023-02-09 22:53:46
architecto|cito|2017-06-07 00:58:29|corroboro|2021-10-09 02:03:18
tamisium|cotidie|2026-08-03 19:58:47|appositus|2022-04-16 19:32:10
perspiciatis|atrox|2022-04-01 18:24:03|ustilo|2026-08-02 11:50:36
conventus|claro|2025-11-08 09:53:29|animus|2020-02-22 21:43:07
voluptatem|cometes|2017-10-31 07:56:50|depereo|2021-06-11 05:46:19
apostolus|ut|2023-05-11 06:23:40|contego|2022-10-26 05:18:55
aliqua|caelestis|2025-04-24 18:23:25|cernuus|2018-08-26 02:26:01
eveniet|ascisco|2017-03-22 20:34:46|aequus|2017-02-01 19:53:51
surgo|arceo|2016-10-16 03:13:33|una|2021-04-16 05:00:01
aufero|alveus|2023-10-31 01:53:39|angelus|2019-07-05 07:41:05
ipsa|conservo|2019-11-20 23:56:13|conor|2020-06-23 08:45:22
nostrum|caveo|2020-11-21 13:05:07|conscendo|2018-12-03 17:54:32
neque|paulatim|2020-03-28 12:35:43|trans|2020-12-15 02:15:00
sui|cado|2020-09-07 17:39:03|suscipio|2017-04-05 07:48:24
angulus|spargo|2023-04-27 22:07:19|comprehendo|2021-09-11 00:59:12
cohors|attero|2026-01-18 06:27:27|triduana|2019-06-26 07:17:32
damno|ter|2017-09-30 21:10:20|beatus|2026-06-01 15:49:33
approbo|apostolus|2023-08-12 08:42:05|desparatus|2021-06-01 15:35:22
comedo|denuncio|2020-07-23 05:53:01|aequitas|2022-02-07 20:30:14
accedo|casus|2025-10-10 09:41:46|minus|2017-04-12 12:18:58
cultura|sublime|2020-08-06 11:17:35|vestrum|2019-12-30 22:20:01
aestus|coadunatio|2017-09-24 19:46:49|beatae|2026-03-20 22:32:14
summopere|benigne|2016-12-25 10:59:55|iure|2023-07-10 16:16:09
dedico|suffoco|2020-09-09 06:07:27|bellicus|2020-12-27 05:49:42
textilis|brevis|2018-04-26 17:02:27|cetera|2024-09-21 01:04:43
non|qui|2021-03-13 07:35:34|debeo|2017-05-01 11:31:50
pariatur|congregatio|2024-06-15 10:53:33|degero|2025-02-12 11:58:55
toties|callide|2025-10-04 16:53:05|adopto|2022-01-17 09:59:28
cupiditate|sapiente|2019-08-19 18:07:07|provident|2021-08-21 17:57:52
absum|commodi|2026-01-28 11:55:30|vis|2022-03-06 17:04:50
adstringo|altus|2024-09-13 00:23:53|eos|2024-12-06 10:05:24
suscipio|attollo|2021-08-05 14:42:43|tricesimus|2025-08-22 15:34:59
volo|uberrime|2019-06-17 11:57:13|compello|2024-10-06 13:20:49
error|desolo|2017-05-03 06:51:19|vomito|2024-10-15 02:47:10
tenus|compello|2024-07-30 01:59:48|avarus|2016-10-19 06:32:24
turbo|crinis|2022-05-27 12:29:11|solutio|2024-08-27 20:39:35
vigilo|ipsa|2021-02-09 17:46:29|textus|2020-03-31 07:28:09
derelinquo|aro|2023-09-04 10:05:31|socius|2021-07-21 07:58:17
accendo|aeger|2024-01-26 00:49:34|audax|2021-06-09 19:09:17
ambitus|pel|2020-03-26 12:36:25|asperiores|2026-01-04 19:45:42
admoveo|ea|2021-05-19 20:53:03|cauda|2024-08-16 12:51:48
tolero|deleniti|2024-08-18 17:27:44|vinculum|2020-02-09 03:35:03
magnam|atavus|2017-08-15 14:35:02|sum|2018-07-23 13:20:27
ulciscor|quia|2020-11-17 08:46:55|tamquam|2023-07-12 19:29:10
coruscus|quibusdam|2023-04-13 09:39:11|censura|2017-11-08 00:56:06
tantillus|cupiditas|2021-09-02 02:39:12|decretum|2025-12-13 16:55:47
caritas|adsidue|2024-05-27 06:08:11|vulpes|2017-12-20 02:42:13
antiquus|concedo|2021-02-05 02:29:12|optio|2022-07-29 19:38:15
cras|damno|2026-06-28 22:17:18|calculus|2023-07-09 05:01:21
campana|cupio|2023-12-30 19:58:29|assumenda|2025-11-27 16:31:38
tabesco|vado|2023-10-08 01:57:43|tutamen|2018-06-19 19:14:11
attero|tamquam|2026-01-18 21:24:33|expedita|2019-02-27 18:31:41
adhaero|derideo|2026-08-08 08:35:17|quaerat|2024-12-19 18:47:20
apud|adstringo|2025-02-27 05:52:16|callide|2020-06-16 14:52:07
curo|quas|2023-04-01 19:00:12|verto|2026-04-29 12:35:28
conor|consuasor|2026-05-10 09:55:14|ceno|2020-11-30 16:20:31
sui|commodo|2019-08-28 05:07:12|tot|2017-06-22 04:55:34
denego|est|2023-02-03 11:57:27|caecus|2024-08-29 22:43:15
accommodo|ex|2022-08-25 00:33:10|arcus|2022-02-14 12:50:48
synagoga|nam|2022-02-21 08:09:14|contabesco|2018-03-13 15:47:27
fugiat|compono|2019-07-02 13:50:54|spiritus|2018-02-07 09:12:59
supra|defaeco|2023-02-04 06:00:40|via|2020-04-07 04:04:30
aegre|surgo|2018-05-05 09:38:55|demonstro|2017-06-11 03:11:15
vado|appositus|2020-12-14 08:37:59|beatae|2019-09-03 20:21:02
templum|bellicus|2017-07-07 03:06:33|summisse|2024-01-23 20:27:08
rerum|cometes|2018-03-13 03:09:45|utroque|2016-10-30 12:50:43
voluptatibus|odit|2020-09-09 16:42:30|caste|2023-12-13 02:34:37
bos|vel|2022-10-08 12:59:40|antiquus|2022-05-09 16:20:12
saepe|qui|2025-01-19 19:24:01|quo|2020-02-03 17:03:33
consectetur|angustus|2023-08-21 02:01:01|usus|2019-10-23 08:15:49
cribro|conscendo|2023-02-16 19:59:23|quod|2021-11-18 14:19:26
argentum|speculum|2017-02-23 07:48:16|torqueo|2016-11-24 13:33:57
utilis|spargo|2019-03-21 16:12:02|consectetur|2018-09-20 14:24:10
consequatur|voluptas|2017-11-07 09:45:13|quibusdam|2020-08-01 17:03:41
cura|doloribus|2025-07-09 12:35:46|angustus|2020-01-13 02:37:48
cedo|quia|2025-03-02 01:24:15|turpis|2023-05-08 07:18:09
laudantium|carpo|2018-02-15 19:40:32|taedium|2020-02-11 17:14:09
speciosus|comitatus|2020-01-16 20:12:31|dicta|2021-07-20 04:26:23
temporibus|conscendo|2018-01-06 11:59:00|tabgo|2023-06-28 06:44:26
apostolus|sollicito|2026-03-17 19:52:34|sophismata|2022-06-03 02:29:59
vallum|cursim|2017-04-25 12:16:58|culpa|2016-12-03 06:19:48
colo|terebro|2017-10-27 05:12:02|dolore|2018-09-13 15:02:38
basium|vis|2020-10-03 07:32:58|aperiam|2017-10-29 23:55:13
bis|nemo|2017-03-04 22:09:13|balbus|2025-05-23 00:56:22
clibanus|crustulum|2024-06-21 13:43:33|uterque|2024-03-22 23:02:07
amor|architecto|2022-04-22 00:27:51|tum|2020-11-06 11:17:55
suadeo|utpote|2017-11-26 10:00:42|bos|2026-07-23 08:34:20
vere|toties|2021-07-02 06:20:44|est|2016-10-09 23:30:34
adaugeo|sodalitas|2025-04-22 14:43:27|textus|2023-03-28 19:28:53
verbera|vulgus|2022-11-21 04:47:34|arbitro|2022-06-25 20:23:05
aspicio|quidem|2018-03-03 19:55:58|adhaero|2025-01-15 13:38:02
adimpleo|celo|2020-02-10 22:03:47|sollers|2025-03-18 02:14:02
patria|usitas|2016-12-02 21:58:29|colo|2018-04-05 07:18:26
trepide|verumtamen|2026-08-08 02:28:05|cribro|2018-07-16 15:38:39
turbo|sumo|2024-08-19 07:14:27|nostrum|2023-05-11 18:04:27
tracto|versus|2021-11-07 13:47:06|adipiscor|2021-04-21 13:15:59
crudelis|ager|2023-02-15 21:17:06|color|2023-12-30 21:00:07
teneo|crudelis|2022-06-18 02:28:48|sophismata|2020-03-29 05:56:28
tabesco|sint|2021-10-22 14:33:05|cauda|2023-10-14 04:04:07
careo|aegrus|2019-09-03 13:30:19|thymum|2021-10-28 04:55:48
tristis|demonstro|2019-05-27 14:41:56|audeo|2022-07-28 19:49:10
turbo|custodia|2018-05-23 00:20:10|defendo|2019-04-04 17:55:24
consectetur|rem|2016-10-02 10:17:19|desidero|2026-04-19 05:01:03
campana|casus|2018-10-13 17:28:13|vobis|2024-04-25 01:56:07
adopto|porro|2019-04-05 06:20:38|blandior|2021-10-27 22:06:38
depromo|patior|2018-08-17 19:08:00|deserunt|2022-02-01 13:37:21
cursim|victoria|2023-02-21 19:16:48|repudiandae|2019-08-18 03:23:26
adopto|vomito|2018-09-04 23:59:16|curo|2018-09-29 05:16:09
cubo|audax|2017-04-28 16:27:48|corrumpo|2017-09-15 21:57:12
tenax|quasi|2023-12-31 10:07:27|volva|2019-01-13 03:05:56
derelinquo|comparo|2018-11-17 12:55:17|adversus|2023-11-06 20:25:10
decimus|caveo|2018-01-03 11:19:15|distinctio|2025-08-27 19:01:21
veritas|advoco|2023-08-22 13:59:33|abundans|2022-01-27 07:12:20
adfero|alioqui|2017-10-28 20:33:29|fugiat|2020-09-24 12:09:34
magni|suggero|2023-04-15 01:03:50|caute|2017-02-07 01:31:19
adsidue|uterque|2025-11-01 05:55:31|tibi|2025-11-13 15:41:58
contego|succedo|2025-08-09 11:35:52|solutio|2023-07-10 05:47:01
adhuc|officia|2022-11-03 01:25:48|bellicus|2023-02-28 00:43:01
vulticulus|commodo|2025-01-09 10:47:08|sapiente|2023-03-30 20:17:42
triduana|defetiscor|2024-08-02 04:57:54|administratio|2019-05-09 10:15:23
quasi|acies|2021-12-09 17:55:00|ullus|2017-05-02 16:28:25
assumenda|stips|2023-10-07 16:08:18|baiulus|2026-02-28 13:26:53
auctus|peccatus|2018-01-31 10:13:54|nemo|2018-08-17 19:01:11
acer|fugiat|2021-02-13 15:53:31|depraedor|2019-09-15 08:51:17
tremo|placeat|2024-02-14 23:50:34|territo|2017-07-10 07:08:24
uberrime|coepi|2021-02-27 21:53:22|vobis|2022-01-30 06:43:45
voro|terminatio|2024-02-19 02:57:53|tepidus|2025-09-09 08:07:38
admoneo|tantum|2022-11-20 02:23:18|quam|2026-01-31 12:42:35
sono|amplitudo|2023-04-29 00:59:27|caelum|2016-11-26 05:20:37
defaeco|utilis|2022-10-02 14:36:25|arbor|2024-09-24 08:29:33
tempore|sursum|2023-06-16 19:40:03|addo|2018-03-13 04:59:08
minima|cattus|2019-03-02 14:19:55|suppellex|2017-09-10 00:48:19
verbera|utrimque|2020-08-25 09:27:50|calamitas|2025-06-15 06:46:00
modi|caste|2023-08-21 10:55:58|totidem|2018-10-04 06:26:15
cognatus|qui|2026-08-15 23:22:02|depraedor|2023-05-04 02:38:48
quas|aequitas|2026-01-15 18:44:07|suspendo|2017-08-24 02:52:20
culpo|quidem|2025-08-10 21:15:00|summa|2022-03-31 07:24:45
necessitatibus|ultio|2018-02-04 02:46:39|trado|2025-02-28 18:44:55
taceo|cuppedia|2019-11-21 13:52:59|adeptio|2025-05-13 16:36:56
recusandae|torrens|2023-03-24 23:44:19|defetiscor|2025-12-19 05:18:49
theca|adstringo|2016-12-20 17:36:00|aureus|2024-12-31 02:42:24
capillus|uxor|2024-04-19 08:51:06|claudeo|2019-04-12 23:55:26
apto|pauper|2026-06-18 11:06:04|amo|2026-06-02 03:24:48
patior|careo|2022-03-18 00:06:58|desino|2020-04-20 18:52:04
confido|tonsor|2025-07-19 20:40:05|audentia|2017-05-11 22:21:02
dolores|sono|2019-09-21 22:34:22|talio|2025-10-10 16:53:54
aeger|valde|2019-01-16 20:05:26|carmen|2018-12-12 05:57:06
centum|conitor|2017-11-06 07:49:06|tamquam|2024-11-21 03:58:23
id|admoveo|2019-03-12 20:01:31|eligendi|2025-01-21 03:38:52
talus|explicabo|2025-08-08 18:29:26|caput|2025-03-24 09:29:55
beneficium|facere|2019-07-05 17:47:52|antepono|2026-01-10 20:35:41
spero|hic|2021-09-15 21:35:25|celo|2025-06-22 20:16:59
soluta|temperantia|2023-02-10 03:02:13|convoco|2026-05-06 22:05:28
cernuus|ait|2024-02-05 21:07:39|curriculum|2025-07-06 23:52:31
antiquus|crux|2019-11-28 07:52:41|thesaurus|2019-05-24 19:55:08
voluptatum|debilito|2021-01-22 05:26:29|contra|2026-02-05 13:35:11
quis|paens|2025-08-14 23:09:28|adimpleo|2023-07-23 13:58:04
cibo|cultura|2018-06-14 00:58:07|saepe|2020-01-11 03:13:54
cariosus|defungo|2019-01-02 10:48:48|volutabrum|2020-01-27 16:42:30
corroboro|verumtamen|2023-04-09 00:32:40|appositus|2022-03-24 22:12:03
congregatio|tonsor|2019-03-24 00:43:58|vesica|2019-06-19 03:36:13
vetus|cunctatio|2024-09-22 06:34:28|via|2024-08-04 02:05:10
atque|canis|2024-07-31 04:12:09|coaegresco|2020-02-11 15:40:19
defaeco|auxilium|2017-01-07 12:45:17|depopulo|2018-03-12 17:12:24
voluptates|amissio|2024-02-28 22:26:15|confugo|2022-06-09 01:46:29
accusamus|via|2018-12-15 22:16:32|vomica|2023-11-19 02:15:34
tumultus|cogo|2024-09-09 23:36:13|certus|2024-12-18 09:02:19
assentator|quia|2017-12-09 22:23:50|comis|2018-05-28 02:52:30
mollitia|audeo|2020-07-10 03:48:39|collum|2022-05-06 01:39:05
valde|spargo|2026-08-17 06:12:30|benevolentia|2019-08-27 21:38:44
torqueo|sol|2023-04-19 07:31:05|odio|2021-10-05 08:03:39
spes|vilitas|2022-10-08 17:41:13|adeptio|2026-04-30 10:59:24
debilito|vis|2016-09-29 19:18:43|trado|2017-03-22 13:26:36
sapiente|vivo|2025-03-11 22:56:58|cauda|2019-09-01 19:28:26
aliquid|tui|2019-06-15 11:56:15|quibusdam|2022-10-24 23:32:12
versus|sursum|2025-01-21 04:25:07|ustulo|2017-04-07 07:24:25
adsum|aegrus|2021-08-03 05:42:54|summopere|2018-06-25 08:52:55
turba|cruciamentum|2020-10-30 18:37:19|valeo|2017-05-01 17:11:15
coadunatio|anser|2024-11-21 23:58:57|vix|2025-12-24 23:52:24
solium|paens|2025-02-09 06:47:23|aurum|2025-12-13 08:54:40
aggredior|cimentarius|2025-05-10 04:46:53|confugo|2026-05-26 00:41:27
cunabula|vel|2018-01-31 10:57:23|terminatio|2016-11-14 10:03:07
vox|velociter|2017-03-10 10:35:12|antea|2017-01-15 15:28:36
volo|curatio|2025-02-13 20:53:38|teres|2021-07-09 16:56:29
velit|maxime|2023-02-24 15:49:40|copiose|2021-06-14 10:04:01
altus|depono|2018-02-24 01:23:09|benevolentia|2026-04-07 08:51:26
adflicto|alioqui|2021-07-28 16:16:18|solus|2023-05-22 06:04:36
adimpleo|cunctatio|2017-11-01 05:19:10|subito|2020-04-21 21:11:49
corporis|auditor|2026-04-27 12:13:43|depereo|2024-06-18 17:39:40
vado|attero|2022-03-03 17:36:16|suggero|2022-08-27 11:56:25
terror|communis|2018-02-06 01:18:24|supellex|2020-01-20 07:13:19
denego|vix|2018-12-03 07:04:15|sortitus|2022-08-18 02:30:52
sumptus|accusantium|2022-10-21 18:15:56|stips|2021-01-01 06:58:27
baiulus|sortitus|2023-06-29 07:19:55|deficio|2025-11-06 21:49:27
amicitia|abutor|2024-07-09 14:25:28|templum|2018-11-27 06:07:23
torrens|acidus|2021-04-23 08:50:00|animi|2022-12-25 04:35:48
arto|vomito|2017-05-22 17:07:40|adamo|2020-04-15 02:40:17
comminor|cruciamentum|2023-10-04 04:42:46|deduco|2021-10-03 13:03:27
defleo|undique|2018-07-02 18:39:48|volo|2018-03-24 05:54:00
utique|aetas|2020-09-11 00:42:53|suadeo|2019-05-25 16:36:39